city,state,geoid,portal_cameras,osm_flock_in_limits,ratio,population,median_income,pct_black,pct_hispanic,portal_updated
El Cajon,CA,0621712,103,74,0.7184466019417476,105721.0,64128.0,5.682882303421269,28.28482515299704,2026-09-23
Acworth,GA,1300408,306,32,0.10457516339869281,22318.0,74643.0,22.48409355677032,17.008692535173402,2026-09-23
Adrian,MI,2600440,10,12,1.2,20607.0,40797.0,3.5230746833600235,21.662541854709566,2026-09-22
Ahoskie,NC,3700500,16,3,0.1875,4841.0,38063.0,59.90497831026647,5.515389382359016,2026-09-22
Akron,OH,3901000,146,153,1.047945205479452,190273.0,46596.0,29.29632685667436,3.405107398317155,2026-09-23
Alameda,CA,0600562,36,51,1.4166666666666667,77565.0,129917.0,6.760781280216593,12.089215496680204,2026-09-22
Albany,CA,0600674,35,32,0.9142857142857143,20027.0,124469.0,4.009587057472412,11.819044290208218,2026-09-04
Albany,OR,4101000,4,3,0.75,56348.0,69777.0,0.49336267480655926,14.135373038972102,2026-07-22
Alexandria,MN,2700928,11,9,0.8181818181818182,14400.0,57309.0,0.25,4.416666666666667,2026-09-22
Alexandria,VA,5101000,61,72,1.180327868852459,157594.0,113179.0,20.855489422186125,16.556467885833218,2026-09-23
Alhambra,CA,0600884,54,55,1.0185185185185186,82295.0,80234.0,2.3537274439516374,35.088401482471596,2026-09-23
Alpharetta,GA,1301696,119,97,0.8151260504201681,65884.0,141402.0,11.253111529354623,7.613381094044078,2026-09-23
Altavista,VA,5101528,7,3,0.42857142857142855,3370.0,39761.0,30.771513353115726,1.543026706231454,2026-09-23
Altoona,IA,1901630,51,55,1.0784313725490196,20017.0,89100.0,3.3671379327571564,4.53614427736424,2026-09-23
Altoona,WI,5501550,11,5,0.45454545454545453,8506.0,77002.0,0.5525511403715024,3.068422290148131,2026-08-27
Amherst,OH,3901798,12,9,0.75,12740.0,86250.0,1.978021978021978,6.8995290423861855,2026-09-23
Angier,NC,3701400,13,5,0.38461538461538464,5348.0,54936.0,12.546746447270008,22.213911742707555,2026-09-22
Ankeny,IA,1902305,15,15,1.0,68392.0,101151.0,1.0001169727453503,3.751900807111943,2026-09-22
Anoka,MN,2701720,7,11,1.5714285714285714,17892.0,73118.0,7.740889783143304,6.052984574111335,2026-09-22
Antioch,CA,0602252,18,32,1.7777777777777777,115016.0,90709.0,18.765215274396606,35.10381164359741,2026-09-23
Apex,NC,3701520,8,12,1.5,65541.0,129688.0,7.708152149036481,6.432614699195923,2026-09-23
Apopka,FL,1201700,10,40,4.0,55056.0,87394.0,25.01453065969195,28.36929671607091,2026-09-22
Appleton,WI,5502375,20,16,0.8,75133.0,75469.0,2.623347929671383,6.429930922497438,2026-06-28
Aransas Pass,TX,4803600,10,9,0.9,8720.0,59403.0,3.853211009174312,45.321100917431195,2026-09-18
Arcadia,CA,0602462,50,43,0.86,56181.0,108214.0,1.441768569445186,16.290204873533757,2026-09-22
Arcanum,OH,3902330,5,2,0.4,2790.0,51597.0,1.003584229390681,1.971326164874552,2026-09-23
Argyle,TX,4803768,11,12,1.0909090909090908,4638.0,205246.0,1.1642949547218628,4.182837429926693,2026-09-23
Arlington Heights,IL,1702154,32,33,1.03125,76794.0,113502.0,2.6252050941479803,8.863973747949059,2026-09-23
Arlington,WA,5302585,22,22,1.0,20263.0,89587.0,1.6433894290085378,14.60297093224103,2026-09-22
Arlington,TX,4804000,134,151,1.126865671641791,393469.0,71736.0,22.34864754275432,29.958395705887884,2026-09-22
Arvada,CO,0803455,16,32,2.0,123066.0,106014.0,0.7881949523020167,15.234914598670631,2026-09-22
Ashland,KY,2102368,12,10,0.8333333333333334,21542.0,51250.0,1.4344072045306842,3.0127193389657414,2026-09-23
Ashland,OH,3902568,15,18,1.2,19270.0,56040.0,1.6813700051894136,2.2366372599896214,2026-09-23
Athens,TX,4804504,6,4,0.6666666666666666,12878.0,54828.0,16.997981052958533,30.50163068799503,2026-09-22
Atherton,CA,0603092,53,51,0.9622641509433962,7124.0,250001.0,1.4458169567658619,9.067939359910163,2026-09-22
Aubrey,TX,4804600,58,6,0.10344827586206896,5932.0,93071.0,12.306136210384356,5.2764666217127445,2026-09-23
Auburn,CA,0603204,12,11,0.9166666666666666,13773.0,73074.0,0.5735860015973281,14.738982066361721,2026-09-23
Auburn,IN,1802674,8,12,1.5,13316.0,58635.0,0.06007810153199159,1.1114448783418445,2026-09-23
Auburn,WA,5303180,40,43,1.075,85623.0,87406.0,7.321630870210107,18.982049215748106,2026-09-23
Audubon Park,KY,2102656,2,1,0.5,1412.0,104107.0,3.3994334277620397,2.9745042492917846,2026-09-23
Aurora,CO,0804000,121,270,2.231404958677686,387349.0,78685.0,16.088850106751277,29.684341511143696,2026-09-22
Austell,GA,1304252,15,16,1.0666666666666667,8109.0,64071.0,62.93007769145394,6.9675669009742265,2026-09-23
Aviston,IL,1703181,9,0,0.0,2342.0,99821.0,0.2561912894961571,6.789069171648164,2026-09-23
Avon,IN,1802908,6,26,4.333333333333333,21783.0,98162.0,13.03309920580269,6.899876050130836,2026-09-23
Avon Lake,OH,3903464,11,15,1.3636363636363635,25220.0,103946.0,1.205392545598731,1.8199841395717684,2026-09-23
Bakersfield,CA,0603526,462,166,0.3593073593073593,404321.0,73827.0,6.070176913887728,52.901283880876825,2026-09-22
Baldwin Park,CA,0603666,30,37,1.2333333333333334,71692.0,76002.0,0.8968922613401774,72.7682307649389,2026-09-23
Baraboo,WI,5504625,6,5,0.8333333333333334,12541.0,66592.0,1.1322861015867953,4.010844430268719,2026-09-23
Barling,AR,0503640,8,8,1.0,4833.0,50289.0,2.5036209393751294,9.559279950341402,2026-09-23
Barstow,CA,0604030,87,59,0.6781609195402298,25235.0,52200.0,14.91182880919358,51.57519318406975,2026-09-23
Bartlesville,OK,4004450,8,9,1.125,37314.0,58230.0,3.6367047220882243,6.9464544138929085,2026-09-22
Bartlett,IL,1704013,12,10,0.8333333333333334,40829.0,126555.0,3.8624507090548383,14.952607215459599,2026-09-23
Baton Rouge,LA,2205000,13,135,10.384615384615385,225500.0,50155.0,52.44168514412417,4.3707317073170735,2026-09-22
Bay City,TX,4805984,12,10,0.8333333333333334,17869.0,50212.0,13.47585203424926,57.02613464659466,2026-09-23
Bay Village,OH,3904416,8,7,0.875,16047.0,118816.0,0.6605596061569141,2.7980307845703245,2026-09-23
Baytown,TX,4806128,72,63,0.875,84449.0,61158.0,14.97827090906938,52.237445085199354,2026-09-23
Beardstown,IL,1704351,3,2,0.6666666666666666,5884.0,58804.0,6.424201223657376,38.56220258327668,2026-09-23
Beaumont,CA,0604758,54,58,1.0740740740740742,53544.0,102469.0,9.577170177797699,46.22926938592559,2026-09-23
Bedford,TX,4807132,28,24,0.8571428571428571,49455.0,80924.0,11.667172176726316,17.81013042159539,2026-09-23
Bedford,VA,5105544,14,8,0.5714285714285714,6676.0,41154.0,17.55542240862792,2.516476932294787,2026-09-23
Bee Cave,TX,4807156,2,26,13.0,8771.0,104949.0,1.094516018697982,16.39493786341352,2026-09-23
Beecher,IL,1704585,10,2,0.2,4560.0,98153.0,0.6798245614035088,12.192982456140351,2026-09-22
Bell,CA,0604870,11,9,0.8181818181818182,33377.0,56685.0,2.4837462923570124,89.14222368697007,2026-09-22
Bell Gardens,CA,0604996,23,13,0.5652173913043478,39263.0,53935.0,1.1155540839976568,96.09810763314061,2026-09-23
Bellaire,TX,4807300,44,31,0.7045454545454546,17163.0,215636.0,1.4391423410825612,10.88970459709841,2026-09-23
Belle Isle,FL,1205300,14,13,0.9285714285714286,7020.0,111836.0,4.444444444444445,16.723646723646723,2026-09-23
Bellefontaine,OH,3905130,16,13,0.8125,13785.0,58402.0,4.040623866521582,3.054044250997461,2026-09-23
Bellevue,ID,1606220,2,3,1.5,2554.0,70089.0,0.0,24.90211433046202,2026-09-23
Bellevue,KY,2105446,8,7,0.875,5596.0,66741.0,1.0364546104360257,4.4674767691208,2026-09-23
Belmont,CA,0605108,10,9,0.9,27820.0,185944.0,1.4521926671459382,13.835370237239395,2026-09-22
Belpre,OH,3905424,3,4,1.3333333333333333,6690.0,47474.0,0.852017937219731,2.705530642750374,2026-09-23
Belton,MO,2904384,12,25,2.0833333333333335,24241.0,68030.0,5.973350934367394,8.073099294583557,2026-09-23
Belton,TX,4807492,18,15,0.8333333333333334,23137.0,57025.0,8.173056143838872,27.548947573151228,2026-09-23
Belvedere,CA,0605164,6,3,0.5,2327.0,250001.0,0.5156854318865493,5.58659217877095,2026-09-22
Benicia,CA,0605290,50,50,1.0,27040.0,124375.0,3.5502958579881656,15.025887573964496,2026-09-23
Bentonville,AR,0505320,24,13,0.5416666666666666,54513.0,99074.0,3.8101003430374405,10.010456221451763,2026-09-22
Berkeley,CA,0606000,52,83,1.5961538461538463,121385.0,104716.0,7.5404704040861725,12.072331836717881,2026-09-23
Berwyn,IL,1705573,35,31,0.8857142857142857,56556.0,71300.0,8.216634839804795,61.019166843482566,2026-09-23
Bessemer City,NC,3705220,9,8,0.8888888888888888,5472.0,44440.0,10.105994152046783,8.717105263157896,2026-09-23
Bethany,IL,1705612,2,4,2.0,1227.0,50238.0,0.0,2.037489812550937,2026-09-22
Bettendorf,IA,1906355,65,10,0.15384615384615385,38997.0,100570.0,1.679616380747237,5.020899043516168,2026-09-22
Beverly Hills,CA,0606308,118,72,0.6101694915254238,32406.0,116771.0,1.6632722335369994,7.088193544405357,2026-09-23
Beverly,MA,2505595,4,5,1.25,42414.0,99525.0,2.3718583486584617,6.462488800867638,2026-09-23
Bexley,OH,3906278,10,12,1.2,13537.0,138929.0,4.2328433183127725,4.070325773805127,2026-09-22
Blaine,MN,2706382,31,39,1.2580645161290323,70047.0,100659.0,7.166616700215569,4.776792724884721,2026-09-23
Blairsville,GA,1308480,2,0,0.0,736.0,21827.0,13.179347826086957,15.217391304347826,2026-09-22
Bloomfield,NM,3507880,10,8,0.8,7430.0,49442.0,0.47106325706594887,30.484522207267833,2026-09-22
Blue Ash,OH,3907300,44,36,0.8181818181818182,13325.0,113558.0,10.221388367729832,2.2439024390243905,2026-09-23
Blue Island,IL,1706704,14,6,0.42857142857142855,22934.0,57537.0,33.18217493677509,44.76323362692945,2026-09-22
Blue Springs,MO,2906652,164,75,0.4573170731707317,58720.0,82965.0,6.718324250681199,6.948228882833788,2026-09-22
Bluffton,IN,1806220,4,6,1.5,10461.0,56955.0,2.6574897237357806,5.037759296434375,2026-09-23
Boerne,TX,4809160,17,16,0.9411764705882353,18475.0,82982.0,0.8822733423545331,30.32746955345061,2026-09-23
Boiling Springs,NC,3706800,4,4,1.0,4622.0,90625.0,13.717005625270446,6.46906101254868,2026-09-23
Bolingbrook,IL,1707133,26,20,0.7692307692307693,73755.0,102057.0,17.739814249881363,27.176462612704224,2026-09-22
Bonney Lake,WA,5307170,22,19,0.8636363636363636,22590.0,123462.0,1.2616201859229748,10.783532536520584,2026-09-22
Boone,NC,3707080,3,16,5.333333333333333,19368.0,28242.0,2.55059892606361,4.672655927302768,2026-09-22
Boonsboro,MD,2408625,14,2,0.14285714285714285,3785.0,96111.0,6.842800528401585,1.1889035667107002,2026-09-19
Boston Heights,OH,3907790,8,4,0.5,1242.0,109545.0,1.1272141706924315,0.966183574879227,2026-09-23
Boulder,CO,0807850,31,55,1.7741935483870968,106598.0,80243.0,1.015028424548303,10.74316591305653,2026-09-23
Bourbonnais,IL,1707471,12,12,1.0,18125.0,77738.0,9.837241379310345,8.253793103448276,2026-09-22
Bowling Green,MO,2907660,4,6,1.5,4149.0,44338.0,11.90648348999759,1.0363943118823813,2026-09-23
Bradley,IL,1707744,14,15,1.0714285714285714,15379.0,59746.0,7.016060862214708,10.624878080499382,2026-09-22
Bratenahl,OH,3908336,10,4,0.4,1422.0,162625.0,16.526019690576653,2.8832630098452885,2026-09-22
Brawley,CA,0608058,41,37,0.9024390243902439,26509.0,56229.0,0.2829227809423215,84.55996076804104,2026-09-23
Breese,IL,1707913,5,2,0.4,4376.0,63224.0,0.06855575868372943,4.159049360146252,2026-09-23
Bremen,GA,1310132,14,8,0.5714285714285714,7209.0,88545.0,3.620474406991261,0.0,2026-09-23
Bremen,IN,1807318,5,5,1.0,4667.0,63179.0,0.042854081851296334,21.0413541889865,2026-09-23
Brentwood,MO,2908236,10,22,2.2,8173.0,89688.0,3.511562461764346,1.5294261593050287,2026-09-23
Brewster,OH,3908504,7,4,0.5714285714285714,2093.0,54028.0,1.1466794075489728,0.0,2026-09-22
Bridgewater,VA,5109656,5,4,0.8,6575.0,72051.0,2.783269961977186,5.216730038022813,2026-09-22
Brisbane,CA,0608310,16,14,0.875,4756.0,137583.0,0.021026072329688814,22.939444911690497,2026-09-23
Bristol,CT,0908420,14,13,0.9285714285714286,61052.0,82094.0,6.807311799777239,20.266330341348358,2026-09-23
Broadway,VA,5110040,8,7,0.875,4169.0,62123.0,0.0,8.827056848165027,2026-09-22
Brook Park,OH,3909288,18,10,0.5555555555555556,18509.0,64046.0,5.289318709816846,6.710249068020963,2026-09-22
Brooklyn Center,MN,2707948,9,26,2.888888888888889,33109.0,70692.0,31.54731341931197,14.956658310429189,2026-09-23
Brookneal,VA,5110296,4,1,0.25,1225.0,42019.0,34.93877551020408,0.40816326530612246,2026-09-23
Brookville,OH,3909358,18,7,0.3888888888888889,6035.0,59158.0,1.0107705053852527,0.8450704225352113,2026-09-23
Broomfield,CO,0809280,6,68,11.333333333333334,73946.0,117541.0,1.1995239769561572,13.181240364590376,2026-09-23
Bryan,TX,4810912,22,34,1.5454545454545454,84820.0,55234.0,16.68592313133695,40.52935628389531,2026-09-22
Bryant,AR,0509460,9,21,2.3333333333333335,20750.0,76282.0,15.137349397590361,4.448192771084337,2026-09-22
Buckeye,AZ,0407940,72,68,0.9444444444444444,95042.0,94188.0,5.115633088529282,44.64868163548747,2026-09-22
Buda,TX,4811080,6,14,2.3333333333333335,14997.0,105378.0,1.0002000400080016,31.919717276788692,2026-09-23
Buena Park,CA,0608786,18,11,0.6111111111111112,83542.0,101586.0,2.1486198558808742,40.03734648440305,2026-09-23
Burbank,CA,0608954,57,61,1.0701754385964912,106389.0,91455.0,2.922294598125746,24.21020970213086,2026-09-23
Burlingame,CA,0609066,18,21,1.1666666666666667,30995.0,165940.0,1.203419906436522,13.62477819003065,2026-09-22
Burlington,IA,1909550,12,15,1.25,23976.0,51628.0,5.739072405739073,4.600433767100434,2026-09-22
Burr Ridge,IL,1709980,43,20,0.46511627906976744,11131.0,174342.0,0.3324049950588447,4.851316144102057,2026-09-22
Cabot,AR,0510300,9,9,1.0,26543.0,69094.0,3.7410993482274044,5.553253211769581,2026-09-22
Caldwell,ID,1612250,89,45,0.5056179775280899,61212.0,65259.0,0.3839116513102006,37.90923348363066,2026-09-22
Calistoga,CA,0609892,6,6,1.0,5191.0,96667.0,0.5586592178770949,39.221729917164325,2026-09-22
Campbell,CA,0610345,19,21,1.105263157894737,43464.0,141794.0,1.5645131603165838,17.600773053561568,2026-09-22
Capitola,CA,0611040,10,10,1.0,9921.0,91850.0,0.03023888720895071,27.214998488055638,2026-09-23
Carlisle,IA,1910765,5,1,0.2,4116.0,94214.0,0.4616132167152575,2.186588921282799,2026-09-22
Carlyle,IL,1711228,6,1,0.16666666666666666,3252.0,65286.0,2.644526445264453,1.4145141451414514,2026-09-23
Carolina Beach,NC,3710500,5,6,1.2,6583.0,87159.0,0.0,5.423059395412426,2026-09-23
Carrollton,OH,3912280,5,7,1.4,3270.0,62444.0,1.437308868501529,0.581039755351682,2026-09-23
Carrollton,TX,4813024,67,76,1.1343283582089552,132284.0,95380.0,9.958120407607874,31.89425780895649,2026-09-23
Casa Grande,AZ,0410530,92,109,1.184782608695652,55186.0,64535.0,3.6277316710759977,44.62182437574747,2026-09-22
Casey,IL,1711618,5,1,0.2,2294.0,46296.0,0.3923278116826504,5.361813426329555,2026-09-23
Castle Hills,TX,4813276,12,11,0.9166666666666666,3982.0,102768.0,0.45203415369161226,49.42240080361627,2026-09-23
Castle Rock,CO,0812415,32,64,2.0,74065.0,135985.0,0.7155876594882873,10.679808276513873,2026-09-22
Cathedral City,CA,0612048,35,41,1.1714285714285715,51964.0,63209.0,1.6280501885921022,58.935031945192826,2026-09-22
Cayuga Heights,NY,3613079,4,3,0.75,4044.0,121202.0,2.893175074183976,11.572700296735905,2026-09-22
Cedar Bluff,VA,5113784,4,4,1.0,1210.0,41094.0,0.0,0.0,2026-09-23
Cedar Lake,IN,1811062,4,1,0.25,14215.0,84444.0,0.10552233556102708,3.341540626099191,2026-09-23
Cedar Rapids,IA,1912000,70,73,1.042857142857143,136929.0,66895.0,8.448173871130294,4.287623512915452,2026-09-22
Celina,TX,4813684,48,39,0.8125,21501.0,142643.0,5.743918887493605,16.613180782289195,2026-09-22
Centerton,AR,0512820,17,2,0.11764705882352941,18655.0,104464.0,5.2479228088984184,10.142053068882337,2026-09-04
Central Falls,RI,4414140,10,3,0.3,22359.0,43092.0,6.887606780267454,69.08627398363075,2026-09-23
Central,LA,2213960,11,15,1.3636363636363635,29518.0,82714.0,8.388102174944102,2.6153533437224743,2026-09-22
Centralia,WA,5311160,17,17,1.0,18234.0,50422.0,0.8665131073818142,17.7799714818471,2026-09-22
Chadbourn,NC,3711640,24,1,0.041666666666666664,1548.0,23477.0,58.01033591731266,3.746770025839793,2026-09-22
Chadron,NE,3108605,3,3,1.0,5255.0,53728.0,3.691722169362512,2.7783063748810655,2026-09-22
Chamblee,GA,1315172,413,100,0.24213075060532688,29980.0,76682.0,18.202134756504336,34.59973315543696,2026-09-22
Champaign,IL,1712385,85,84,0.9882352941176471,88628.0,58273.0,17.019452091889697,6.20345714672564,2026-09-22
Champlin,MN,2710846,7,0,0.0,23666.0,113570.0,9.549564776472577,1.4746894278712077,2026-09-23
Chardon,OH,3913554,7,9,1.2857142857142858,5248.0,86480.0,1.4291158536585367,1.9435975609756098,2026-06-01
Charlottesville,VA,5114968,2,0,0.0,46289.0,67177.0,16.98459677245134,5.843720970424939,2026-09-23
Chase City,VA,5114984,1,1,1.0,2339.0,46596.0,40.316374519025224,1.6673792218896966,2026-09-22
Chatham,IL,1712684,19,3,0.15789473684210525,14437.0,104000.0,2.223453626099605,1.2606497194708042,2026-09-23
Chesapeake,VA,5116000,67,87,1.2985074626865671,249377.0,92703.0,28.57681341904025,7.048765523685023,2026-09-22
Chesterfield,MO,2913600,11,45,4.090909090909091,49645.0,137052.0,3.4081982072716284,3.2087823547185015,2026-07-22
Cheyenne,WY,5613900,23,29,1.2608695652173914,64795.0,74989.0,2.578902693109036,16.456516706535997,2026-09-23
Chilhowie,VA,5116480,4,2,0.5,2371.0,60313.0,4.217629692113032,3.753690425980599,2026-09-22
Chino Valley,AZ,0412840,6,4,0.6666666666666666,13120.0,55682.0,0.4573170731707317,16.242378048780488,2026-09-22
Christiansburg,VA,5116608,3,9,3.0,22947.0,71468.0,5.395040746067024,3.002571142197237,2026-09-22
Chula Vista,CA,0613392,150,124,0.8266666666666667,276103.0,101984.0,4.852899099249194,60.169212214282354,2026-09-23
Cibolo,TX,4814920,77,51,0.6623376623376623,32640.0,116510.0,15.168504901960784,27.714460784313726,2026-09-23
Citrus Heights,CA,0613588,75,68,0.9066666666666666,87127.0,75022.0,2.8429763448758707,19.664397947823293,2026-09-22
Franklin,VA,5129600,32,14,0.4375,8194.0,57537.0,51.40346595069563,3.2828899194532584,2026-09-22
Lemoore,CA,0641152,20,13,0.65,26955.0,78366.0,4.8154331292895565,44.75236505286589,2026-09-22
Peoria,AZ,0454050,75,95,1.2666666666666666,191292.0,86759.0,3.2761432783388744,21.43529264161596,2026-09-22
Riverside,CA,0662000,119,133,1.1176470588235294,316076.0,83448.0,5.397436059681849,55.362317923537375,2026-09-22
Willard,MO,2979882,19,16,0.8421052631578947,6342.0,76500.0,0.0315357931251971,2.507095553453169,2026-08-26
Claremont,CA,0613756,6,4,0.6666666666666666,36891.0,115091.0,5.437640616952645,24.350112493562115,2026-09-23
Clarksville,VA,5116992,3,3,1.0,1629.0,59375.0,15.899324739103745,1.9643953345610805,2026-09-22
Clayton,DE,1015440,4,3,0.75,3978.0,98367.0,41.55354449472097,8.672699849170437,2026-09-23
Clayton,MO,2914572,20,23,1.15,17212.0,125829.0,8.587032303044388,3.3987915407854983,2026-09-23
Clear Lake,IA,1914025,11,9,0.8181818181818182,7642.0,66900.0,0.4710808688824915,3.205967024339178,2026-09-22
Clearlake,CA,0613945,30,16,0.5333333333333333,16612.0,41047.0,4.3221767397062365,30.3214543703347,2026-09-22
Clinton,IA,1914430,8,10,1.25,24524.0,55196.0,5.121513619311695,4.787147284292938,2026-09-23
Clive,IA,1914520,20,20,1.0,18576.0,124908.0,4.974160206718346,9.781438415159345,2026-09-23
Clover,SC,4515355,7,5,0.7142857142857143,6800.0,63649.0,15.455882352941176,12.058823529411764,2026-09-23
Cloverdale,CA,0614190,8,8,1.0,8964.0,96894.0,0.33467202141900937,36.60196340919232,2026-09-23
Erie,CO,0824950,24,35,1.4583333333333333,30447.0,154509.0,0.14451341675698756,10.710414819194009,2026-09-22
Lafayette,CO,0841835,30,32,1.0666666666666667,30295.0,105819.0,0.7162898168014524,16.725532266050504,2026-09-23
Coldwater,MI,2617020,5,5,1.0,13704.0,48531.0,5.027729130180969,8.304144775248103,2026-09-23
College Place,WA,5313855,8,7,0.875,9796.0,60417.0,0.3674969375255206,18.129848917925685,2026-09-23
College Station,TX,4815976,90,80,0.8888888888888888,120451.0,52397.0,7.752530074470116,17.86535603689467,2026-09-22
Collegedale,TN,4716300,6,14,2.3333333333333335,11001.0,69942.0,11.608035633124262,11.362603399690936,2026-09-22
Colleyville,TX,4815988,19,21,1.105263157894737,25876.0,196298.0,3.7950224145926725,8.154274230947596,2026-09-22
Colma,CA,0614736,11,7,0.6363636363636364,1376.0,123864.0,2.979651162790698,40.69767441860465,2026-09-23
Colonial Beach,VA,5118400,4,3,0.75,3895.0,55731.0,9.011553273427472,1.10397946084724,2026-09-23
Colonial Heights,VA,5118448,14,12,0.8571428571428571,18158.0,72216.0,16.571208282850534,7.247494217424826,2026-09-22
Colton,CA,0614890,41,34,0.8292682926829268,53959.0,66725.0,8.821512629959784,72.77747919716822,2026-09-22
Columbia Heights,MN,2712700,5,9,1.8,21822.0,70470.0,23.801668041426083,12.904408395197507,2026-09-22
Columbia,MO,2915670,114,111,0.9736842105263158,126172.0,60455.0,11.084075706178867,3.8796246393811624,2026-09-22
Columbus,NC,3713980,4,5,1.25,1087.0,53333.0,2.0239190432382705,21.8951241950322,2026-09-23
Columbus,WI,5516450,4,4,1.0,5481.0,65727.0,1.8244845831052727,1.4230979748221126,2026-09-23
Commerce City,CO,0816495,88,58,0.6590909090909091,63050.0,96484.0,3.7287866772402856,48.434575733544804,2026-09-23
Conroe,TX,4816432,56,79,1.4107142857142858,92475.0,71630.0,11.25168964585023,28.987293863206272,2026-09-23
Conway,AR,0515190,20,32,1.6,65159.0,54036.0,18.418023603799934,5.133596279869243,2026-09-23
Conyers,GA,1319336,142,51,0.3591549295774648,17415.0,53500.0,62.88831467126041,10.502440424921046,2026-09-22
Coon Rapids,MN,2713114,14,31,2.2142857142857144,63296.0,85445.0,9.044805358948432,4.480535894843276,2026-09-23
Coralville,IA,1916230,2,11,5.5,22494.0,67691.0,13.923712990130701,4.210011558637859,2026-02-25
Corcoran,MN,2713168,9,7,0.7777777777777778,6549.0,155385.0,1.1757520232096503,1.0688654756451366,2026-09-22
Corinth,TX,4816696,13,12,0.9230769230769231,22502.0,116083.0,9.354724024531153,14.487601102124255,2026-09-23
Corona,CA,0616350,282,78,0.2765957446808511,158346.0,103727.0,5.482929786669698,48.39149710128453,2026-09-23
Coronado,CA,0616378,9,9,1.0,18871.0,125558.0,3.42854114779291,20.179110804938794,2026-09-22
Corydon,IN,1815256,4,3,0.75,3153.0,54125.0,2.6324135743736123,6.470028544243577,2026-09-23
Costa Mesa,CA,0616532,46,78,1.6956521739130435,111490.0,104981.0,1.2781415373576106,36.22567046371872,2026-09-22
Cottage Grove,WI,5517175,12,11,0.9166666666666666,7567.0,123750.0,0.4889652438218581,5.246464913439937,2026-09-23
Council Bluffs,IA,1916860,37,26,0.7027027027027027,62670.0,61181.0,2.016913993936493,10.29041008456997,2026-09-22
Covina,CA,0616742,26,25,0.9615384615384616,50717.0,89650.0,3.2829228858173787,61.754441311591776,2026-09-22
Coweta,OK,4017800,2,3,1.5,9903.0,57166.0,4.705644754114915,4.715742704231041,2026-09-05
Cranston,RI,4419180,36,32,0.8888888888888888,82691.0,83123.0,4.504722400261214,18.29461489158433,2026-09-23
Crystal Lake,IL,1717887,12,12,1.0,40463.0,103018.0,0.8872303091713417,11.511751476657688,2026-09-23
Crystal Springs,MS,2817060,10,8,0.8,4820.0,44653.0,64.10788381742739,5.933609958506224,2026-09-22
Culpeper,VA,5120752,18,12,0.6666666666666666,20105.0,86940.0,18.43819945287242,20.46754538671972,2026-09-22
Culver City,CA,0617568,52,41,0.7884615384615384,40357.0,114429.0,7.7632133211091015,20.251753103550808,2026-09-23
Cumberland,WI,5518025,4,4,1.0,2714.0,42760.0,0.0,10.906411201179072,2026-09-22
Dagsboro,DE,1018950,2,1,0.5,1338.0,65625.0,9.715994020926756,6.4275037369207775,2026-09-23
Dallas,TX,4819000,694,914,1.3170028818443804,1300642.0,63985.0,23.290421191995954,42.39806188020993,2026-09-23
Dalton,GA,1321380,13,10,0.7692307692307693,34358.0,57163.0,5.206938704231911,51.49019151289365,2026-09-22
Damascus,VA,5121184,3,0,0.0,767.0,33750.0,0.0,1.0430247718383312,2026-09-23
Danville,CA,0617988,51,33,0.6470588235294118,43449.0,209518.0,0.5546732951276209,6.952979355105986,2026-09-22
Danville,VA,5121344,21,20,0.9523809523809523,42507.0,41484.0,49.916484343755144,4.914484673112664,2026-09-22
Darien,IL,1718628,12,14,1.1666666666666667,21953.0,110546.0,2.2457067371202113,7.953354894547442,2026-09-23
Davenport,IA,1919000,10,11,1.1,101448.0,59890.0,10.837079094708619,9.06868543490261,2026-09-23
Davidson,NC,3716400,24,15,0.625,15199.0,140938.0,8.178169616422133,3.4541746167511023,2026-09-23
Dayton,MN,2715022,7,0,0.0,7745.0,138654.0,4.622336991607488,6.0942543576500965,2026-09-23
Dayton,OH,3921000,174,79,0.4540229885057471,137305.0,41443.0,37.87917410145297,5.223407741888496,2026-09-23
Deephaven,MN,2715148,4,4,1.0,3852.0,164149.0,0.0778816199376947,2.1806853582554515,2026-09-22
Deer Park,TX,4819624,11,6,0.5454545454545454,34046.0,89219.0,2.16471832226987,41.58785173001234,2026-09-22
DeKalb,IL,1719161,9,7,0.7777777777777778,40697.0,47410.0,14.529326485981768,16.116667076197263,2026-09-22
Del City,OK,4019900,10,10,1.0,21682.0,48200.0,21.02665805737478,13.64265289179965,2026-09-22
Delafield,WI,5519400,9,8,0.8888888888888888,7181.0,99239.0,1.3229355243002368,4.692939701991366,2026-09-23
Delano,CA,0618394,45,28,0.6222222222222222,50498.0,53639.0,4.130856667590796,75.72775159412254,2026-09-23
Delmar,MD,2422600,1,1,1.0,3897.0,69028.0,16.602514754939698,9.494482935591481,2026-09-23
Delphi,IN,1817614,5,2,0.4,2985.0,47688.0,0.20100502512562815,15.577889447236181,2026-09-22
Denton,TX,4819972,10,63,6.3,142262.0,71921.0,11.291841812992928,24.136452460952327,2026-09-23
Derby,KS,2017800,16,16,1.0,25551.0,79581.0,1.3972055888223553,10.86845916011115,2026-09-23
Des Moines,WA,5317635,14,12,0.8571428571428571,32667.0,81362.0,9.5692901092846,18.207977469617656,2026-09-22
Desert Hot Springs,CA,0618996,26,24,0.9230769230769231,32386.0,45863.0,8.583956030383499,61.09121225220775,2026-09-23
Detroit Lakes,MN,2715832,6,5,0.8333333333333334,9966.0,60317.0,0.7425245835841863,0.02006823198876179,2026-09-23
DeWitt,IA,1921180,7,9,1.2857142857142858,5508.0,66653.0,0.9077705156136529,1.9970951343500363,2026-09-23
Dillard,GA,1322976,3,3,1.0,284.0,47500.0,0.0,6.338028169014085,2026-09-22
Dinuba,CA,0619318,8,5,0.625,24713.0,54590.0,0.31157690284465667,89.59252215433173,2026-09-23
Dixon,CA,0619402,31,22,0.7096774193548387,19071.0,92138.0,2.1236432279377064,41.10953804205338,2026-09-22
Dodge City,KS,2018250,21,16,0.7619047619047619,27721.0,66932.0,2.2473936726669312,65.31149669925327,2026-09-22
Doraville,GA,1323536,55,62,1.1272727272727272,10691.0,59636.0,5.640258161070059,45.12206528856047,2026-09-23
Douglasville,GA,1323900,53,54,1.0188679245283019,35252.0,72753.0,62.52978554408261,8.098831271984569,2026-09-23
Dublin,CA,0620018,123,50,0.4065040650406504,71068.0,191039.0,4.186131592277818,10.06219395508527,2026-09-22
Dublin,GA,1324376,81,31,0.38271604938271603,15985.0,37734.0,66.06193306224586,0.9821707851110416,2026-09-23
Dublin,OH,3922694,34,43,1.2647058823529411,48893.0,158363.0,1.6300901969607102,4.2500971509214,2026-09-22
Dublin,VA,5123648,4,4,1.0,2673.0,58667.0,12.644968200523756,3.2173587729143285,2026-09-22
Dubuque,IA,1922395,22,21,0.9545454545454546,59315.0,63520.0,4.027648992666273,2.8407654050408833,2026-09-23
Duck,NC,3718060,4,3,0.75,686.0,122500.0,0.0,1.6034985422740524,2026-09-23
Duncan,OK,4021900,15,13,0.8666666666666667,22759.0,55162.0,2.495715980491234,11.09011819499978,2026-09-22
Dunwoody,GA,1324768,81,117,1.4444444444444444,51458.0,106710.0,11.90096777954837,9.137549069143768,2026-09-22
Dwight,IL,1721358,11,4,0.36363636363636365,3814.0,66948.0,1.1012060828526482,9.202936549554273,2026-09-22
Earlham,IA,1923340,5,2,0.4,1367.0,103977.0,2.267739575713241,0.731528895391368,2026-09-23
East Palo Alto,CA,0620956,25,25,1.0,29520.0,103248.0,12.706639566395664,60.99254742547426,2026-09-23
East Peoria,IL,1722164,19,23,1.2105263157894737,22552.0,73720.0,0.9400496630010642,2.8334515785739622,2026-09-23
East Providence,RI,4422960,22,18,0.8181818181818182,47012.0,71736.0,5.45179954054284,8.185144218497404,2026-09-22
East Wenatchee,WA,5320155,14,9,0.6428571428571429,14065.0,78312.0,0.3981514397440455,34.568076786349096,2026-09-22
Eaton,CO,0822860,8,4,0.5,5763.0,102314.0,0.0,23.650876279715426,2026-09-22
Edgewater,CO,0823135,6,6,1.0,5002.0,71964.0,2.4390243902439024,39.84406237504998,2026-09-22
Edina,MN,2718188,22,44,2.0,53037.0,125506.0,2.839527122574806,3.1487452156042006,2026-09-23
Edinburg,TX,4822660,31,42,1.3548387096774193,100964.0,54139.0,1.896715661027693,86.88740541182996,2026-09-22
Edmond,OK,4023200,14,36,2.5714285714285716,94503.0,96389.0,5.25485963408569,6.508788080801668,2026-09-22
Edmonds,WA,5320750,19,15,0.7894736842105263,42705.0,110057.0,1.9903992506732233,6.462943449244819,2026-05-13
Effingham,IL,1722736,6,10,1.6666666666666667,12244.0,62358.0,1.437438745508004,4.157138190133943,2026-09-22
El Cerrito,CA,0621796,40,0,0.0,25869.0,120414.0,4.689010011983455,12.760446866906335,2026-06-01
El Paso,TX,4824000,150,177,1.18,677181.0,55710.0,3.126047541203903,81.57848492500528,2026-09-23
El Segundo,CA,0622412,17,13,0.7647058823529411,17081.0,142596.0,4.788946782975236,18.77524735085768,2026-09-23
Elgin,SC,4523245,2,3,1.5,2065.0,83611.0,13.41404358353511,4.50363196125908,2026-09-22
Elizabethtown,KY,2124274,45,66,1.4666666666666666,31425.0,54493.0,11.070803500397773,4.817820206841686,2026-09-23
Elizabethtown,NC,3720600,10,3,0.3,3304.0,24081.0,42.039951573849876,4.661016949152542,2026-09-22
Elk River,MN,2718674,18,20,1.1111111111111112,25936.0,95597.0,3.8209438618136953,3.678285009253547,2026-09-22
Ellensburg,WA,5321240,13,13,1.0,19003.0,53730.0,1.2945324422459612,12.00863021628164,2026-09-23
Ellijay,GA,1327092,7,6,0.8571428571428571,1750.0,37227.0,1.4285714285714286,23.6,2026-09-23
Elloree,SC,4523470,10,3,0.3,993.0,30967.0,54.884189325276935,0.0,2026-09-23
Elmira,NY,3624229,39,42,1.0769230769230769,26494.0,41073.0,10.666566014946781,6.095719785611837,2026-09-22
Elmore,OH,3925144,2,4,2.0,1601.0,69583.0,0.0,13.366645846346033,2026-09-22
Elmwood Park,IL,1723724,11,0,0.0,24281.0,75784.0,2.013920349244265,34.45904204933899,2026-09-23
Elyria,OH,3925256,25,32,1.28,52780.0,49569.0,12.24706328154604,9.937476316786661,2026-09-23
Emeryville,CA,0622594,16,33,2.0625,12840.0,114345.0,16.05140186915888,9.25233644859813,2026-09-23
Eminence,KY,2124904,4,1,0.25,2705.0,48793.0,4.473197781885397,10.388170055452864,2026-09-22
Emporia,VA,5125808,444,18,0.04054054054054054,5680.0,41442.0,60.316901408450704,4.683098591549296,2026-09-22
Escondido,CA,0622804,8,24,3.0,151114.0,77554.0,2.1162830710589358,52.01238799846473,2026-09-23
Euharlee,GA,1327988,14,12,0.8571428571428571,4258.0,92766.0,16.39267261625176,2.7712541099107564,2026-09-23
Eureka,IL,1724543,8,2,0.25,5504.0,48250.0,1.6715116279069768,4.087936046511628,2026-09-23
Eutawville,SC,4524100,5,0,0.0,396.0,80000.0,37.121212121212125,0.25252525252525254,2026-09-22
Evanston,IL,1724582,6,3,0.5,77181.0,93188.0,16.085565100218965,11.289047822650652,2026-02-25
Evansville,IN,1822000,56,32,0.5714285714285714,116906.0,49853.0,13.610079893247567,3.475441807948266,2026-09-22
Evendale,OH,3925802,20,14,0.7,2663.0,158618.0,4.130679684566279,2.853924145700338,2026-09-23
Everett,WA,5322640,81,71,0.8765432098765432,110847.0,77806.0,6.370943733253944,16.85747020668128,2026-09-22
Evergreen Park,IL,1724634,56,45,0.8035714285714286,19730.0,92266.0,22.64571718195641,15.529650278763304,2026-09-23
Excelsior Springs,MO,2923086,16,12,0.75,10546.0,74196.0,5.442821923003983,6.049687085150768,2026-09-22
Exmore,VA,5126416,4,4,1.0,1744.0,39293.0,40.88302752293578,16.68577981651376,2026-09-23
Fair Oaks Ranch,TX,4825168,8,10,1.25,9917.0,150237.0,6.8972471513562565,14.581022486639105,2026-09-23
Fairborn,OH,3925914,15,17,1.1333333333333333,34494.0,53783.0,9.039253203455674,4.047080651707543,2026-09-22
Fairfax,VA,5126496,23,39,1.6956521739130435,24242.0,128708.0,5.86997772461018,18.137942413992246,2026-09-23
Fairfax,OH,3925942,5,4,0.8,1661.0,70750.0,3.9735099337748343,4.7561709813365445,2026-09-23
Fairfield,CA,0623182,231,60,0.2597402597402597,119420.0,98857.0,15.140679953106682,29.89281527382348,2026-09-23
Fairfield,OH,3925970,59,62,1.0508474576271187,44602.0,67182.0,17.43195372404825,7.358414420877987,2026-09-23
Fargo,ND,3825700,21,37,1.7619047619047619,127319.0,64432.0,8.481844814992263,3.211618061718989,2026-09-23
Faribault,MN,2720546,10,10,1.0,24418.0,58881.0,14.763698910639691,14.54255057744287,2026-09-23
Farmers Branch,TX,4825452,47,53,1.127659574468085,35985.0,88282.0,7.908850910101431,44.31012922050854,2026-09-23
Fernandina Beach,FL,1222175,4,2,0.5,13028.0,86494.0,9.924777402517654,12.296591955787534,2026-09-04
Festus,MO,2924094,9,16,1.7777777777777777,12772.0,65942.0,3.311932352020044,3.9069840275602883,2026-09-23
Firestone,CO,0826600,19,24,1.263157894736842,16704.0,106960.0,0.3771551724137931,27.592193486590038,2026-09-23
Fitchburg,WI,5525950,3,2,0.6666666666666666,29826.0,87253.0,7.423053711526856,13.957620867699323,2026-09-22
Flagstaff,AZ,0423620,32,19,0.59375,76177.0,65652.0,1.7367446867164629,19.148824448324298,2026-06-01
Florence,AZ,0423760,5,6,1.2,25783.0,74025.0,9.812667261373774,34.840786564790754,2026-09-22
Florence,OR,4126050,6,5,0.8333333333333334,9384.0,57568.0,1.6304347826086956,5.104433077578857,2026-09-23
Florence,SC,4525810,54,48,0.8888888888888888,39931.0,56031.0,50.336831033532846,2.4316946733114624,2026-09-23
Flossmoor,IL,1726571,11,16,1.4545454545454546,9405.0,140703.0,62.5518341307815,2.3179160021265286,2026-09-23
Folly Beach,SC,4526035,2,2,1.0,1020.0,88424.0,0.0,0.0,2026-09-23
Fond du Lac,WI,5526275,14,13,0.9285714285714286,44527.0,58675.0,3.070047386978687,7.469625171244414,2026-09-22
Fontana,CA,0624680,50,99,1.98,209279.0,93230.0,8.014659855981728,68.96678596514701,2026-09-22
Forest Heights,MD,2428725,24,5,0.20833333333333334,2641.0,94555.0,51.30632336236274,31.541082923135175,2026-09-23
Forest Hill,TX,4826544,9,3,0.3333333333333333,13810.0,58713.0,42.302679217958,48.247646632874726,2026-09-22
Forest Lake,MN,2721770,17,16,0.9411764705882353,20553.0,91157.0,3.1041697075852674,5.945604048070841,2026-09-23
Forest Park,OH,3927706,35,48,1.3714285714285714,20005.0,63690.0,54.59135216195951,11.5071232191952,2026-09-23
Fort Bragg,CA,0625058,7,9,1.2857142857142858,7007.0,47662.0,0.0,33.223918938204655,2026-09-23
Fort Collins,CO,0827425,15,24,1.6,168758.0,78977.0,1.2034985008118133,12.366821128479835,2026-06-01
Fort Smith,AR,0524550,45,37,0.8222222222222222,89315.0,50799.0,8.025527626938365,19.617085595924536,2026-09-22
Fort Walton Beach,FL,1224475,16,9,0.5625,20919.0,61820.0,10.856159472250107,11.13341937951145,2026-09-23
Fort Wayne,IN,1825000,40,85,2.125,264514.0,58233.0,14.998828039347634,9.676236418488246,2026-09-23
Fountain,CO,0827865,25,24,0.96,29498.0,80311.0,8.448030374940673,27.428978235812597,2026-09-23
Fountain Valley,CA,0625380,10,12,1.2,56754.0,108860.0,0.7153680797829228,17.077210416886917,2026-09-22
Franklin,NJ,3424930,28,0,0.0,4933.0,87558.0,1.1149401986620717,15.061828501925806,2026-09-22
Franklin Springs,GA,1331320,4,2,0.5,1040.0,60417.0,11.346153846153847,5.480769230769231,2026-09-23
Fredericksburg,VA,5129744,11,14,1.2727272727272727,28258.0,83445.0,20.65963620921509,11.706419421048906,2026-09-23
Fremont,CA,0626000,32,68,2.125,228795.0,169023.0,3.102340523175769,12.029109027732249,2026-08-26
Fremont,OH,3928826,10,6,0.6,15900.0,48252.0,8.81132075471698,14.679245283018869,2026-09-22
Fridley,MN,2722814,8,21,2.625,29731.0,76592.0,19.696612962900677,13.874407184420303,2026-09-23
Frisco,TX,4827684,130,131,1.0076923076923077,202075.0,144567.0,9.062971668934802,12.671037980947668,2026-09-22
Front Royal,VA,5129968,6,8,1.3333333333333333,15064.0,62735.0,9.592405735528413,9.293680297397769,2026-09-23
Frontenac,KS,2024850,5,5,1.0,3384.0,54905.0,2.0390070921985815,0.5614657210401891,2026-09-23
Fullerton,CA,0628000,19,50,2.6315789473684212,142280.0,99279.0,1.9419454596570143,38.01658701152657,2026-09-22
Galax,VA,5130208,3,10,3.3333333333333335,6687.0,44612.0,5.069537909376402,20.622102587109318,2026-09-23
Galesburg,IL,1728326,10,11,1.1,29923.0,42346.0,12.578952645122481,8.368144905256825,2026-09-23
Galt,CA,0628112,30,25,0.8333333333333334,25350.0,85069.0,2.1222879684418148,42.7534516765286,2026-09-23
Garden City,GA,1332048,34,21,0.6176470588235294,10352.0,46063.0,41.38330757341576,20.17001545595054,2026-09-22
Garden Grove,CA,0629000,97,95,0.979381443298969,171637.0,86139.0,1.0044454284332631,37.31596334123761,2026-09-23
Garland,TX,4829000,61,78,1.278688524590164,244026.0,71044.0,15.575799300074582,44.464934064402975,2026-09-22
Gastonia,NC,3725580,646,66,0.1021671826625387,80615.0,58047.0,29.69918749612355,10.437263536562675,2026-09-22
Geneseo,IL,1728846,4,2,0.5,6421.0,64010.0,0.14016508332035507,3.488553184862171,2026-09-23
Genoa,OH,3929722,3,0,0.0,2039.0,64750.0,0.2942618930848455,13.045610593428151,2026-09-22
Georgetown,DE,1029090,5,6,1.2,7247.0,47238.0,10.92866013522837,45.63267558989927,2026-09-23
Georgetown,KY,2130700,9,20,2.2222222222222223,37510.0,74530.0,5.795787789922687,5.0333244468141825,2026-09-23
Gering,NE,3118580,7,7,1.0,8582.0,65743.0,1.2001864367280355,26.986716383127476,2026-09-22
Germantown,WI,5528875,12,16,1.3333333333333333,20885.0,101554.0,2.2360545846301174,3.404357194158487,2026-09-23
Gilroy,CA,0629504,58,52,0.896551724137931,58696.0,127391.0,1.9626550361183044,58.7961700967698,2026-09-22
Gladstone,MO,2927190,12,11,0.9166666666666666,26964.0,68633.0,7.343124165554072,8.555852247441033,2026-09-22
Glen Ellyn,IL,1729756,11,12,1.0909090909090908,28304.0,128132.0,2.7345958168456757,5.451526286037309,2026-09-22
Glencoe,IL,1729652,11,12,1.0909090909090908,8787.0,228750.0,2.128143848867645,2.1509047456469785,2026-09-22
Glendale,CA,0630000,88,78,0.8863636363636364,194512.0,81219.0,1.6898700337254258,18.86824463272189,2026-09-23
Glendale Heights,IL,1729730,27,25,0.9259259259259259,33088.0,83588.0,10.330029013539653,33.31419245647969,2026-09-23
Glenrock,WY,5632435,5,0,0.0,2863.0,64797.0,0.0,3.7722668529514496,2026-09-22
Golden,CO,0830835,11,19,1.7272727272727273,20461.0,90990.0,1.5541762377205415,10.072821465226529,2026-09-22
Golf Manor,OH,3930786,8,0,0.0,3786.0,48677.0,59.19175911251981,2.0602218700475436,2026-09-22
Goodyear,AZ,0428380,33,45,1.3636363636363635,97542.0,97307.0,5.9133501466035145,32.13795083143671,2026-09-23
Grafton,WI,5530000,9,13,1.4444444444444444,12160.0,83500.0,2.4835526315789473,3.7088815789473686,2026-09-22
Grain Valley,MO,2928090,12,10,0.8333333333333334,15688.0,82364.0,3.881947985721571,4.1177970423253445,2026-09-22
Granbury,TX,4830416,26,25,0.9615384615384616,11218.0,65015.0,1.2658227848101267,9.761098234979498,2026-09-23
Granby,CO,0831605,6,5,0.8333333333333334,2074.0,77679.0,0.0,3.0376084860173576,2026-09-23
Grand Blanc,MI,2633280,20,0,0.0,8034.0,70518.0,15.683345780433159,4.319143639531989,2026-09-23
Grand Island,NE,3119595,9,8,0.8888888888888888,52822.0,59061.0,3.5117943281208586,33.99530498655863,2026-09-23
Grand Rapids,MI,2634000,29,39,1.3448275862068966,198096.0,61634.0,17.244164445521363,15.948328083353525,2026-09-23
Grand Rapids,MN,2725118,9,7,0.7777777777777778,11158.0,53317.0,1.1023480910557448,1.5325327119555476,2026-09-23
Grandview Heights,OH,3931304,8,14,1.75,8258.0,100833.0,0.5207071930249455,4.262533301041414,2026-09-23
Grandview,WA,5327925,18,10,0.5555555555555556,10922.0,61635.0,0.2655191356894342,85.73521333089178,2026-09-22
Grandville,MI,2634160,9,15,1.6666666666666667,16017.0,76344.0,4.2829493662983085,5.088343634887932,2026-09-23
Granite Falls,WA,5327995,7,6,0.8571428571428571,4567.0,87600.0,0.0,4.466827238887673,2026-09-22
Grants Pass,OR,4130550,7,5,0.7142857142857143,39131.0,53941.0,0.4548823183665125,10.247629756459073,2026-09-23
Granville,OH,3931402,2,9,4.5,5778.0,124255.0,0.9865005192107996,2.1460713049498095,2026-09-22
Grass Valley,CA,0630798,68,1,0.014705882352941176,13964.0,49855.0,0.4511601260383844,9.381266112861644,2026-09-23
Greeley,CO,0832155,17,30,1.7647058823529411,107949.0,65525.0,2.6744110644841546,39.88735421356381,2026-09-22
Green Bay,WI,5531000,46,46,1.0,106846.0,59174.0,4.046010145442974,17.09937667296857,2026-09-22
Greenfield,CA,0630994,84,13,0.15476190476190477,18998.0,73904.0,0.8000842193915149,94.01515949047268,2026-09-22
Greenfield,IN,1829520,17,21,1.2352941176470589,23669.0,69571.0,1.4787274494063964,1.791372681566606,2026-09-23
Greenfield,WI,5531175,22,26,1.1818181818181819,37521.0,67536.0,5.253058287359079,14.333306681591642,2026-09-22
Greensboro,NC,3728000,4,50,12.5,297202.0,55051.0,42.55994239608078,8.985471161028526,2026-09-22
Greenville,MS,2829180,73,23,0.3150684931506849,29495.0,35148.0,82.78013222580098,0.0,2026-09-22
Greenville,SC,4530850,53,76,1.4339622641509433,70838.0,65519.0,22.590982241169993,6.178887038030435,2026-09-22
Greenwood,AR,0528780,11,9,0.8181818181818182,9544.0,63232.0,0.6077116512992456,8.204107292539815,2026-09-22
Greenwood,IN,1829898,22,61,2.772727272727273,63579.0,75398.0,4.007612576479655,6.826153289608204,2026-09-23
Greenwood,SC,4530895,35,40,1.1428571428571428,22528.0,38884.0,47.72727272727273,9.730113636363637,2026-09-23
Groesbeck,TX,4831280,8,4,0.5,3661.0,47500.0,32.04042611308385,21.114449603933352,2026-09-23
Grottoes,VA,5133488,7,5,0.7142857142857143,2904.0,78750.0,2.479338842975207,4.6143250688705235,2026-09-23
Grove City,OH,3932592,33,44,1.3333333333333333,41423.0,84765.0,3.715327233662458,2.7786495425246844,2026-09-22
Grover Beach,CA,0631393,17,20,1.1764705882352942,12757.0,80438.0,1.3090852081210316,32.899584541820175,2026-09-23
Grundy,VA,5133648,3,3,1.0,777.0,nan,9.781209781209782,1.673101673101673,2026-09-22
Gulf Shores,AL,0132272,92,45,0.4891304347826087,15178.0,62021.0,2.3520885492159707,4.737119515087627,2026-09-22
Gurnee,IL,1732018,39,24,0.6153846153846154,30629.0,112633.0,7.574520878905612,14.496065819974534,2026-09-23
Hagerstown,MD,2436075,20,20,1.0,43374.0,48481.0,20.724397104256006,9.660165075851893,2026-09-22
Haltom City,TX,4831928,16,15,0.9375,45771.0,57649.0,6.294378536627996,44.84061960630093,2026-09-22
Hamburg,NY,3631643,7,2,0.2857142857142857,9749.0,93942.0,0.3282387937224331,1.7745409785619037,2026-09-22
Hampton,VA,5135000,94,129,1.372340425531915,137217.0,64430.0,48.02903430332976,6.579359700328676,2026-09-23
Hanford,CA,0631960,17,22,1.2941176470588236,57920.0,73819.0,6.19475138121547,50.10186464088398,2026-09-22
Hannibal,MO,2930214,10,11,1.1,17003.0,52746.0,7.610421690289948,0.6763512321355055,2026-09-23
Hanover Park,IL,1732746,13,9,0.6923076923076923,37222.0,88460.0,7.656762129923163,38.52022997152222,2026-09-22
Harrisonburg,VA,5135624,31,4,0.12903225806451613,51784.0,56050.0,6.971265255677429,20.782481075235594,2026-07-22
Hartford City,IN,1832242,8,7,0.875,5789.0,37584.0,1.3819312489203661,0.984626014855761,2026-09-22
Hartselle,AL,0133448,9,20,2.2222222222222223,15414.0,64876.0,7.7916180096016605,2.6923575969897495,2026-09-23
Hayden,CO,0835070,2,1,0.5,2057.0,74028.0,0.0,9.52843947496354,2026-09-23
Haysville,KS,2031125,8,6,0.75,10891.0,66382.0,0.055091359838398676,7.143512992379028,2026-09-22
Hayward,CA,0633000,85,89,1.0470588235294118,160602.0,105371.0,8.71159761397741,39.65828570005355,2026-09-22
Hazelwood,MO,2931276,11,15,1.3636363636363635,25345.0,55111.0,39.30558295521799,2.959163543105149,2026-09-23
Healdsburg,CA,0633056,31,10,0.3225806451612903,11481.0,94799.0,0.0,27.819876317393955,2026-09-23
Heath,OH,3934748,10,16,1.6,10492.0,75822.0,2.7640106747998474,3.421654593976363,2026-09-23
Heath,TX,4832984,28,25,0.8928571428571429,9771.0,211522.0,0.4093746801760311,8.02374373145021,2026-09-23
Hebron,OH,3934790,8,8,1.0,2485.0,60706.0,3.6217303822937628,3.2193158953722336,2026-09-22
Hemet,CA,0633182,158,79,0.5,89651.0,49901.0,8.077991321903827,48.96989436816098,2026-09-23
Hercules,CA,0633308,25,24,0.96,26041.0,125880.0,19.212011827502785,15.740562958411735,2026-09-23
Hermitage,PA,4234064,11,13,1.1818181818181819,16216.0,66922.0,4.970399605328071,2.0288603848051308,2026-06-28
Herndon,VA,5136648,10,19,1.9,24456.0,133403.0,7.364245992803402,37.38550866862938,2026-09-22
Herrin,IL,1734358,12,6,0.5,12344.0,54555.0,4.131561892417369,4.5528191834089435,2026-09-23
Hesston,KS,2031600,3,3,1.0,3703.0,67333.0,0.2970564407237375,3.6456926816095057,2026-09-23
Hewitt,TX,4833428,21,18,0.8571428571428571,16034.0,75898.0,5.644255956093302,20.2070599975053,2026-09-23
Hiawassee,GA,1338124,3,1,0.3333333333333333,1140.0,40917.0,0.0,7.192982456140351,2026-09-22
Hickory,NC,3731060,11,16,1.4545454545454546,43352.0,58251.0,13.224303377006828,13.175862705296181,2026-09-23
Highland Park,MI,2638180,19,19,1.0,9032.0,30341.0,88.06465899025686,1.1071744906997343,2026-09-22
Highland Park,TX,4833824,11,4,0.36363636363636365,8840.0,249923.0,0.09049773755656108,3.9479638009049776,2026-09-22
Highland Village,TX,4833848,18,17,0.9444444444444444,15883.0,162879.0,3.783919914373859,9.828118113706479,2026-09-22
Hilliard,OH,3935476,15,22,1.4666666666666666,36103.0,116287.0,4.3985264382461295,4.104922028640279,2026-09-23
Hillsborough,CA,0633798,22,21,0.9545454545454546,11258.0,250001.0,0.23982945461005506,4.316930182980991,2026-09-22
Hinckley,IL,1735268,7,5,0.7142857142857143,2154.0,79821.0,0.6499535747446611,9.563602599814299,2026-09-22
Hoffman Estates,IL,1735411,78,12,0.15384615384615385,51744.0,107428.0,4.904916512059369,18.025278293135436,2026-09-22
Holland,MI,2638640,22,18,0.8181818181818182,34186.0,69152.0,5.370619551863336,23.9366992336044,2026-09-23
Holland,OH,3935882,4,4,1.0,1561.0,64000.0,7.815502882767457,7.495195387572069,2026-09-23
Hollister,CA,0634120,29,22,0.7586206896551724,42093.0,95764.0,1.1783431924548025,69.63628156700639,2026-09-22
Hope Mills,NC,3732640,20,17,0.85,17671.0,57864.0,33.26353913191104,14.77562107407617,2026-09-23
Hopewell,VA,5138424,40,24,0.6,23046.0,50661.0,41.864097891174175,8.86487893777662,2026-09-23
Hubbard,OH,3936582,6,0,0.0,7618.0,61064.0,0.5119453924914675,2.743502231556839,2026-09-22
Hudson,NC,3732980,2,2,1.0,3780.0,49761.0,0.4497354497354497,8.597883597883598,2026-09-22
Hudson,WI,5536250,16,24,1.5,14763.0,90250.0,0.6435006435006435,4.74158368895211,2026-09-23
Huntersville,NC,3733120,36,36,1.0,61202.0,112893.0,12.965262573118526,7.190941472500898,2026-09-22
Huron,OH,3937016,8,7,0.875,6882.0,63525.0,0.9444928799767509,0.9299622202848009,2026-09-22
Hurt,VA,5139224,6,3,0.5,1378.0,50288.0,23.076923076923077,5.44267053701016,2026-09-22
Hutto,TX,4835624,5,15,3.0,29498.0,105743.0,11.34992202861211,35.649874567767306,2026-09-22
Storm Lake,IA,1975630,25,18,0.72,11194.0,54615.0,4.18081114882973,39.48543862783634,2026-09-23
Idaho Falls,ID,1639700,20,15,0.75,65685.0,66463.0,0.3486336302047652,16.641546776280734,2026-09-23
Idaho Springs,CO,0838370,4,3,0.75,2113.0,72101.0,4.022716516800757,11.973497397065783,2026-09-23
Independence,KY,2139142,19,0,0.0,28722.0,92355.0,1.1907248798830166,1.260357913794304,2026-09-22
Indianola,IA,1938280,8,7,0.875,15845.0,73534.0,0.7068475859892711,2.4928999684443043,2026-09-22
Indio,CA,0636448,72,68,0.9444444444444444,89616.0,68436.0,2.304276022138904,68.17755757900375,2026-09-23
Inverness,IL,1737608,22,26,1.1818181818181819,7722.0,207623.0,1.269101269101269,1.1007511007511008,2026-09-23
Iowa Colony,TX,4836092,27,10,0.37037037037037035,9500.0,110000.0,38.82105263157895,22.31578947368421,2026-09-23
Irving,TX,4837000,39,80,2.051282051282051,254962.0,76686.0,12.905844792557323,43.191142209427284,2026-09-23
Isle of Palms,SC,4536115,1,0,0.0,4347.0,160417.0,0.0,1.2192316540142627,2026-09-22
Itasca,IL,1737907,17,13,0.7647058823529411,9627.0,113162.0,1.1322322634257818,11.623558741040823,2026-09-23
Ithaca,NY,3638077,21,9,0.42857142857142855,31359.0,45468.0,4.898115373576964,8.02002614879301,2026-06-01
Jackson,MI,2641420,10,25,2.5,31420.0,41988.0,20.17823042647995,6.282622533418205,2026-09-23
Jacksonville,AR,0534750,117,14,0.11965811965811966,29332.0,47121.0,45.00886403927451,7.159416337106232,2026-09-23
Jasper,TX,4837420,14,12,0.8571428571428571,7131.0,38796.0,42.16799887813771,7.923152433038845,2026-09-22
Jemison,AL,0138608,3,4,1.3333333333333333,2671.0,62907.0,22.800449269936355,2.3961063272182703,2026-09-23
Jersey Village,TX,4837612,53,34,0.6415094339622641,7763.0,88101.0,9.77714800979003,24.32049465412856,2026-09-22
Johnson City,TN,4738320,148,197,1.3310810810810811,70720.0,53173.0,5.893665158371041,5.329468325791855,2026-09-22
Johnston,IA,1939765,19,18,0.9473684210526315,23856.0,98324.0,10.441817572099263,3.085177733065057,2026-09-22
Jonesboro,GA,1342604,39,18,0.46153846153846156,4415.0,33621.0,63.963759909399776,8.85617214043035,2026-09-22
Joplin,MO,2937592,11,20,1.8181818181818181,51848.0,50996.0,2.721416448079,7.196034562567505,2026-09-23
Junction City,KS,2035750,24,22,0.9166666666666666,22738.0,60709.0,18.42290438912833,17.34981088926027,2026-09-22
Jupiter Inlet Colony,FL,1235900,2,0,0.0,461.0,135000.0,0.0,2.819956616052061,2026-09-22
Kalamazoo,MI,2642160,40,47,1.175,73342.0,48649.0,21.425649695945026,7.394126148727878,2026-09-22
Kearney,MO,2938072,14,13,0.9285714285714286,10491.0,99969.0,0.419407110856925,4.232199027738061,2026-09-22
Kearney,NE,3125055,31,29,0.9354838709677419,33809.0,66843.0,1.0618474370729687,10.44692241710787,2026-09-23
Keller,TX,4838632,10,13,1.3,45320.0,162094.0,2.674315975286849,9.99558693733451,2026-09-22
Kemah,TX,4838776,41,11,0.2682926829268293,1945.0,93021.0,7.609254498714653,28.174807197943444,2026-09-23
Kennesaw,GA,1343192,16,35,2.1875,33360.0,81467.0,20.593525179856115,13.83093525179856,2026-09-22
Kent,WA,5335415,19,37,1.9473684210526316,135169.0,86966.0,12.612359342748707,16.27074255191649,2026-09-23
Kentwood,MI,2642820,21,27,1.2857142857142858,54042.0,66945.0,18.26912401465527,10.360460382665334,2026-09-22
Kildeer,IL,1739883,2,1,0.5,4133.0,250001.0,0.0,3.3389789499153157,2026-09-23
Kill Devil Hills,NC,3735720,6,14,2.3333333333333335,7658.0,73036.0,1.802037085400888,12.679550796552626,2026-09-23
Killeen,TX,4839148,73,69,0.9452054794520548,153708.0,57086.0,34.998178364171025,27.737658417258697,2026-09-23
Kingsburg,CA,0638562,26,13,0.5,12490.0,74897.0,0.2321857485988791,46.80544435548439,2026-09-23
Kingsport,TN,4739560,10,29,2.9,55415.0,48228.0,3.322205179103131,2.5498511233420555,2026-09-23
Kirkwood,MO,2939044,7,8,1.1428571428571428,29309.0,107905.0,4.319492306117575,2.784127742331707,2026-09-23
Kure Beach,NC,3736220,6,3,0.5,2313.0,97269.0,0.0,2.248162559446606,2026-09-23
La Mesa,CA,0640004,20,17,0.85,60888.0,83649.0,7.326566811194324,28.049862041781633,2026-09-22
La Vergne,TN,4741200,15,26,1.7333333333333334,38553.0,77531.0,25.001945373900863,19.82984462947112,2026-09-23
La Verne,CA,0640830,20,16,0.8,31239.0,103816.0,3.2939594737347546,36.329588014981276,2026-09-22
Lafayette,IN,1840788,30,29,0.9666666666666667,70828.0,50674.0,9.236460157000057,12.490822838425482,2026-09-22
Lake Bluff,IL,1740910,6,2,0.3333333333333333,5919.0,190179.0,0.0,7.4505828687278255,2026-09-22
Lake City,MN,2734172,3,3,1.0,5108.0,71324.0,0.6264682850430697,3.445575567736883,2026-09-23
Lake Havasu City,AZ,0439370,10,19,1.9,57294.0,64027.0,0.4188920305791182,15.659580409816037,2026-09-23
Lake Stevens,WA,5337900,4,5,1.25,38816.0,111821.0,2.8441879637262986,10.183944765045343,2026-09-23
Lake Zurich,IL,1741742,6,5,0.8333333333333334,19749.0,135211.0,0.5316724897463163,3.1900349384778974,2026-09-22
Lakeville,MN,2735180,19,24,1.263157894736842,70696.0,129069.0,4.489645807400701,5.341179133189996,2026-09-22
Lakeway,TX,4840984,12,11,0.9166666666666666,18835.0,154118.0,2.52190071675073,10.42208654101407,2026-09-22
Lakewood,WA,5338038,58,52,0.896551724137931,63142.0,65531.0,13.716702036679232,18.11630927116658,2026-09-23
Lancaster,NY,3641135,31,4,0.12903225806451613,10160.0,61646.0,0.00984251968503937,1.624015748031496,2026-09-22
Landrum,SC,4540075,7,3,0.42857142857142855,2504.0,41414.0,6.5095846645367414,0.9185303514376997,2026-09-23
Las Cruces,NM,3539380,43,55,1.2790697674418605,111273.0,51013.0,2.44533714378151,61.72746308628329,2026-09-22
Lathrop,CA,0640704,6,8,1.3333333333333333,29633.0,108732.0,7.977592548847569,39.15567104241892,2026-09-23
Lawrenceburg,KY,2144146,4,2,0.5,11749.0,58935.0,5.804749340369393,1.55757936845689,2026-09-22
Lawrenceville,VA,5144520,3,2,0.6666666666666666,1199.0,46429.0,70.97581317764804,1.2510425354462051,2026-09-22
Lawton,OK,4041850,29,33,1.1379310344827587,91023.0,51561.0,17.88778660338596,15.997055689221405,2026-09-22
Le Mars,IA,1944400,5,4,0.8,10549.0,73734.0,3.6780737510664516,7.801687363731159,2026-09-22
League City,TX,4841980,55,85,1.5454545454545454,113469.0,117316.0,7.771285549357093,19.57539063532771,2026-09-22
Leavenworth,KS,2039000,19,21,1.105263157894737,37193.0,67360.0,10.588013873578362,8.041835829322721,2026-09-22
Lebanon,MO,2941168,8,14,1.75,15023.0,45634.0,1.0117819343673036,4.166944019170605,2026-09-22
Lee's Summit,MO,2941348,55,66,1.2,101728.0,103447.0,8.838274614658697,4.899339414910349,2026-09-23
Leitchfield,KY,2144686,9,12,1.3333333333333333,6432.0,43214.0,1.7257462686567164,0.35758706467661694,2026-09-22
Lewisville,TX,4842508,31,58,1.8709677419354838,125028.0,82006.0,12.374828038519372,28.502415458937197,2026-09-22
Lexington,SC,4541335,11,11,1.0,23665.0,78164.0,10.285231354320727,4.78766110289457,2026-09-23
Liberty Lake,WA,5339335,19,17,0.8947368421052632,12026.0,101936.0,0.016630633627141195,3.6005321802760686,2026-09-23
Liberty,MO,2942032,12,18,1.5,30299.0,91512.0,4.498498300273936,5.7295620317502225,2026-09-22
Lincoln,CA,0641474,23,20,0.8695652173913043,50131.0,99434.0,1.5359757435518941,18.28210089565339,2026-09-22
Lindsborg,KS,2041375,3,1,0.3333333333333333,3762.0,67059.0,3.7745879851143007,7.416267942583732,2026-09-23
Lithopolis,OH,3944086,9,4,0.4444444444444444,2400.0,103315.0,3.375,6.041666666666667,2026-09-22
Little Rock,AR,0541000,115,106,0.9217391304347826,202218.0,58697.0,41.453777606345625,7.826207360373458,2026-09-23
Live Oak,TX,4843096,28,26,0.9285714285714286,15726.0,74326.0,14.479206409767265,40.04196871423121,2026-09-23
Livingston,CA,0642006,26,9,0.34615384615384615,14344.0,70918.0,0.09760178471834914,72.40658114891244,2026-09-23
Livonia,MI,2649000,25,37,1.48,94928.0,92458.0,4.43704702511377,4.341184898027979,2026-09-23
Locust,NC,3738860,8,7,0.875,4700.0,52551.0,1.3829787234042554,2.978723404255319,2026-09-22
Lodi,CA,0642202,19,24,1.263157894736842,66509.0,78468.0,1.204348283690929,39.48337818941798,2026-09-22
Loganville,GA,1347196,20,14,0.7,14287.0,77750.0,36.26373626373626,12.752852243298102,2026-09-22
Lombard,IL,1744407,20,16,0.8,44055.0,95509.0,4.798547270457383,10.66394279877426,2026-09-23
Lompoc,CA,0642524,48,47,0.9791666666666666,44086.0,66947.0,3.2550015878056526,61.27115183958626,2026-09-23
Long View,NC,3739280,4,0,0.0,5029.0,44740.0,17.31954662954862,17.379200636309406,2026-09-22
Lorain,OH,3944856,40,43,1.075,65138.0,46562.0,15.666738309435353,28.192452946052995,2026-09-23
Los Altos,CA,0643280,25,22,0.88,31133.0,250001.0,0.6841615006584653,4.54180451610831,2026-09-23
Los Gatos,CA,0644112,17,30,1.7647058823529411,33093.0,198117.0,1.1361919439156316,8.204151935454627,2026-09-23
Louisiana,MO,2944174,7,10,1.4285714285714286,3249.0,48410.0,1.631271160357033,6.463527239150507,2026-09-23
Lovejoy,GA,1347616,6,3,0.5,10429.0,59184.0,75.64483651356794,10.815993863265893,2026-09-23
Loveland,OH,3945108,10,9,0.9,13247.0,81706.0,4.974711255378576,5.359704083943535,2026-09-23
Lowell,MA,2537000,37,41,1.1081081081081081,114737.0,73008.0,8.839345633928026,17.773691137122288,2026-09-23
Lowell,MI,2649540,4,3,0.75,4127.0,59712.0,0.6299975769323964,5.258056699781924,2026-09-23
Lubbock,TX,4845000,103,104,1.0097087378640777,258190.0,58734.0,7.312444323947481,37.599442271195635,2026-09-22
Luray,VA,5147528,4,3,0.75,4838.0,50327.0,5.580818520049608,1.818933443571724,2026-09-23
Lynchburg,VA,5147672,15,4,0.26666666666666666,79166.0,56243.0,27.377914761387466,4.658565545815122,2026-09-23
Lynn Haven,FL,1241825,5,4,0.8,19421.0,81378.0,7.908964522939087,8.423871067401267,2026-09-23
Madeira,OH,3946312,21,17,0.8095238095238095,9426.0,159321.0,0.8381073626140463,3.66008911521324,2026-09-23
Madera,CA,0645022,8,22,2.75,66784.0,61626.0,3.065105414470532,81.02539530426449,2026-09-23
Madison,SD,4640220,25,19,0.76,6271.0,62756.0,0.4464997608036996,2.9500877053101577,2026-09-22
Maize,KS,2044200,10,12,1.2,6071.0,88075.0,1.3012683248229286,19.3707791138198,2026-09-23
Malden,MA,2537875,12,10,0.8333333333333334,65463.0,90295.0,13.250232956020959,9.055496998304386,2026-09-22
Mammoth Lakes,CA,0645358,15,23,1.5333333333333334,7253.0,80795.0,0.0,27.533434440921,2026-09-23
Manassas Park,VA,5148968,8,8,1.0,17123.0,91673.0,12.386848099048064,41.90270396542662,2026-09-23
Manchester,MO,2945668,8,12,1.5,18240.0,89153.0,3.212719298245614,3.2839912280701755,2026-09-23
Manitowoc,WI,5548500,13,23,1.7692307692307692,34500.0,60040.0,1.7507246376811594,5.87536231884058,2026-09-04
Mansfield,OH,3947138,86,34,0.3953488372093023,47630.0,40996.0,19.0489187486878,2.924627335712786,2026-09-23
Manteca,CA,0645484,82,51,0.6219512195121951,83897.0,89966.0,3.3445772792829302,39.95613669141924,2026-06-01
Manteno,IL,1746500,6,6,1.0,8632.0,90370.0,2.2706209453197403,5.896663577386469,2026-09-23
Maple Bluff,WI,5548750,17,8,0.47058823529411764,1327.0,172174.0,0.22607385079125847,6.254709871891484,2026-09-22
Maple Grove,MN,2740166,1,8,8.0,70110.0,127001.0,7.598060191128227,2.5274568535159037,2026-09-22
Maplewood,MN,2740382,19,22,1.1578947368421053,41405.0,86769.0,8.322666344644366,10.522883709696897,2026-09-23
Maplewood,MO,2945830,5,7,1.4,8205.0,58448.0,10.907982937233394,2.8884826325411335,2026-09-22
Margaret,AL,0146696,6,5,0.8333333333333334,5294.0,83814.0,16.698148847752172,1.3978088401964488,2026-09-23
Marina,CA,0645778,36,35,0.9722222222222222,22253.0,85783.0,6.120523075540377,29.41176470588235,2026-09-23
Marine City,MI,2651600,2,0,0.0,4068.0,61270.0,0.0,1.9419862340216323,2026-09-23
Marion,VA,5149464,8,4,0.5,5722.0,37337.0,4.771059070255156,3.600139811254806,2026-09-22
Marseilles,IL,1747150,10,4,0.4,4154.0,57583.0,0.33702455464612424,5.849783341357727,2026-09-22
Marshall,AR,0544300,2,0,0.0,1384.0,28290.0,0.28901734104046245,2.8179190751445087,2026-09-22
Marshall,IL,1747163,2,1,0.5,3939.0,64018.0,0.5839045443005839,0.6346788525006347,2026-09-22
Martinsville,IN,1847448,6,5,0.8333333333333334,11916.0,57383.0,0.9734810339039947,1.7035918093319906,2026-09-22
Martinsville,VA,5149784,41,19,0.4634146341463415,13539.0,39127.0,44.279488883964845,6.994608168993278,2026-09-23
Marysville,OH,3948160,14,24,1.7142857142857142,25806.0,89104.0,2.7706734867860185,3.8479423389909324,2026-09-22
Marysville,WA,5343955,30,33,1.1,70847.0,98288.0,1.967620365011927,14.834784817988059,2026-09-23
Maryville,TN,4746380,16,17,1.0625,31876.0,74610.0,2.9552014054461035,3.2155853933994227,2026-09-22
Matthews,NC,3741960,12,23,1.9166666666666667,29613.0,103405.0,12.025124100901632,6.220241110323169,2026-09-23
Mauldin,SC,4545115,6,5,0.8333333333333334,25267.0,75565.0,24.41920291289033,10.8837614279495,2026-09-23
Mayfield,KY,2150898,4,3,0.75,10011.0,42589.0,12.186594745779642,13.30536409949056,2026-09-22
McDonough,GA,1348624,62,21,0.3387096774193548,29134.0,77804.0,72.23175671037276,6.686345850209378,2026-09-23
McFarland,CA,0644826,35,16,0.45714285714285713,13971.0,42641.0,0.937656574332546,90.27986543554506,2026-09-22
Medicine Lodge,KS,2045500,6,4,0.6666666666666666,1377.0,53156.0,0.0,3.8489469862018884,2026-09-22
Medina,MN,2741480,4,7,1.75,6746.0,202153.0,3.1574266231841093,0.2816483842276905,2026-09-22
Medina,OH,3948790,12,12,1.0,26092.0,74820.0,3.9552353211712403,3.867085696765292,2026-09-23
Medina,WA,5344725,23,7,0.30434782608695654,2923.0,244740.0,0.20526855969893945,0.6158056790968184,2026-09-22
Melissa,TX,4847496,59,52,0.8813559322033898,15244.0,138465.0,13.152715822618735,7.937549199685122,2026-09-22
Menasha,WI,5550825,8,7,0.875,18125.0,62514.0,1.726896551724138,11.464827586206896,2026-09-23
Menifee,CA,0646842,44,59,1.3409090909090908,103680.0,87871.0,6.509452160493828,40.29417438271605,2026-09-22
Menlo Park,CA,0646870,35,33,0.9428571428571428,33324.0,198273.0,3.0518545192653943,17.323850678189892,2026-09-23
Menomonee Falls,WI,5551000,18,26,1.4444444444444444,38610.0,96986.0,4.118104118104118,4.8381248381248385,2026-09-23
Mentor-on-the-Lake,OH,3949098,3,3,1.0,7152.0,58524.0,2.8942953020134228,1.4821029082774049,2026-09-23
Mequon,WI,5551150,8,12,1.5,25102.0,141996.0,2.0834993227631267,3.836347701378376,2026-09-22
Metamora,IL,1748606,5,5,1.0,4065.0,83793.0,0.04920049200492005,0.024600246002460024,2026-09-23
Metropolis,IL,1748645,9,4,0.4444444444444444,5963.0,46397.0,5.802448431997317,3.823578735535804,2026-09-23
Middleville,MI,2653760,6,4,0.6666666666666666,4259.0,67759.0,3.028880018783752,6.034280347499413,2026-09-23
Miami,FL,1245000,40,78,1.95,443665.0,54858.0,12.750611384715945,72.26150361195947,2026-09-22
Michigan City,IN,1848798,60,70,1.1666666666666667,31983.0,51554.0,26.90491823781384,8.370071600537786,2026-09-23
Midland,TX,4848072,73,101,1.3835616438356164,132490.0,90448.0,7.11072533776134,46.16197448864065,2026-09-22
Midlothian,TX,4848096,50,46,0.92,35460.0,119323.0,9.216018048505358,18.14156796390299,2026-09-22
Milan,MI,2653920,5,3,0.6,6153.0,89600.0,4.111815374614009,4.0468064358849345,2026-09-23
Mill Valley,CA,0647710,10,4,0.4,14199.0,202986.0,1.7254736249031621,2.7044158039298543,2026-09-23
Milton,IN,1849860,2,0,0.0,323.0,40139.0,0.0,0.9287925696594427,2026-09-22
Milwaukee,WI,5553000,38,115,3.026315789473684,573299.0,49733.0,38.08257122374189,20.248421853169113,2026-09-22
Minster,OH,3950918,9,4,0.4444444444444444,3042.0,103939.0,0.13149243918474687,1.0190664036817882,2026-09-22
Mint Hill,NC,3743480,19,15,0.7894736842105263,26537.0,92102.0,15.224026830463126,6.262953611938049,2026-09-23
Monett,MO,2949196,5,7,1.4,9632.0,42635.0,0.3010797342192691,29.77574750830565,2026-09-23
Monona,WI,5553675,4,5,1.25,8592.0,87723.0,2.2579143389199254,1.8156424581005586,2026-05-04
Monroe,MI,2655020,16,18,1.125,20400.0,57779.0,6.367647058823529,3.2794117647058822,2026-09-23
Monroe,NC,3743920,16,32,2.0,34897.0,63982.0,22.953262458090954,28.00240708370347,2026-09-23
Monroeville,OH,3951618,8,5,0.625,1388.0,65625.0,0.792507204610951,2.521613832853026,2026-09-22
Monrovia,CA,0648648,24,19,0.7916666666666666,37656.0,93827.0,5.558211174845974,45.10834926704908,2026-09-23
Montclair,CA,0648788,60,46,0.7666666666666667,37842.0,72789.0,4.920458749537551,71.2277363775699,2026-09-23
Monte Sereno,CA,0648956,20,10,0.5,3444.0,250001.0,0.8420441347270615,6.039488966318235,2026-09-22
Monterey,CA,0648872,37,34,0.918918918918919,30007.0,98003.0,3.322558069783717,19.278834938514347,2026-09-22
Monterey Park,CA,0648914,34,26,0.7647058823529411,60386.0,76892.0,0.7385817904812374,27.107276521047925,2026-09-22
Montezuma,GA,1352304,24,10,0.4166666666666667,3040.0,46315.0,77.00657894736842,2.0723684210526314,2026-09-22
Montezuma,IN,1850652,2,1,0.5,900.0,53152.0,1.2222222222222223,9.333333333333334,2026-09-22
Monument,CO,0851800,6,7,1.1666666666666667,10548.0,102969.0,0.180128934395146,7.337883959044369,2026-09-22
Mooresville,IN,1850976,7,9,1.2857142857142858,9525.0,68089.0,0.3569553805774278,1.7217847769028871,2026-09-23
Mooresville,NC,3744220,72,59,0.8194444444444444,50025.0,82622.0,10.352823588205897,6.512743628185907,2026-09-22
Moorhead,MN,2743864,8,13,1.625,44443.0,68680.0,5.7196858897914185,5.139167022928246,2026-09-22
Morehead,KY,2153418,14,16,1.1428571428571428,7001.0,32020.0,3.799457220397086,5.384945007856021,2026-09-22
Morgan Hill,CA,0649278,68,51,0.75,45291.0,152199.0,2.2653507319334967,33.53646419818507,2026-09-22
Morgan's Point,TX,4849380,4,2,0.5,227.0,98594.0,3.0837004405286343,19.823788546255507,2026-09-23
Morgan's Point Resort,TX,4849392,9,5,0.5555555555555556,4661.0,77000.0,1.4374597725809912,16.691697060716585,2026-09-23
Morrilton,AR,0546970,7,3,0.42857142857142855,6980.0,43608.0,16.103151862464184,7.134670487106018,2026-09-22
Morton,IL,1750621,26,18,0.6923076923076923,16601.0,86000.0,0.9577736280946931,1.9516896572495632,2026-09-22
Moses Lake,WA,5347245,13,21,1.6153846153846154,25155.0,66218.0,3.2200357781753133,39.15722520373683,2026-09-22
Mounds View,MN,2744530,10,8,0.8,13100.0,89358.0,8.465648854961833,6.6106870229007635,2026-09-23
Moundville,AL,0151648,2,0,0.0,3173.0,64643.0,51.33942641033722,1.922470847778128,2026-09-22
Mount Dora,FL,1247050,6,7,1.1666666666666667,16330.0,65774.0,13.710961420698101,16.12369871402327,2026-09-23
Mount Jackson,VA,5153992,8,7,0.875,1833.0,45583.0,2.4004364429896343,34.20621931260229,2026-09-04
Mount Orab,OH,3952906,3,5,1.6666666666666667,4544.0,62833.0,1.408450704225352,0.352112676056338,2026-09-23
Mount Pleasant,SC,4548535,22,26,1.1818181818181819,90945.0,115167.0,3.664852383308593,2.334377920721315,2026-09-22
Mount Vernon,OH,3953102,8,14,1.75,16861.0,52286.0,0.8421801791115592,3.511061028408754,2026-09-23
Mount Vernon,WA,5347560,6,9,1.5,35120.0,69227.0,1.070615034168565,35.12813211845103,2026-09-23
Mountain View,CA,0649670,16,4,0.25,82132.0,174156.0,2.05157551258949,18.305897823016608,2026-09-23
Mountain Village,CO,0852550,3,3,1.0,1582.0,56917.0,0.8217446270543616,20.417193426042985,2026-09-22
Mount Holly,NC,3744960,24,16,0.6666666666666666,17644.0,73923.0,14.254137383813195,5.939696214010429,2026-09-22
Mukilteo,WA,5347735,10,10,1.0,21365.0,123036.0,1.390124034636087,6.365551135033934,2026-09-23
Mundelein,IL,1751349,11,10,0.9090909090909091,31583.0,99924.0,2.3430326441440017,33.36921761707248,2026-09-23
Murrieta,CA,0650076,81,77,0.9506172839506173,111899.0,106925.0,5.16447868166829,34.51505375383158,2026-09-23
Muskego,WI,5555275,9,6,0.6666666666666666,25073.0,112537.0,0.7019503051090815,3.9125752801818687,2026-09-22
Muskegon,MI,2656320,22,26,1.1818181818181819,38286.0,40900.0,30.872903933552735,9.69545003395497,2026-09-22
Muskogee,OK,4050050,10,12,1.2,36933.0,46825.0,15.06241031056237,8.423361221671676,2026-09-23
Nags Head,NC,3745880,12,13,1.0833333333333333,3153.0,87560.0,1.4589280050745321,3.457025055502696,2026-09-23
Napa,CA,0650258,17,24,1.411764705882353,79233.0,100273.0,0.7686191359660748,40.83652013681168,2026-09-23
Naperville,IL,1751622,60,53,0.8833333333333333,149089.0,143754.0,4.559692532648284,6.884478398808765,2026-09-22
Nashville,NC,3746000,12,5,0.4166666666666667,5624.0,61513.0,61.69985775248933,0.0,2026-09-23
Nassau Bay,TX,4850376,13,34,2.6153846153846154,5215.0,74542.0,0.8437200383509108,20.230105465004794,2026-09-22
National City,CA,0650398,91,72,0.7912087912087912,56345.0,59850.0,4.255923329487976,64.91259206673175,2026-09-23
West Fargo,ND,3884780,48,53,1.1041666666666667,38653.0,96929.0,2.861356168990764,2.3077122086254627,2026-09-23
Neenah,WI,5555750,12,11,0.9166666666666666,27309.0,71280.0,3.431103299278626,5.09722069647369,2026-09-23
New Albany,OH,3953970,14,11,0.7857142857142857,10516.0,224824.0,2.1776340813997717,6.99885888170407,2026-09-23
New Berlin,WI,5556375,10,14,1.4,40387.0,94769.0,1.230594003020774,3.5506474855770422,2026-09-23
New Braunfels,TX,4850820,60,71,1.1833333333333333,92993.0,85827.0,2.1313432193821042,36.60060434656372,2026-09-23
New Brighton,MN,2745430,6,10,1.6666666666666667,23141.0,84707.0,15.963009377295709,7.523443239272288,2026-09-22
New Brunswick,NJ,3451210,11,10,0.9090909090909091,55718.0,57138.0,13.830360027280232,46.87533651602714,2026-09-22
New Lenox,IL,1752584,22,20,0.9090909090909091,27242.0,129797.0,0.6754276484839586,5.043682549005212,2026-09-23
New London,WI,5556925,6,6,1.0,7342.0,53580.0,1.920457640969763,8.894034323072733,2026-09-23
New Market,VA,5155848,5,5,1.0,2162.0,47855.0,3.6077705827937097,5.550416281221092,2026-09-22
New Prague,MN,2745808,4,4,1.0,8155.0,101579.0,0.0,1.729000613120785,2026-09-23
Newark,OH,3954040,26,21,0.8076923076923077,50062.0,56284.0,3.2599576525108866,2.630737885022572,2026-09-23
Newburgh Heights,OH,3954250,12,3,0.25,1760.0,53661.0,15.397727272727273,7.613636363636363,2026-09-23
Newnan,GA,1355020,5,17,3.4,42689.0,74606.0,34.615474712455196,8.393262901450022,2026-09-23
Newport Beach,CA,0651182,82,82,1.0,85159.0,149471.0,0.6493735248182811,10.465129933418664,2026-09-23
Newport News,VA,5156000,153,111,0.7254901960784313,185118.0,63355.0,40.562235979213256,9.880184530947828,2026-09-22
Newport,RI,4449960,6,8,1.3333333333333333,25087.0,81330.0,7.127197353210827,9.618527524215729,2026-09-22
Newton,IA,1956505,11,13,1.1818181818181819,15692.0,53873.0,2.2113178689778232,4.1741014529696665,2026-09-22
Newton,KS,2050475,9,7,0.7777777777777778,18527.0,66528.0,2.2291790360015113,19.544448642521726,2026-09-23
Niles,IL,1753000,21,28,1.3333333333333333,30637.0,75783.0,2.026960864314391,12.040996181088227,2026-09-23
Nixa,MO,2952616,4,5,1.25,23523.0,74814.0,1.062789610168771,5.224673723589678,2026-09-22
Norfolk,VA,5157000,175,220,1.2571428571428571,236973.0,60998.0,40.05730610660286,8.730108493372663,2026-09-23
Normal,IL,1753234,56,34,0.6071428571428571,52920.0,63965.0,12.630385487528345,6.027966742252456,2026-09-22
Normandy Park,WA,5349415,2,4,2.0,6697.0,122467.0,1.2542929670001493,5.151560400179185,2026-09-22
North Canton,OH,3956294,5,5,1.0,17773.0,69132.0,3.584088223710122,1.8061103921678952,2026-09-23
North College Hill,OH,3956322,12,11,0.9166666666666666,9602.0,51971.0,60.33118100395751,0.45823786711101855,2026-09-22
North Liberty,IA,1957360,12,9,0.75,20393.0,100197.0,4.398568136125141,6.40415828960918,2026-09-23
North Olmsted,OH,3956882,26,41,1.5769230769230769,32244.0,81768.0,2.1678451804986976,6.928420791465078,2026-09-23
North Platte,NE,3135000,27,26,0.9629629629629629,23309.0,56890.0,1.5315972371187094,11.163070058775581,2026-09-23
Northglenn,CO,0854330,10,34,3.4,37948.0,77797.0,2.703699799725941,33.163803098977546,2026-09-22
Northlake,TX,4852212,43,35,0.813953488372093,6202.0,105962.0,17.510480490164465,22.686230248306998,2026-09-22
Norton,KS,2051500,4,0,0.0,2729.0,52822.0,0.21986075485525833,5.3865884939538295,2026-09-23
Norton,OH,3957260,10,11,1.1,11643.0,81034.0,2.696899424546938,1.6232929657304818,2026-09-23
Norwalk,CT,0955990,11,16,1.4545454545454546,91050.0,97879.0,17.30258099945085,30.75233388248215,2026-09-22
Norwalk,IA,1957675,5,5,1.0,13057.0,94176.0,0.9726583441831967,1.217737612008884,2026-09-22
Norwalk,OH,3957302,8,7,0.875,17041.0,58311.0,1.003462238131565,8.456076521330909,2026-09-22
Norwich,CT,0956200,28,28,1.0,40054.0,62713.0,9.831727168322764,15.032206521196384,2026-09-23
Novato,CA,0652582,6,6,1.0,53055.0,110948.0,3.40589953821506,22.291961172368296,2026-09-22
Oak Lawn,IL,1754820,50,35,0.7,57665.0,77221.0,7.966704240006937,20.832393999826586,2026-09-23
Oak Point,TX,4853130,19,3,0.15789473684210525,4957.0,104120.0,3.772443009885011,27.052652814202137,2026-09-23
Oakboro,NC,3748040,9,0,0.0,2379.0,78453.0,10.92896174863388,8.07061790668348,2026-09-23
Oakland,CA,0653000,293,523,1.7849829351535835,437825.0,94389.0,21.343459144635414,26.620224975732313,2026-09-23
Oakley,CA,0653070,4,4,1.0,43525.0,120915.0,8.408960367604825,32.068925904652495,2026-09-22
Oberlin,OH,3957834,4,4,1.0,8194.0,67660.0,12.875274591164267,5.650475958018062,2026-09-22
Oceanside,CA,0653322,18,24,1.3333333333333333,173722.0,86701.0,4.023094369164527,37.704493385984506,2026-09-22
Ocoee,FL,1251075,16,20,1.25,47290.0,88828.0,20.799323324170015,29.843518714315923,2026-09-23
Odessa,MO,2954038,1,2,2.0,5554.0,86125.0,0.7021966150522146,1.7104789341015485,2026-09-22
Odessa,TX,4853388,51,53,1.0392156862745099,113353.0,71293.0,6.019249600804566,61.98512611046907,2026-09-22
Ogden,UT,4955980,41,64,1.5609756097560976,86754.0,66226.0,1.6218272356317864,29.6366738133112,2026-09-22
Chillicothe,OH,3914184,11,14,1.2727272727272727,22002.0,50839.0,8.076538496500318,1.127170257249341,2026-09-23
Delaware,OH,3921434,17,16,0.9411764705882353,41926.0,86387.0,4.839479082192434,3.5300290988885177,2026-09-23
Milford,OH,3950176,10,10,1.0,6556.0,69141.0,2.12019524100061,0.5033557046979866,2026-09-22
University Heights,OH,3978932,18,10,0.5555555555555556,13649.0,91960.0,22.873470583925563,2.1393508681954723,2026-09-22
Willard,OH,3985232,2,2,1.0,6189.0,51846.0,0.0,18.209726934884472,2026-09-22
Olmsted Falls,OH,3958422,8,5,0.625,8670.0,92416.0,1.4302191464821223,5.467128027681661,2026-09-23
Ontario,CA,0653896,126,121,0.9603174603174603,176326.0,78070.0,5.168267867472749,70.21312795617209,2026-09-23
Orange,CA,0653980,139,53,0.381294964028777,138728.0,109335.0,1.298223862522346,39.05195778790151,2026-09-23
Orange,VA,5159496,4,5,1.25,4919.0,59196.0,28.92864403334011,2.0126041878430576,2026-09-22
Oregon,OH,3958730,12,8,0.6666666666666666,19896.0,73883.0,1.3821873743466024,9.836147969441093,2026-09-23
Oro Valley,AZ,0451600,20,22,1.1,47053.0,101394.0,1.651329352007311,14.436911567806517,2026-09-22
Orono,MN,2748580,2,4,2.0,8223.0,173209.0,0.06080505898090721,0.26754225951599175,2026-09-22
Oroville,CA,0654386,64,34,0.53125,20283.0,46362.0,3.6828871468717645,15.086525661884338,2026-09-23
Orting,WA,5352005,10,33,3.3,8898.0,114458.0,0.584400988986289,8.642391548662621,2026-09-23
Ottawa,IL,1756926,33,12,0.36363636363636365,18708.0,67940.0,3.1590763309813985,10.626469959375669,2026-09-22
Ottawa,KS,2053550,4,4,1.0,12615.0,61927.0,0.7847800237812128,4.645263575108997,2026-09-23
Overland,MO,2955550,15,26,1.7333333333333334,15838.0,51749.0,22.193458770046725,14.427326682661953,2026-09-22
Oviedo,FL,1253575,7,0,0.0,39552.0,116764.0,5.774676375404531,22.299757281553397,2026-08-26
Ovilla,TX,4854444,1,6,6.0,4077.0,109130.0,10.179053225410842,12.092224675006133,2026-09-22
Owatonna,MN,2749300,8,11,1.375,26400.0,78295.0,4.215909090909091,7.306818181818182,2026-09-23
Oxford,GA,1358744,3,3,1.0,2033.0,51995.0,26.955238563698966,6.935563207083129,2026-09-22
Oxnard,CA,0654652,19,42,2.210526315789474,202279.0,90409.0,1.8182806915201282,75.79877298187158,2026-09-22
Pacific Grove,CA,0654848,12,11,0.9166666666666666,15098.0,102553.0,0.8213008345476221,11.286263081202808,2026-09-23
Pacifica,CA,0654806,10,11,1.1,38048.0,151849.0,1.9974768713204374,18.258515559293524,2026-09-22
Page,AZ,0451810,10,10,1.0,7444.0,79521.0,0.738850080601827,6.233207952713594,2026-09-22
Palatine,IL,1757225,28,37,1.3214285714285714,67223.0,93383.0,4.342263808517918,19.710515746098807,2026-09-23
Palm Springs,CA,0655254,224,74,0.33035714285714285,44935.0,67451.0,5.425614776899967,23.347056859908758,2026-09-23
Palmyra,MO,2956036,7,7,1.0,3613.0,60694.0,5.175754220869083,0.22142264046498755,2026-09-23
Palo Alto,CA,0655282,30,40,1.3333333333333333,67901.0,214118.0,2.0426797838028894,7.304752507326843,2026-09-22
Palos Hills,IL,1757394,7,7,1.0,18278.0,79306.0,5.399934347302769,7.965860597439545,2026-09-22
Palos Park,IL,1757407,7,5,0.7142857142857143,4836.0,128370.0,2.4813895781637716,3.3085194375516958,2026-09-22
Park,KS,2054400,14,0,0.0,94.0,nan,0.0,2.127659574468085,2026-09-23
Park Ridge,IL,1757875,9,10,1.1111111111111112,39368.0,137964.0,0.9322292217029059,6.291912212964845,2026-09-22
Parker,CO,0857630,12,26,2.1666666666666665,58733.0,126615.0,1.5561949840804998,12.447857252311307,2026-09-23
Parma,OH,3961000,12,31,2.5833333333333335,80587.0,65848.0,4.544157246205963,7.305148473078784,2026-09-23
Parsons,KS,2054675,5,2,0.4,9564.0,48990.0,7.779171894604768,6.493099121706399,2026-09-23
Pasadena,CA,0656000,61,69,1.1311475409836065,137554.0,97818.0,7.70170260406822,35.28650566323044,2026-09-22
Pawtucket,RI,4454640,22,18,0.8181818181818182,75176.0,62799.0,14.77333191444078,25.82207087368309,2026-09-22
Paxton,IL,1758239,8,1,0.125,4225.0,59040.0,0.3076923076923077,5.088757396449704,2026-09-22
Payson,AZ,0453700,18,16,0.8888888888888888,16363.0,60095.0,0.5928008311434334,12.968282099859438,2026-09-23
Pearisburg,VA,5161208,2,2,1.0,2876.0,70905.0,9.735744089012517,0.5563282336578581,2026-09-23
Pekin,IL,1758447,54,40,0.7407407407407407,32075.0,52507.0,2.827747466874513,2.6344505066250976,2026-09-22
Peotone,IL,1759052,16,7,0.4375,4283.0,84375.0,0.23348120476301656,3.1053000233481205,2026-09-22
Petaluma,CA,0656784,4,11,2.75,59682.0,108527.0,1.2734157702489863,19.319057672330015,2026-09-22
Pflugerville,TX,4857176,32,23,0.71875,64528.0,111151.0,16.575750061988593,33.25688073394495,2026-09-22
Piedmont,CA,0656938,57,35,0.6140350877192983,11161.0,250001.0,0.6271839440910313,3.879580682734522,2026-09-23
Piedmont,OK,4058700,5,5,1.0,7629.0,86453.0,2.936164634945602,7.2486564425219555,2026-09-23
Pinehurst,NC,3751940,9,14,1.5555555555555556,17653.0,102917.0,1.5408145924205519,2.6624369795502183,2026-09-23
Pineville,NC,3752220,8,17,2.125,10532.0,55450.0,24.487276870489936,17.432586403342196,2026-09-23
Piperton,TN,4758840,7,8,1.1428571428571428,2350.0,120000.0,24.170212765957448,4.0,2026-09-22
Pittsboro,IN,1860192,13,6,0.46153846153846156,3814.0,118750.0,0.7079181961195595,1.5469323544834819,2026-09-23
Pittsboro,NC,3752660,4,5,1.25,4555.0,62513.0,21.163556531284303,6.695938529088913,2026-09-23
Pittsburg,KS,2056025,32,33,1.03125,20610.0,42371.0,2.809315866084425,10.684133915574964,2026-09-23
Plain City,OH,3963030,5,3,0.6,3644.0,86512.0,0.0,1.234906695938529,2026-09-23
Plainfield,IN,1860246,24,24,1.0,35078.0,77249.0,9.324933006442784,6.5938765037915505,2026-09-23
Platte City,MO,2958178,5,3,0.6,4781.0,58802.0,1.568709475005229,5.898347626019661,2026-09-22
Pleasant Hill,IA,1963525,6,6,1.0,10456.0,81992.0,4.839326702371844,5.709640397857689,2026-09-22
Pleasant Prairie,WI,5563300,8,19,2.375,21373.0,99635.0,1.922986946147008,8.955223880597014,2026-09-23
Pleasanton,CA,0657792,47,59,1.2553191489361701,78691.0,181639.0,1.5198688541256307,11.287186590588504,2026-09-23
Plymouth,MN,2751730,18,31,1.7222222222222223,79918.0,130131.0,4.816186591256037,4.520883906003654,2026-09-22
Plymouth,NC,3753040,17,6,0.35294117647058826,3315.0,24385.0,66.54600301659126,0.7239819004524887,2026-09-23
Pocatello,ID,1664090,36,39,1.0833333333333333,56582.0,56115.0,1.1911915450143156,9.57901806228129,2026-09-22
Pocomoke City,MD,2462475,8,6,0.75,4318.0,48609.0,42.19546086150996,2.6401111625752662,2026-03-26
Polk City,IA,1964020,5,2,0.4,5604.0,152536.0,0.6780870806566738,0.19628836545324768,2026-09-23
Polkton,NC,3753140,1,0,0.0,2937.0,47277.0,42.764725910793324,8.103506979911474,2026-09-23
Pomona,CA,0658072,70,58,0.8285714285714286,149831.0,73515.0,4.756692540262028,72.0758721492882,2026-09-23
Pontiac,IL,1761015,4,4,1.0,11451.0,55226.0,9.204436293773469,4.68081390271592,2026-09-22
Poquoson,VA,5163768,3,2,0.6666666666666666,12479.0,114503.0,1.8030290888693004,3.3977081496914816,2026-09-22
Port Clinton,OH,3964150,11,8,0.7272727272727273,6024.0,55534.0,3.3200531208499338,7.420318725099602,2026-09-23
Port Hueneme,CA,0658296,10,8,0.8,21847.0,71695.0,2.9431958621321006,62.9239712546345,2026-09-23
Port St. Joe,FL,1258675,9,3,0.3333333333333333,3533.0,59429.0,14.520237758279084,2.405887347863006,2026-09-23
Port Wentworth,GA,1362328,42,30,0.7142857142857143,11103.0,61409.0,50.598937224173646,11.303251373502658,2026-09-23
Portage,MI,2665560,31,32,1.032258064516129,48936.0,74837.0,4.7490599967304234,5.315105443845022,2026-09-23
Porterville,CA,0658240,12,13,1.0833333333333333,62491.0,55785.0,0.39365668656286507,72.07757917140069,2026-09-22
Portsmouth,VA,5164000,254,121,0.4763779527559055,97384.0,57154.0,50.98065390618582,5.0100632547441055,2026-09-22
Powell,OH,3964486,14,5,0.35714285714285715,14113.0,182736.0,1.2470771628994544,0.7298235669241125,2026-09-23
Prescott,AZ,0457380,34,37,1.088235294117647,46054.0,66330.0,0.6188387545055805,8.657228470925435,2026-09-22
Prior Lake,MN,2752594,18,12,0.6666666666666666,27608.0,129539.0,1.2279049550854824,3.6909591422776007,2026-09-23
Prospect Heights,IL,1762016,19,5,0.2631578947368421,15861.0,84459.0,1.191602042746359,31.782359245949184,2026-09-22
Prosper,TX,4859696,234,73,0.31196581196581197,31507.0,178224.0,7.4903989589615,10.042212841590757,2026-09-23
Prosser,WA,5356450,20,9,0.45,6138.0,64622.0,0.0,53.27468230694037,2026-09-22
Providence,RI,4459000,60,90,1.5,189715.0,61365.0,12.694831721266109,42.58440292016973,2026-09-22
Provo,UT,4962470,24,34,1.4166666666666667,114400.0,57943.0,0.7036713286713286,17.522727272727273,2026-09-23
Puyallup,WA,5356695,45,41,0.9111111111111111,42610.0,90592.0,3.6329500117343345,7.852616756629899,2026-09-22
Quincy,IL,1762367,21,22,1.0476190476190477,39441.0,54199.0,6.173778555310464,1.9015745036890546,2026-09-22
Quincy,MA,2555745,49,54,1.1020408163265305,100981.0,90668.0,6.0377694813875875,5.387152038502292,2026-09-23
Racine,WI,5566000,37,47,1.2702702702702702,77453.0,52766.0,21.134107135940507,23.36126425057777,2026-09-23
Radcliff,KY,2163912,17,14,0.8235294117647058,22981.0,54558.0,26.521909403420217,8.550541751881989,2026-09-22
Radford,VA,5165392,5,4,0.8,16379.0,51039.0,8.797850906648758,3.2419561633799376,2026-09-22
Raleigh,NC,3755000,29,105,3.6206896551724137,465517.0,78631.0,27.45979201618845,11.607954167087346,2026-09-22
Ramsey,MN,2753026,8,8,1.0,27774.0,110212.0,6.19284222654281,1.710232591632462,2026-09-22
Rantoul,IL,1762783,34,26,0.7647058823529411,12544.0,46078.0,22.488839285714285,14.540816326530612,2026-09-22
Reading,OH,3965732,4,2,0.5,10527.0,59966.0,7.181533200341978,4.227225230360027,2026-09-23
Red Oak,TX,4861196,6,9,1.5,14853.0,105309.0,34.50481384232142,18.238739648555846,2026-09-22
Redlands,CA,0659962,55,69,1.2545454545454546,73234.0,94473.0,4.949886664663954,37.63279351121064,2026-09-22
Redwood City,CA,0660102,25,41,1.64,83077.0,145620.0,1.8356464484755106,36.14237394224635,2026-09-23
Reedley,CA,0660242,40,16,0.4,25248.0,61629.0,1.0495880861850444,81.29752851711027,2026-09-23
Rehoboth Beach,DE,1060290,31,7,0.22580645161290322,1357.0,147273.0,0.07369196757553427,2.800294767870302,2026-09-22
Reno,NV,3260600,29,100,3.4482758620689653,265196.0,73073.0,3.2545739754747434,23.57426205523462,2026-09-23
Renton,WA,5357745,23,64,2.782608695652174,105355.0,92292.0,8.230269090218783,14.772910635470552,2026-09-23
Reynoldsburg,OH,3966390,38,47,1.236842105263158,40926.0,68778.0,29.370082588085815,7.249670136343645,2026-09-23
Rich Creek,VA,5166896,2,1,0.5,707.0,36875.0,1.4144271570014144,0.0,2026-09-23
Richland Hills,TX,4861844,4,4,1.0,8513.0,73601.0,2.7722307059790907,28.286150593210383,2026-09-23
Richmond,CA,0660620,188,76,0.40425531914893614,115619.0,86618.0,17.76524619655939,44.01179736894455,2026-09-22
Richmond Heights,MO,2961706,7,9,1.2857142857142858,9186.0,94384.0,7.4352275201393425,1.3281079904202047,2026-09-22
Richmond,TX,4861892,2,1,0.5,11931.0,51832.0,26.041404743944348,48.52904199145084,2026-09-23
Richmond,VA,5167000,103,128,1.2427184466019416,227171.0,59606.0,43.743259482944566,7.618049839107985,2026-09-23
Ridgecrest,CA,0660704,24,30,1.25,28118.0,85872.0,3.5457713919908955,21.7262963226403,2026-09-22
Rio Vista,CA,0660984,9,4,0.4444444444444444,10074.0,83538.0,11.276553504069883,20.001985308715504,2026-09-23
River Falls,WI,5568275,9,0,0.0,16165.0,72247.0,0.7856480049489638,2.3074543767398703,2026-09-22
River Grove,IL,1764343,8,12,1.5,10532.0,72466.0,0.0284846183061147,34.58982149639195,2026-09-23
Riverwoods,IL,1764538,6,4,0.6666666666666666,4007.0,233036.0,1.7718991764412277,5.041177938607437,2026-09-23
Roanoke,VA,5168000,5,31,6.2,99213.0,51523.0,28.719018676987893,6.892241944100068,2026-09-22
Roanoke Rapids,NC,3756900,16,11,0.6875,15143.0,45732.0,33.9893019877171,5.9961698474542695,2026-09-23
Rockport,TX,4862804,6,7,1.1666666666666667,10265.0,62394.0,0.3604481246955675,26.03994154895275,2026-09-23
Rockwood,TN,4764440,4,2,0.5,5468.0,43309.0,0.3840526700804682,1.1887344550109729,2026-09-23
Rocky Mount,VA,5168496,4,6,1.5,4916.0,58678.0,26.444263628966638,2.9902359641985354,2026-09-22
Rogers,MN,2755186,10,10,1.0,13283.0,154611.0,1.1367913874877664,1.0163366709327712,2026-09-22
Rolling Meadows,IL,1765338,11,11,1.0,24054.0,91287.0,3.172029600066517,26.66084642886838,2026-09-22
Rome,GA,1366668,32,21,0.65625,37621.0,48512.0,24.443794689136386,21.004226362935594,2026-09-23
Roseburg,OR,4163650,15,16,1.0666666666666667,23657.0,50297.0,0.14794775330768906,6.023587098955912,2026-09-22
Roselle,IL,1765806,12,10,0.8333333333333334,22846.0,104167.0,0.9016895736671627,9.257638098573054,2026-09-22
Roseville,MN,2755852,10,10,1.0,36066.0,87702.0,8.015859812565852,4.940941607053735,2026-09-22
Rossford,OH,3968686,20,15,0.75,6314.0,74886.0,0.7918910357934749,4.38707633829585,2026-09-23
Rossville,GA,1367256,3,1,0.3333333333333333,3982.0,42845.0,8.638874937217478,3.365143144148669,2026-06-01
Roswell,GA,1367284,99,126,1.2727272727272727,92770.0,122924.0,11.401315080306134,16.14853939851245,2026-09-23
Round Lake Park,IL,1766066,6,4,0.6666666666666666,7778.0,56097.0,1.671380817690923,47.570069426587814,2026-09-23
Round Rock,TX,4863500,63,91,1.4444444444444444,120465.0,91888.0,10.661187896899515,28.113559955173702,2026-09-23
Roxboro,NC,3758160,6,6,1.0,8131.0,39787.0,34.62058787357029,6.407575943918337,2026-09-23
Russellville,AR,0561670,24,21,0.875,28946.0,43669.0,4.674220963172805,16.858978788088166,2026-09-23
Saginaw,TX,4864112,20,23,1.15,24106.0,99752.0,7.272048452667386,39.230896872148016,2026-09-22
St. Croix Falls,WI,5570550,3,2,0.6666666666666666,2268.0,61840.0,0.0,2.4691358024691357,2026-09-23
St. Johns,AZ,0462350,16,8,0.5,3419.0,83690.0,6.0251535536706635,36.99912255045335,2026-09-22
St. Louis Park,MN,2757220,16,32,2.0,49500.0,94263.0,5.151515151515151,4.977777777777778,2026-09-23
Salisbury,MD,2469925,29,47,1.6206896551724137,32960.0,53309.0,39.699635922330096,5.203276699029126,2026-09-22
San Angelo,TX,4864472,30,42,1.4,99422.0,65040.0,4.158033433244151,44.15219971434894,2026-09-22
San Bernardino,CA,0665000,28,42,1.5,221041.0,61323.0,11.543107387317285,67.47752679367176,2026-09-23
San Bruno,CA,0665028,70,47,0.6714285714285714,43218.0,131669.0,1.0412328196584757,29.494655004859087,2026-09-22
San Diego,CA,0666000,500,100,0.2,1383987.0,98657.0,5.5634193095744395,30.10360646451159,2026-09-22
San Francisco,CA,0667000,483,459,0.9503105590062112,851036.0,136689.0,4.927406126180326,15.453752837717794,2026-09-23
San Gabriel,CA,0667042,20,22,1.1,39211.0,84056.0,1.1374359235928693,26.518068909234653,2026-09-22
San Jose,CA,0668000,516,575,1.1143410852713178,1001176.0,136010.0,2.7632504175090093,30.794485684834633,2026-09-22
San Juan Bautista,CA,0668014,9,4,0.4444444444444444,1976.0,103036.0,0.9109311740890689,54.30161943319838,2026-09-22
San Leandro,CA,0668084,86,93,1.0813953488372092,89723.0,97141.0,10.10331798981309,28.26922862588188,2026-09-22
San Marcos,TX,4865600,3,17,5.666666666666667,67143.0,47394.0,5.690838955661796,41.88671938995874,2026-09-22
San Marino,CA,0668224,40,39,0.975,12442.0,174253.0,0.5063494615013664,6.357498794406044,2026-09-22
San Mateo,CA,0668252,66,76,1.1515151515151516,104165.0,149152.0,1.8566697067153075,24.7136754188067,2026-09-23
San Rafael,CA,0668364,22,31,1.4090909090909092,60891.0,113839.0,1.638994268446897,32.495771132022796,2026-09-22
Sand Springs,OK,4065300,6,10,1.6666666666666667,19925.0,70431.0,1.6260978670012547,5.39021329987453,2026-09-22
Santa Ana,CA,0669000,24,27,1.125,311379.0,84210.0,0.9303774499885991,77.01996602211453,2026-09-22
Santa Barbara,CA,0669070,12,12,1.0,88640.0,98346.0,1.1777978339350181,36.1067238267148,2026-08-20
Santa Clara,CA,0669084,55,79,1.4363636363636363,128058.0,165352.0,2.2318012150744195,15.261834481250684,2026-09-23
Santa Maria,CA,0669196,155,153,0.9870967741935484,109543.0,81237.0,1.1675780287193156,77.7548542581452,2026-09-22
Santa Paula,CA,0670042,12,13,1.0833333333333333,30788.0,72014.0,0.5554111991685072,81.7136546706509,2026-09-23
Santa Rosa,CA,0670098,142,213,1.5,178221.0,92604.0,1.6423429337732367,33.95503335746068,2026-09-22
Saratoga Springs,NY,3665255,12,11,0.9166666666666666,28505.0,97241.0,3.0871776881248905,4.300999824592177,2026-09-23
Sartell,MN,2758612,8,6,0.75,19382.0,74177.0,1.9760602620988545,2.213393870601589,2026-09-23
Sausalito,CA,0670364,12,13,1.0833333333333333,7233.0,163170.0,0.2488593944421402,8.502695976773124,2026-09-23
Savannah,GA,1369000,105,118,1.1238095238095238,147583.0,54748.0,51.74376452572451,6.446541945888076,2026-09-23
Scottsbluff,NE,3144245,8,7,0.875,14454.0,55744.0,0.51196900511969,29.860246298602462,2026-09-23
Scottsville,VA,5170800,4,3,0.75,571.0,52206.0,20.665499124343256,0.0,2026-09-22
Seaside,CA,0670742,30,32,1.0666666666666667,32291.0,80239.0,5.880895605586696,44.60066272335945,2026-09-22
SeaTac,WA,5362288,30,34,1.1333333333333333,30927.0,79433.0,23.856177450124488,21.098069647880493,2026-09-22
Sedalia,MO,2966440,11,12,1.0909090909090908,21767.0,48518.0,4.44709881931364,13.814489824045573,2026-09-22
Seelyville,IN,1868652,2,2,1.0,907.0,53750.0,0.0,9.48180815876516,2026-09-22
Selah,WA,5363280,16,16,1.0,8203.0,66843.0,0.8899183225649153,27.550896013653542,2026-09-23
Seneca,SC,4565095,4,3,0.75,8834.0,48108.0,18.474077428118633,7.652252660176591,2026-09-23
Sevierville,TN,4767120,17,26,1.5294117647058822,17986.0,49449.0,1.1675747803847436,18.025130657177804,2026-09-22
Shaker Heights,OH,3971682,18,11,0.6111111111111112,29157.0,96494.0,35.432314710018176,3.4365675481016567,2026-09-23
Sharon,WI,5572875,3,2,0.6666666666666666,1601.0,60000.0,0.6870705808869456,28.419737663960024,2026-09-23
Sharpsburg,NC,3761060,3,0,0.0,1504.0,35521.0,58.111702127659576,0.0,2026-09-23
Shelby,MI,2672840,65,0,0.0,2520.0,51316.0,2.3015873015873014,51.62698412698413,2026-09-22
Shelton,WA,5363735,12,10,0.8333333333333334,10484.0,57907.0,0.7439908431896223,25.572300648607403,2026-09-22
Shenandoah,VA,5171776,4,1,0.25,3020.0,64410.0,1.6225165562913908,10.562913907284768,2026-08-20
Sherwood,AR,0563800,16,15,0.9375,32715.0,74917.0,27.815986550511997,2.674614091395384,2026-09-22
Shrewsbury,MO,2967700,8,14,1.75,6352.0,82681.0,8.705919395465996,1.2437027707808563,2026-09-23
Sidney,OH,3972424,19,17,0.8947368421052632,20350.0,63851.0,4.407862407862408,2.6535626535626538,2026-09-22
Siloam Springs,AR,0564370,12,18,1.5,17632.0,59911.0,0.890426497277677,24.597323049001815,2026-09-23
Silverthorne,CO,0870525,1,8,8.0,4550.0,97558.0,0.0,20.52747252747253,2026-09-23
Simi Valley,CA,0672016,26,37,1.4230769230769231,126153.0,112144.0,0.9464697629069463,26.150785157705325,2026-09-23
Sioux City,IA,1973335,12,27,2.25,85469.0,64250.0,5.108284875217915,21.36915138822263,2026-09-23
Sioux Falls,SD,4659020,34,47,1.3823529411764706,193401.0,71785.0,6.739365360055015,5.708346906169048,2026-09-23
Slinger,WI,5574400,5,3,0.6,6055.0,92984.0,0.0,2.939719240297275,2026-09-22
Smithfield,NC,3762520,8,10,1.25,11527.0,37000.0,28.871345536566324,17.64552789103843,2026-07-22
Smithfield,VA,5173200,17,17,1.0,8625.0,101081.0,21.75072463768116,5.379710144927536,2026-09-23
Smyrna,GA,1371492,58,86,1.4827586206896552,55863.0,92258.0,32.611925603709075,11.200615792205932,2026-09-23
Snellville,GA,1371604,77,44,0.5714285714285714,20895.0,88586.0,39.191194065565924,13.376405838717396,2026-09-22
South Gate,CA,0673080,2,13,6.5,92381.0,67188.0,0.8270098829845964,95.25118801485154,2026-09-23
South Hill,VA,5173904,8,4,0.5,4683.0,56250.0,47.57633995302157,6.705103566090113,2026-09-22
South Lyon,MI,2675100,2,2,1.0,11788.0,82753.0,0.9161859518154055,2.9606379368849676,2026-09-23
South Pasadena,CA,0673220,13,20,1.5384615384615385,26583.0,127882.0,3.460858443366061,18.161983222360156,2026-09-22
South St. Paul,MN,2761492,9,8,0.8888888888888888,20598.0,82644.0,4.2965336440431106,16.506456937566753,2026-09-22
South San Francisco,CA,0673262,37,47,1.2702702702702702,65596.0,127062.0,1.865967437038844,29.148118787730958,2026-09-23
South Sioux City,NE,3146030,35,16,0.45714285714285713,13835.0,62650.0,10.639681966028188,48.61582941814239,2026-09-23
South Tucson,AZ,0468850,10,3,0.3,4642.0,34014.0,3.4037052994398964,71.86557518311074,2026-09-23
Southern Shores,NC,3763130,12,12,1.0,3098.0,112371.0,2.001291155584248,0.2905100064557779,2026-09-23
Spanish Fork,UT,4971290,8,13,1.625,42694.0,93989.0,0.5644821286363424,11.980606174169672,2026-09-23
Sparks,NV,3268400,61,62,1.0163934426229508,108025.0,82938.0,1.7366350381856053,34.186530895626014,2026-09-22
Sparta,TN,4770180,3,3,1.0,4950.0,42670.0,5.898989898989899,4.929292929292929,2026-09-22
Spring Hill,TN,4770580,12,14,1.1666666666666667,51319.0,104880.0,4.43305598316413,7.556655429762856,2026-09-22
Spring Lake Park,MN,2761996,2,5,2.5,6966.0,74697.0,6.890611541774333,12.4031007751938,2026-09-23
Springdale,AR,0566080,154,30,0.19480519480519481,86705.0,59985.0,3.33083443861369,38.780923822155586,2026-09-23
Springdale,OH,3974104,12,14,1.1666666666666667,10991.0,70405.0,38.12209989991811,13.183513784005095,2026-09-22
Springfield,FL,1268275,7,6,0.8571428571428571,8295.0,52188.0,14.5750452079566,6.799276672694394,2026-09-22
Springfield,IL,1772000,141,121,0.8581560283687943,114214.0,62419.0,20.10348993993731,3.102071549897561,2026-09-23
Springfield,MO,2970000,41,62,1.5121951219512195,168873.0,43450.0,4.2457941766889915,4.593984828835871,2026-09-22
Springfield,OH,3974118,38,43,1.131578947368421,58645.0,45113.0,17.36038877994714,4.933071873134964,2026-09-22
St. Anthony,ID,1671020,10,6,0.6,3730.0,44313.0,0.2949061662198391,16.380697050938338,2026-09-23
St. Augustine,FL,1262500,8,17,2.125,14642.0,72806.0,4.808086327004507,8.735145471930064,2026-09-23
St. Charles,IL,1766703,10,24,2.4,32776.0,110346.0,3.4659506956309496,9.635098852819135,2026-09-23
St. Clairsville,OH,3969526,4,1,0.25,5085.0,71732.0,2.1828908554572273,3.421828908554572,2026-09-23
St. Cloud,MN,2756896,5,12,2.4,68910.0,58910.0,18.035118270207516,4.073429110433899,2026-09-23
St. Helena,CA,0664140,4,3,0.75,5426.0,135781.0,0.4976041282712864,23.05565794323627,2026-09-23
St. Joseph,MO,2964550,23,43,1.8695652173913044,72198.0,54515.0,6.669159810521067,7.771683426133688,2026-09-23
St. Pauls,NC,3758720,4,1,0.25,2261.0,36490.0,25.342768686421937,32.5077399380805,2026-09-23
St. Peters,MO,2965126,11,41,3.727272727272727,57692.0,88708.0,5.206961103792554,2.4301462941135688,2026-09-23
Stanley,VA,5175024,4,4,1.0,1811.0,42976.0,0.16565433462175594,1.7117614577581446,2026-09-22
Stanwood,WA,5367455,13,13,1.0,8051.0,85357.0,0.0,1.9252266799155384,2026-09-22
Sterling Heights,MI,2676460,24,27,1.125,133744.0,75381.0,5.842505084340232,2.018034453882043,2026-09-23
Sterling,IL,1772546,11,10,0.9090909090909091,14852.0,49007.0,1.932399676811204,26.629410180447078,2026-09-23
Stillwater,MN,2762824,17,24,1.411764705882353,19316.0,107986.0,2.8422033547318284,6.642161938289501,2026-09-22
Stockton,CA,0675000,147,142,0.9659863945578231,320030.0,71612.0,11.12770677748961,45.224197731462674,2026-09-22
Stoughton,WI,5577675,4,0,0.0,13091.0,73014.0,0.9777709877014743,2.7194255595447254,2026-09-23
Strasburg,VA,5176000,5,3,0.6,7104.0,56244.0,5.22240990990991,6.151463963963964,2026-09-22
Streator,IL,1773170,14,5,0.35714285714285715,12279.0,46615.0,3.3146021663001872,17.71316882482287,2026-09-22
Suffolk,VA,5176432,267,134,0.50187265917603,94856.0,87758.0,41.029560597115626,4.820991819178544,2026-09-22
Sugar Grove,IL,1773391,7,7,1.0,9251.0,118628.0,5.848016430656145,9.177386228515836,2026-09-22
Suisun City,CA,0675630,29,17,0.5862068965517241,29350.0,95394.0,21.049403747870528,30.156729131175467,2026-09-23
Sultan,WA,5368260,6,4,0.6666666666666666,5462.0,79084.0,0.8604906627608935,22.83046503112413,2026-09-22
Summerset,SD,4662155,5,5,1.0,2950.0,98194.0,0.06779661016949153,1.11864406779661,2026-09-23
Sumner,WA,5368435,12,11,0.9166666666666666,10589.0,83285.0,0.849938615544433,17.952592312777412,2026-09-23
Sun Prairie,WI,5578600,9,10,1.1111111111111112,35847.0,90384.0,7.671492733004157,4.577788936312662,2026-09-22
Sunnyside,WA,5368750,46,27,0.5869565217391305,16329.0,49134.0,0.0,86.07998040296405,2026-09-22
Sunnyvale,CA,0677000,20,30,1.5,154573.0,174506.0,1.1528533443745026,16.687907978754374,2026-09-23
Sunset Valley,TX,4871324,11,14,1.2727272727272727,562.0,141250.0,0.8896797153024911,17.615658362989326,2026-09-04
Surf City,NC,3766040,4,9,2.25,3888.0,85714.0,3.883744855967078,5.73559670781893,2026-09-23
Surfside Beach,SC,4570585,14,6,0.42857142857142855,4179.0,69375.0,1.531466858100024,0.574300071787509,2026-09-23
Sylvania,OH,3976022,16,19,1.1875,19042.0,86048.0,1.5544585652767566,2.7623148828904527,2026-09-23
Tabor City,NC,3766520,1,0,0.0,3709.0,34722.0,42.14073874359666,9.787004583445672,2026-09-23
Tallahassee,FL,1270600,80,131,1.6375,198259.0,52899.0,35.156033269611974,7.354016715508502,2026-09-22
Tappahannock,VA,5177568,6,3,0.5,1919.0,40703.0,47.524752475247524,1.771756122980719,2026-09-22
Taylor,MI,2679000,77,54,0.7012987012987013,62937.0,59352.0,20.137597915375693,7.658452102896548,2026-09-22
Taylor,TX,4871948,8,11,1.375,16449.0,66626.0,7.891057207125053,42.7989543437291,2026-09-23
Tega Cay,SC,4571417,9,4,0.4444444444444444,12816.0,140172.0,3.9169787765293385,11.891385767790263,2026-09-23
Telluride,CO,0876795,2,2,1.0,2622.0,81429.0,0.0,9.763539282990084,2026-09-23
Tempe,AZ,0473000,33,91,2.757575757575758,181005.0,72022.0,6.94953178089003,23.47835695146543,2026-09-22
Temple,GA,1375832,4,3,0.75,5395.0,71917.0,17.868396663577386,3.5959221501390175,2026-09-22
Temple,TX,4872176,216,179,0.8287037037037037,83473.0,61003.0,12.734656715345082,28.810513579241192,2026-09-22
Terre Haute,IN,1875428,46,65,1.4130434782608696,58599.0,41230.0,10.885851294390688,3.84818853564054,2026-09-23
Texarkana,AR,0568810,8,9,1.125,29404.0,45233.0,34.71976601822881,4.608216569174262,2026-09-22
Texarkana,TX,4872368,11,13,1.1818181818181819,36156.0,48054.0,38.10985728509791,9.320721318729948,2026-09-22
The Colony,TX,4872530,21,38,1.8095238095238095,44323.0,106518.0,10.418969835074341,21.156058931029037,2026-09-23
Thomasville,GA,1376224,42,24,0.5714285714285714,18744.0,45789.0,55.367050789586,1.8405889884763125,2026-09-23
Thornton,CO,0877290,16,31,1.9375,141799.0,95064.0,1.9725103844173795,37.322548113879506,2026-09-23
Thunderbolt,GA,1376364,2,2,1.0,2552.0,63148.0,38.009404388714735,1.371473354231975,2026-09-23
Tiburon,CA,0678666,10,7,0.7,9115.0,200886.0,0.5924300603400987,3.477783872737246,2026-09-23
Timberville,VA,5178736,5,3,0.6,2966.0,54646.0,0.9103169251517195,13.047875927174646,2026-09-23
Timnath,CO,0877510,7,5,0.7142857142857143,7122.0,162976.0,0.0,1.3338949733221006,2026-09-22
Toledo,OH,3977000,115,188,1.6347826086956523,269962.0,45405.0,27.74464554270601,8.918292204087983,2026-09-23
Tonawanda,NY,3674166,13,0,0.0,15096.0,59532.0,0.3444621091679915,2.3251192368839426,2026-09-23
Toppenish,WA,5371960,25,29,1.16,8820.0,64327.0,0.09070294784580499,90.51020408163265,2026-09-23
Tracy,CA,0680238,175,90,0.5142857142857142,94027.0,111717.0,5.513310006700203,40.97865506716156,2026-09-22
Travelers Rest,SC,4572430,8,23,2.875,7929.0,44375.0,16.458569807037456,4.578130911842603,2026-09-23
Trophy Club,TX,4873710,10,8,0.8,13251.0,183125.0,0.5659950192438307,11.214247981284432,2026-09-23
Troutman,NC,3768500,15,7,0.4666666666666667,3689.0,74219.0,18.216318785578746,5.855245323936026,2026-09-23
Troy,MI,2680700,27,31,1.1481481481481481,87170.0,115639.0,3.981874498107147,2.5972238155328666,2026-09-23
Troy,OH,3977588,13,17,1.3076923076923077,26494.0,69730.0,3.3290556352381673,2.8647995772627763,2026-09-22
Truckee,CA,0680588,25,23,0.92,16784.0,107423.0,0.14895138226882745,14.781935176358436,2026-09-23
Tukwila,WA,5372625,29,38,1.3103448275862069,21569.0,76331.0,17.038342065000695,22.22170707960499,2026-09-23
Tulare,CA,0680644,8,13,1.625,69261.0,65933.0,2.7100388385960352,62.974834322345906,2026-09-22
Twin Falls,ID,1682810,40,46,1.15,52315.0,58024.0,0.8334129790691006,15.07980502723884,2026-09-23
Twinsburg,OH,3978050,14,16,1.1428571428571428,19291.0,91554.0,17.049401275206055,2.851070447358872,2026-09-22
Hallettsville,TX,4831868,9,2,0.2222222222222222,2729.0,47090.0,24.954195676071823,22.75558812751924,2026-09-23
Liberty,TX,4842568,9,9,1.0,8348.0,57962.0,8.936272160996646,30.007187350263536,2026-09-23
Ukiah,CA,0681134,14,15,1.0714285714285714,16496.0,62934.0,0.30916585838991273,36.3421435499515,2026-09-23
Union Gap,WA,5373290,15,13,0.8666666666666667,6512.0,55667.0,0.0,50.537469287469285,2026-09-22
Universal City,TX,4874408,12,12,1.0,19798.0,71287.0,10.667744216587534,40.98393777149207,2026-09-23
Upland,CA,0681344,12,30,2.5,78847.0,93994.0,6.493588849290398,43.723921011579385,2026-09-22
Upper Arlington,OH,3979002,20,16,0.8,36500.0,144705.0,0.9205479452054794,3.1315068493150684,2026-09-22
Urbandale,IA,1979950,28,29,1.0357142857142858,45591.0,111888.0,4.3319953499594215,5.740168015617117,2026-09-23
Cedar City,UT,4911320,44,40,0.9090909090909091,35812.0,60778.0,1.206299564391824,13.579247179716296,2026-09-23
Vacaville,CA,0681554,260,92,0.35384615384615387,101631.0,106764.0,8.264210723106139,26.095384282354793,2026-09-23
Vail,CO,0880040,5,3,0.6,4833.0,96667.0,0.0,3.45541071798055,2026-09-22
Vallejo,CA,0681666,97,103,1.0618556701030928,125132.0,86112.0,17.84195889141067,29.258702809832815,2026-09-22
Vernon Hills,IL,1777694,34,22,0.6470588235294118,26750.0,117253.0,1.6,11.94392523364486,2026-09-22
Vienna,VA,5181072,4,10,2.5,16401.0,215556.0,5.097250167672703,8.408023900981647,2026-09-22
Bloomingdale,IL,1706587,17,13,0.7647058823529411,22435.0,96779.0,4.542010251838645,11.508803209271228,2026-09-22
Pingree Grove,IL,1759988,14,11,0.7857142857142857,10213.0,106597.0,12.944286693429943,15.470478801527465,2026-09-22
Virginia Beach,VA,5182000,94,202,2.148936170212766,457900.0,87544.0,18.242847783358812,8.765887748416684,2026-09-22
Visalia,CA,0682954,13,36,2.769230769230769,141466.0,75658.0,2.2394073487622466,52.48823038751361,2026-09-23
Wadsworth,OH,3980304,15,21,1.4,24073.0,72325.0,1.7446932247746438,1.524529555934034,2026-09-23
Walker,MI,2682960,7,10,1.4285714285714286,25175.0,72020.0,2.8123138033763655,5.227408142999007,2026-09-22
Wapakoneta,OH,3980766,7,8,1.1428571428571428,9879.0,63008.0,0.516246583662314,5.081485980362385,2026-09-22
Warner Robins,GA,1380508,123,39,0.3170731707317073,80374.0,63678.0,40.25804364595516,6.987334212556299,2026-09-23
Warr Acres,OK,4078500,6,4,0.6666666666666666,10424.0,54221.0,12.874136607828088,36.108979278587874,2026-09-22
Warren,OH,3980892,21,20,0.9523809523809523,39204.0,33296.0,27.647689011325376,3.6628915416794205,2026-09-22
Warrenton,MO,2977128,4,3,0.75,8648.0,62096.0,1.2719703977798336,6.556429232192414,2026-09-23
Warrenville,IL,1778929,14,16,1.1428571428571428,13945.0,95919.0,4.0014342058085335,21.269272140552168,2026-09-23
Warwick,RI,4474300,11,19,1.7272727272727273,82783.0,81009.0,2.674462148025561,6.364833359506179,2026-09-23
Washington,IA,1982335,8,7,0.875,7329.0,56399.0,1.1734206576613453,10.601719197707736,2026-09-23
Watauga,TX,4876672,16,16,1.0,23509.0,88775.0,7.546046195074227,27.061976264409374,2026-09-23
Waterville,OH,3981858,5,4,0.8,5980.0,101473.0,0.451505016722408,7.54180602006689,2026-09-23
Watsonville,CA,0683668,33,48,1.4545454545454546,52457.0,72295.0,0.3907962712316755,82.56286100997006,2026-09-23
Wauconda,IL,1779267,3,0,0.0,14040.0,108229.0,0.6196581196581197,17.742165242165242,2026-09-23
Waukee,IA,1982695,11,10,0.9090909090909091,25045.0,106846.0,3.4018766220802554,4.847274905170693,2026-09-23
Waupaca,WI,5584375,4,3,0.75,6294.0,56076.0,1.1280584683825865,2.9551954242135365,2026-09-22
Wausau,WI,5584475,20,21,1.05,39906.0,59259.0,0.7091665413722247,4.713576905728462,2026-09-23
Waxhaw,NC,3771460,7,29,4.142857142857143,20665.0,124711.0,8.028066779578998,10.152431647713525,2026-09-23
Wayzata,MN,2768818,11,9,0.8181818181818182,4365.0,118456.0,0.7789232531500573,3.207331042382589,2026-09-23
Webster Groves,MO,2978154,6,7,1.1666666666666667,23838.0,105930.0,3.7628995721117544,3.2846715328467155,2026-09-22
Webster,TX,4876948,62,53,0.8548387096774194,12297.0,58555.0,13.629340489550296,32.41441001870375,2026-09-23
Wellington,KS,2076475,4,4,1.0,7710.0,48333.0,1.608300907911803,10.830090791180286,2026-09-22
Wentzville,MO,2978442,27,38,1.4074074074074074,44584.0,109158.0,5.894491297326395,3.0055625336443565,2026-09-22
West Covina,CA,0684200,41,45,1.0975609756097562,108173.0,96219.0,4.114705148234772,53.15929113549592,2026-09-23
West Des Moines,IA,1983910,57,62,1.087719298245614,68744.0,82345.0,4.387291981845689,5.673222390317701,2026-09-23
West Lafayette,IN,1882862,4,11,2.75,44861.0,30317.0,3.6156126702480997,4.857225652571276,2026-09-22
West Melbourne,FL,1276500,14,26,1.8571428571428572,26762.0,86398.0,3.923473581944548,14.404753007996414,2026-09-23
West Milton,OH,3983902,2,1,0.5,4717.0,56643.0,0.0,0.6147975408098367,2026-09-23
West Sacramento,CA,0684816,32,39,1.21875,54163.0,87044.0,4.418145228292377,33.6853571626387,2026-09-22
Westminster,CA,0684550,26,24,0.9230769230769231,90638.0,80271.0,0.7513404973631369,24.147708466647543,2026-09-23
Westminster,SC,4576165,4,2,0.5,2215.0,40750.0,8.442437923250564,4.288939051918736,2026-09-23
Weyauwega,WI,5586400,1,1,1.0,1857.0,61316.0,0.0,2.046311254711901,2026-09-23
White Settlement,TX,4878544,14,21,1.5,18106.0,52999.0,5.661106815420303,35.89970175632387,2026-09-22
Whitehall,OH,3984742,32,12,0.375,20035.0,47879.0,41.297728974294984,10.147242325929623,2026-09-23
Whitestown,IN,1884014,9,14,1.5555555555555556,10253.0,113000.0,4.847361747781137,2.535843167853311,2026-09-23
Whiteville,NC,3773660,9,5,0.5555555555555556,4761.0,34121.0,44.801512287334596,0.33606385213190504,2026-09-22
Whitewater,WI,5586925,13,12,0.9230769230769231,15725.0,46135.0,3.5930047694753577,9.812400635930048,2026-09-22
Wichita,KS,2079000,191,364,1.905759162303665,395951.0,60712.0,9.685794454364302,17.56252667628065,2026-09-23
Wilkesboro,NC,3774020,4,7,1.75,3674.0,43480.0,7.7844311377245505,8.247142079477408,2026-09-23
Williams,CA,0685586,3,2,0.6666666666666666,5539.0,84457.0,0.07221520129987362,87.39844737317205,2026-09-22
Williamsburg,VA,5186160,32,41,1.28125,15486.0,66815.0,15.16208188040811,7.677902621722846,2026-09-23
Willits,CA,0685600,4,3,0.75,4968.0,45592.0,0.7045088566827697,22.86634460547504,2026-09-22
Willmar,MN,2770420,13,7,0.5384615384615384,21006.0,59132.0,11.420546510520804,23.869370656003046,2026-09-23
Willowbrook,IL,1781919,17,18,1.0588235294117647,9177.0,95649.0,2.9748283752860414,7.224583197123243,2026-09-23
Wilmette,IL,1782075,22,25,1.1363636363636365,27801.0,183750.0,0.3812812488759397,3.8559764037264848,2026-09-23
Wilmington,OH,3985792,17,18,1.0588235294117647,12669.0,48407.0,4.704396558528692,2.9205146420396244,2026-09-23
Winchester,IN,1884752,13,4,0.3076923076923077,4654.0,60022.0,0.17189514396218306,1.4181349376880104,2026-09-23
Windsor,CO,0885485,15,18,1.2,33905.0,121754.0,0.5014009733077717,7.715676153959593,2026-09-23
Winston,OR,4183400,5,1,0.2,5618.0,51182.0,0.1245995016019936,15.290138839444642,2026-09-22
Winters,CA,0686034,9,5,0.5555555555555556,7270.0,128679.0,0.4264099037138927,48.940852819807425,2026-09-23
Wisconsin Rapids,WI,5588200,6,8,1.3333333333333333,18783.0,51186.0,1.0488207421604643,4.051535963371133,2026-09-23
Wolverine Lake,MI,2688260,3,2,0.6666666666666666,4493.0,85195.0,0.7344758513242822,3.983975072334743,2026-09-22
Woodland,CA,0686328,38,47,1.236842105263158,61227.0,84494.0,1.5777353128521732,49.57453411076813,2026-09-23
Woodridge,IL,1783245,23,18,0.782608695652174,34027.0,95756.0,10.788491492050431,15.702236459282334,2026-09-22
Woodstock,GA,1384176,8,17,2.125,35171.0,100913.0,11.810866907395297,9.948537147081403,2026-09-23
Woodstock,IL,1783349,19,15,0.7894736842105263,26084.0,82287.0,2.181413893574605,22.469713234166537,2026-09-22
Woodstock,VA,5187712,10,13,1.3,5798.0,64470.0,4.553294239392894,18.851328044153156,2026-09-22
Woonsocket,RI,4480780,15,20,1.3333333333333333,43029.0,54398.0,6.2585698017616025,24.093053522043274,2026-09-23
Worthington,OH,3986604,14,23,1.6428571428571428,14997.0,119408.0,3.847436153897446,1.4202840568113624,2026-09-22
Wright City,MO,2981124,2,2,1.0,4828.0,74904.0,7.60149130074565,10.542667771333885,2026-09-23
Wrightsville Beach,NC,3775820,4,4,1.0,2848.0,125074.0,0.702247191011236,1.9311797752808988,2026-09-23
Wylie,TX,4880356,6,7,1.1666666666666667,57063.0,109465.0,13.16089234705501,17.981879676848397,2026-09-23
Wyoming,MI,2688940,44,50,1.1363636363636365,76732.0,67234.0,9.015795235364646,24.06557889798259,2026-09-22
Wyoming,MN,2772022,4,6,1.5,8037.0,99821.0,0.0,1.2815727261415952,2026-09-23
Wyoming,OH,3986730,8,8,1.0,8720.0,137917.0,13.646788990825687,1.4220183486238531,2026-09-22
Wytheville,VA,5188000,11,7,0.6363636363636364,8228.0,39459.0,5.201750121536218,2.297034516285853,2026-09-23
Yelm,WA,5380220,8,6,0.75,10438.0,88818.0,3.4297758191224372,10.222264801686146,2026-09-22
Yuba City,CA,0686972,15,22,1.4666666666666666,69535.0,70412.0,2.164377651542389,31.364061264111598,2026-09-22
Yukon,OK,4082950,7,7,1.0,24198.0,75865.0,1.7563434994627656,9.35614513596165,2026-09-23
Zanesville,OH,3988084,17,14,0.8235294117647058,24772.0,40927.0,8.594380752462458,2.8822864524463103,2026-09-23
Zionsville,IN,1886372,11,26,2.3636363636363638,30832.0,152788.0,2.581733264141152,2.7828230409963672,2026-09-22
