state,h_tract,w_tract,base_r30,base_r45,base_r60,base_r90,avoid_r30,avoid_r45,avoid_r60,avoid_r90
az,04001944901,04001944902,0,0,0,0,0,0,0,0
az,04001944902,04001944901,0,0,0,0,0,0,0,0
az,04003000102,04003000201,6,6,6,6,0,0,0,0
az,04003000202,04011960200,9,10,11,11,1,1,2,2
az,04003000202,04019004118,4,4,5,5,1,1,1,2
az,04003000305,04019000600,1,1,2,2,0,0,0,1
az,04003000305,04019004062,0,0,1,1,0,0,0,1
az,04003000800,04003000501,0,0,0,0,0,0,0,0
az,04003000901,04003000502,2,2,2,2,0,0,0,0
az,04003001100,04003002100,2,2,2,2,0,0,0,0
az,04003001302,04013216860,8,9,11,12,0,0,0,3
az,04003001302,04019004510,10,13,14,13,0,0,0,2
az,04003001502,04003001702,1,1,1,1,0,0,0,0
az,04003001701,04019004626,3,3,4,4,0,0,0,1
az,04003001702,04013422638,8,9,12,13,0,0,0,3
az,04003001703,04003001702,0,0,0,0,0,0,0,0
az,04003001802,04003001801,0,0,0,0,0,0,0,0
az,04003002001,04003001601,0,0,0,0,0,0,0,0
az,04003002002,04013114600,5,6,8,9,0,0,0,3
az,04003002002,04021001408,7,8,10,10,0,0,0,2
az,04005000100,04005001201,1,1,1,1,1,1,1,1
az,04005000100,04005002201,0,0,0,0,0,0,0,0
az,04005000200,04013050701,11,12,13,15,0,0,0,2
az,04005000301,04007000800,8,9,11,12,0,0,0,0
az,04005000302,04013614900,3,3,3,4,0,0,0,2
az,04005000500,04005000800,1,1,1,1,0,0,0,0
az,04005000602,04005000200,1,1,1,1,0,0,0,1
az,04005000700,04005000200,5,5,5,5,0,0,0,1
az,04005000800,04013110002,2,2,2,3,0,0,0,1
az,04005000902,04005000400,4,4,4,4,0,0,0,0
az,04005001000,04013614602,2,2,2,3,0,0,0,2
az,04005001104,04005000800,6,6,6,6,0,0,0,0
az,04005001104,04005001101,1,1,1,1,0,0,0,0
az,04005001104,04013318700,1,1,1,3,0,0,0,1
az,04005001201,04005002201,1,1,1,1,1,1,1,1
az,04005002102,04005942201,0,0,0,0,0,0,0,0
az,04005002201,04005000902,3,3,3,3,1,1,1,1
az,04005942201,04013117300,2,3,4,5,0,0,0,3
az,04005980100,04025001004,8,8,9,9,0,0,0,1
az,04007000400,04013523103,7,7,11,12,0,0,2,4
az,04007000600,04013422401,12,15,19,20,0,0,1,1
az,04007001100,04007001000,0,0,0,0,0,0,0,0
az,04007001100,04013113702,4,4,5,5,1,1,2,4
az,04009961300,04009961202,5,5,5,5,0,0,0,1
az,04009961400,04009961700,3,3,3,3,0,0,0,0
az,04009961600,04003000202,4,5,5,4,1,1,1,1
az,04011960300,04009961201,5,5,6,6,0,0,0,1
az,04011960300,04009961300,8,8,9,9,0,0,0,0
az,04013010102,04013216819,1,1,1,1,1,1,1,1
az,04013010103,04013619500,0,0,0,0,0,0,0,0
az,04013040502,04005001602,6,6,6,6,3,3,3,3
az,04013040523,04013103208,5,7,10,11,0,0,0,2
az,04013040528,04013061045,0,0,0,0,0,0,0,0
az,04013040529,04013114100,1,1,1,2,0,0,0,1
az,04013040532,04013613601,2,2,2,2,0,0,0,0
az,04013040532,04025000502,5,8,8,8,0,1,1,2
az,04013040534,04013107700,7,13,14,14,0,0,0,0
az,04013040535,04013106502,0,0,0,0,0,0,0,0
az,04013040538,04013061039,0,1,1,1,0,0,0,0
az,04013040538,04013112514,1,3,3,4,0,0,0,2
az,04013040540,04013092708,0,0,0,1,0,0,0,1
az,04013040541,04013092900,1,1,1,2,0,0,0,1
az,04013040541,04013103219,6,8,10,11,0,0,0,1
az,04013050609,04013114301,0,0,0,0,0,0,0,0
az,04013050611,04013108501,3,3,3,3,0,0,0,0
az,04013050611,04013318700,4,4,4,5,0,0,0,0
az,04013050611,04021001500,3,6,6,6,0,1,1,1
az,04013050612,04013061021,2,2,2,2,0,0,0,0
az,04013050612,04013618000,1,2,2,3,0,0,0,1
az,04013050613,04013109705,2,2,2,2,0,0,0,0
az,04013050615,04013114704,5,5,6,5,0,0,0,0
az,04013050616,04013108502,0,1,2,2,0,0,0,0
az,04013050616,04013420213,11,14,15,15,0,0,0,0
az,04013050617,04013050701,1,1,1,1,0,0,0,0
az,04013050618,04013107800,0,3,3,3,0,0,0,4
az,04013050618,04013113100,0,2,2,2,0,0,0,0
az,04013050618,04013816800,1,3,3,3,0,0,0,0
az,04013050621,04013061039,1,2,2,2,0,0,0,0
az,04013050621,04013112514,1,2,2,2,0,0,0,0
az,04013050621,04013319905,1,2,2,2,0,0,0,0
az,04013060801,04013112514,1,3,3,3,0,0,0,2
az,04013060801,04013216816,5,8,10,11,0,0,0,2
az,04013060902,04013093200,1,1,1,1,0,0,0,0
az,04013060903,04013113800,1,1,1,1,0,0,0,0
az,04013060904,04013092720,3,4,5,4,0,0,0,0
az,04013061015,04013082025,4,4,4,4,0,0,0,0
az,04013061015,04013108501,2,2,2,2,0,0,0,0
az,04013061024,04019004613,3,5,6,7,0,0,0,3
az,04013061026,04013523005,5,5,5,5,0,0,0,0
az,04013061027,04013216813,7,9,11,12,0,0,0,2
az,04013061032,04013116800,4,4,4,4,0,0,0,0
az,04013061032,04013523104,5,5,5,5,0,0,0,0
az,04013061033,04013422307,4,4,4,4,0,0,0,0
az,04013061034,04013104224,5,6,6,7,0,0,0,3
az,04013061037,04013318700,5,5,5,6,0,0,0,1
az,04013061039,04013113100,4,4,4,4,0,0,0,1
az,04013061040,04013061045,1,1,1,1,0,0,0,0
az,04013061042,04013060801,0,1,1,1,0,1,1,1
az,04013061042,04013104223,3,3,4,4,0,0,0,2
az,04013061044,04013061010,2,2,3,3,1,1,1,2
az,04013061044,04013103607,5,8,8,10,0,0,0,3
az,04013061045,04013111800,1,1,1,1,0,0,0,0
az,04013061045,04013216850,7,8,9,9,0,0,0,2
az,04013061045,04013422307,1,1,1,1,0,0,0,0
az,04013061046,04013614700,1,2,2,3,0,0,0,1
az,04013061048,04013117300,1,1,1,1,0,0,0,0
az,04013061049,04013422304,2,2,2,2,0,0,0,0
az,04013061050,04013110502,1,1,1,1,0,0,0,0
az,04013061050,04013112514,2,2,2,2,0,0,0,0
az,04013061050,04019003503,8,9,10,12,0,0,0,4
az,04013061051,04013061053,0,0,0,0,0,0,0,0
az,04013061052,04013112514,0,0,0,0,0,0,0,0
az,04013061053,04013061027,2,3,3,3,0,0,0,0
az,04013061053,04013105501,1,2,2,2,0,0,0,1
az,04013061053,04013114100,1,2,2,2,0,0,0,1
az,04013061055,04013092720,1,1,1,1,0,0,0,0
az,04013061055,04021001405,5,5,5,5,0,0,0,1
az,04013061056,04013113100,0,0,1,1,0,0,0,0
az,04013061064,04013061024,2,4,2,2,0,0,0,1
az,04013061300,04013981000,2,1,1,1,0,0,0,1
az,04013071503,04013114100,1,1,1,1,0,0,0,0
az,04013071504,04013216816,5,7,8,9,0,0,0,3
az,04013071506,04013092720,0,0,0,0,0,0,0,0
az,04013071512,04013105501,2,2,2,2,0,0,0,0
az,04013071513,04013114900,1,1,1,1,0,0,0,0
az,04013071514,04013071801,0,0,0,0,0,0,0,0
az,04013071515,04013071516,0,0,0,0,0,0,0,0
az,04013071515,04013111800,3,3,3,4,0,0,0,0
az,04013071516,04013108502,5,5,5,6,0,0,0,2
az,04013071516,04013619800,5,6,6,7,1,1,1,2
az,04013071910,04013114100,1,1,1,1,0,0,0,0
az,04013071911,04013111700,1,1,1,1,0,0,0,0
az,04013071913,04013104216,3,3,3,3,0,0,0,1
az,04013071914,04013216860,3,5,5,5,0,0,0,0
az,04013082007,04013093104,0,0,0,1,0,0,0,1
az,04013082009,04013107602,2,2,2,2,0,0,0,2
az,04013082010,04013216852,5,6,7,7,0,0,0,0
az,04013082016,04013104224,1,2,2,3,0,0,0,2
az,04013082018,04013106502,0,0,1,1,0,0,0,0
az,04013082018,04013113100,0,0,0,0,0,0,0,0
az,04013082018,04013617700,0,1,1,1,0,0,0,0
az,04013082018,04013811100,1,1,1,1,1,1,1,3
az,04013082019,04013104402,4,6,6,7,0,0,0,0
az,04013082020,04013082017,0,0,0,0,0,0,0,0
az,04013082022,04013082027,3,3,4,4,1,1,1,1
az,04013082023,04013616700,0,0,0,1,0,0,0,1
az,04013082023,04013618500,3,4,4,5,0,0,0,2
az,04013082025,04013061010,4,5,5,5,1,1,1,3
az,04013082205,04013112512,0,0,0,0,0,0,0,0
az,04013082207,04013114100,0,0,0,0,0,0,0,0
az,04013082208,04013216860,0,1,1,1,0,0,0,1
az,04013082209,04013110501,0,0,0,0,0,0,0,0
az,04013082210,04013082027,1,2,3,3,0,0,0,0
az,04013082210,04013107602,0,0,0,0,0,0,0,0
az,04013082211,04013082209,0,0,0,0,0,0,0,0
az,04013082211,04013111402,0,0,0,0,0,0,0,0
az,04013082211,04013116703,0,0,0,0,0,0,0,0
az,04013082212,04013117100,1,1,1,1,0,0,0,0
az,04013082213,04013082027,1,2,3,3,0,0,0,0
az,04013083000,04013061018,3,3,3,3,0,0,0,1
az,04013092305,04013061028,3,3,3,3,0,0,0,1
az,04013092306,04013114100,0,1,1,1,0,0,0,0
az,04013092307,04013117200,0,0,0,0,0,0,0,0
az,04013092308,04013110600,1,1,1,1,0,0,0,1
az,04013092309,04013422307,0,0,0,0,0,0,0,0
az,04013092309,04013614800,1,2,2,2,0,0,0,1
az,04013092311,04013107602,1,2,2,2,0,0,0,1
az,04013092311,04013319705,1,2,2,2,0,0,0,1
az,04013092312,04013113800,1,1,1,1,0,0,0,0
az,04013092402,04013941300,4,5,6,6,0,0,0,0
az,04013092500,04013612301,2,2,2,2,0,0,0,1
az,04013092705,04013115200,0,0,0,0,0,0,0,0
az,04013092705,04013117300,0,0,0,0,0,0,0,0
az,04013092711,04013108501,2,2,2,2,0,0,0,2
az,04013092711,04013318400,0,0,0,0,0,0,0,0
az,04013092713,04013112510,0,0,0,0,0,0,0,0
az,04013092713,04013112512,0,0,0,0,0,0,0,0
az,04013092713,04013114100,0,0,0,1,0,0,0,1
az,04013092717,04013115200,0,0,0,0,0,0,0,0
az,04013092721,04013110501,2,2,2,2,0,0,0,0
az,04013092724,04013104215,3,5,5,6,0,0,0,2
az,04013092724,04013115600,1,1,1,1,0,0,0,1
az,04013092802,04013109003,2,2,2,2,0,0,0,0
az,04013093001,04013107800,0,0,0,0,0,0,0,0
az,04013093001,04013110502,2,2,2,2,0,0,0,0
az,04013093002,04013092900,0,0,0,0,0,0,0,0
az,04013093002,04013103217,0,0,0,0,0,0,0,0
az,04013093002,04013113800,0,0,0,0,0,0,0,0
az,04013093101,04013092720,0,1,1,1,0,0,0,1
az,04013093101,04013113100,0,0,0,0,0,0,0,0
az,04013093104,04013318700,1,2,2,3,0,0,0,0
az,04013093106,04013112514,0,0,0,0,0,0,0,0
az,04013093200,04013616400,8,8,9,9,0,0,0,1
az,04013103205,04013216858,4,5,5,5,0,0,0,0
az,04013103208,04013614900,0,0,0,1,0,0,0,1
az,04013103208,04013618400,1,1,1,1,0,0,0,0
az,04013103212,04013216816,0,0,0,0,0,0,0,0
az,04013103214,04013216842,1,1,1,1,1,1,1,1
az,04013103216,04013216816,0,0,0,0,0,0,0,0
az,04013103216,04013614800,0,0,0,0,0,0,0,0
az,04013103217,04013319001,13,18,19,20,1,1,1,1
az,04013103219,04013216855,3,4,5,5,0,0,0,0
az,04013103220,04013110502,0,0,0,0,0,0,0,0
az,04013103302,04013114100,0,0,0,0,0,0,0,0
az,04013103303,04013114100,0,0,0,0,0,0,0,0
az,04013103306,04013216845,2,3,3,3,0,0,0,0
az,04013103400,04013103702,0,0,0,0,0,0,0,0
az,04013103400,04013941300,5,5,4,4,0,0,0,0
az,04013103501,04013619900,0,0,0,0,0,0,0,0
az,04013103502,04013104100,1,1,1,1,0,0,0,0
az,04013103502,04021001407,3,3,3,4,0,0,0,1
az,04013103604,04013103609,0,0,0,0,0,0,0,0
az,04013103604,04013104224,0,0,1,1,0,0,0,0
az,04013103605,04013216816,2,2,3,3,0,0,0,0
az,04013103606,04013092308,2,2,2,2,0,0,0,0
az,04013103609,04013422218,0,0,0,0,0,0,0,0
az,04013103611,04013319401,0,0,1,1,0,0,0,0
az,04013103612,04013103215,0,0,0,0,0,0,0,0
az,04013103615,04013112507,1,1,1,1,0,0,0,0
az,04013103615,04013319710,2,2,3,3,0,0,0,0
az,04013103615,04013615002,0,0,0,0,0,0,0,0
az,04013103702,04013104219,1,1,1,1,0,0,0,0
az,04013103900,04013216810,3,4,6,6,0,0,0,0
az,04013104000,04013113800,0,0,0,0,0,0,0,0
az,04013104100,04013217300,3,3,3,3,0,0,0,0
az,04013104203,04013114100,0,2,2,2,0,0,0,0
az,04013104206,04013112516,0,0,0,0,0,0,0,0
az,04013104206,04013216816,3,3,3,3,0,0,0,1
az,04013104207,04013104402,0,0,0,0,0,0,0,0
az,04013104207,04013615900,7,7,7,7,0,0,0,0
az,04013104212,04013110502,0,0,0,0,0,0,0,0
az,04013104214,04013111800,0,0,0,0,0,0,0,0
az,04013104216,04013112512,2,3,3,3,0,0,0,1
az,04013104217,04013113100,0,0,0,0,0,0,0,0
az,04013104218,04013092402,0,0,0,0,0,0,0,0
az,04013104218,04013320100,0,0,0,0,0,0,0,0
az,04013104222,04013092720,2,3,3,3,0,0,0,2
az,04013104222,04013104401,2,2,2,2,0,0,0,2
az,04013104225,04013813100,0,0,0,0,0,0,0,0
az,04013104226,04013111000,0,0,0,0,0,0,0,0
az,04013104226,04013115200,0,0,0,0,0,0,0,0
az,04013104302,04013104205,0,1,1,1,0,0,0,0
az,04013104302,04013616500,0,0,0,0,0,0,0,0
az,04013104302,04013815402,0,1,1,1,0,0,0,0
az,04013104401,04013216807,2,3,4,4,0,0,0,0
az,04013104401,04013614800,0,0,0,0,0,0,0,0
az,04013104402,04013318700,1,1,1,2,0,0,0,0
az,04013104502,04013092500,2,2,2,2,0,0,0,0
az,04013104502,04013810400,1,1,2,2,0,0,0,0
az,04013104702,04013103219,0,0,0,0,0,0,0,0
az,04013104702,04013103615,1,1,1,1,0,0,0,0
az,04013104702,04013110100,2,2,2,2,0,0,0,0
az,04013104702,04019004510,2,3,4,5,0,0,0,2
az,04013104802,04013103501,0,0,0,0,0,0,0,0
az,04013105101,04013108502,0,0,0,0,0,0,0,0
az,04013105103,04013216816,3,4,4,4,0,0,0,0
az,04013105300,04013110502,0,0,0,0,0,0,0,0
az,04013105300,04013320100,0,0,1,1,0,0,0,0
az,04013105602,04013109603,0,0,0,1,0,0,0,1
az,04013105701,04019004118,2,3,4,5,0,0,0,2
az,04013105702,04013106900,0,0,0,0,0,0,0,0
az,04013105800,04013107500,0,0,0,0,0,0,0,0
az,04013106002,04013104600,0,0,0,0,0,0,0,0
az,04013106002,04013114800,0,0,0,0,0,0,0,0
az,04013106002,04021001500,2,5,5,5,0,1,1,1
az,04013106100,04013110502,0,0,0,0,0,0,0,0
az,04013106100,04013110901,0,0,1,1,0,0,0,0
az,04013106100,04013319710,1,1,2,2,0,0,0,0
az,04013106200,04013112514,0,0,0,0,0,0,0,0
az,04013106200,04013319910,0,0,1,1,0,0,0,0
az,04013106300,04013103219,0,0,0,0,0,0,0,0
az,04013106300,04013319710,1,1,1,1,0,0,0,0
az,04013106400,04013116204,0,0,0,0,0,0,0,0
az,04013106501,04013113301,0,0,0,0,0,0,0,0
az,04013106502,04013421400,6,7,7,7,0,0,0,0
az,04013106702,04013112700,0,0,0,0,0,0,0,0
az,04013106703,04013319710,1,1,1,1,0,0,0,0
az,04013106703,04013320100,0,0,0,0,0,0,0,0
az,04013106801,04013110100,0,0,0,0,0,0,0,0
az,04013106900,04013613000,0,0,0,0,0,0,0,0
az,04013107002,04013110501,0,0,0,0,0,0,0,0
az,04013107101,04013093200,0,0,0,0,0,0,0,0
az,04013107102,04013112510,0,0,0,0,0,0,0,0
az,04013107102,04013113800,0,0,0,0,0,0,0,0
az,04013107102,04013116900,0,0,0,0,0,0,0,0
az,04013107202,04013107500,0,0,0,0,0,0,0,0
az,04013107202,04013115200,2,2,2,2,0,0,0,0
az,04013107300,04013112523,0,0,0,0,0,0,0,0
az,04013107401,04013114100,0,0,0,0,0,0,0,0
az,04013107402,04015953100,9,10,10,9,2,2,2,3
az,04013107403,04013319705,0,0,0,0,0,0,0,0
az,04013107500,04013106300,0,0,1,1,0,0,0,0
az,04013107700,04013422307,0,0,0,0,0,0,0,0
az,04013107800,04013108501,0,0,0,0,0,0,0,0
az,04013107800,04013216816,5,7,8,8,0,0,0,0
az,04013108200,04013103211,2,3,3,3,0,0,0,0
az,04013108200,04013114100,0,0,0,0,0,0,0,0
az,04013108301,04013114100,0,0,0,0,0,0,0,0
az,04013108400,04013614700,0,0,1,1,0,0,0,0
az,04013108501,04013108100,0,0,0,0,0,0,0,0
az,04013108501,04013115200,0,0,0,0,0,0,0,0
az,04013108601,04013110501,0,0,0,0,0,0,0,0
az,04013108901,04013113800,0,0,0,0,0,0,0,0
az,04013108902,04013110501,0,0,0,0,0,0,0,0
az,04013108902,04013113701,0,0,0,0,0,0,0,0
az,04013109002,04013104219,0,0,0,0,0,0,0,0
az,04013109002,04013107800,0,0,0,0,0,0,0,0
az,04013109003,04013114100,0,0,0,0,0,0,0,0
az,04013109101,04013109705,0,0,0,0,0,0,0,0
az,04013109102,04013319906,2,2,2,2,0,0,0,0
az,04013109300,04013105002,3,3,3,3,0,0,0,2
az,04013109300,04013109603,0,0,0,0,0,0,0,0
az,04013109300,04013114302,0,0,0,0,0,0,0,0
az,04013109401,04013216842,3,3,3,3,0,0,0,0
az,04013109402,04013092600,0,0,0,0,0,0,0,0
az,04013109500,04013112512,0,0,0,0,0,0,0,0
az,04013109601,04013116204,0,0,0,0,0,0,0,0
az,04013109602,04013616600,2,2,2,3,0,0,0,1
az,04013109603,04013116204,0,0,0,0,0,0,0,0
az,04013109604,04013030402,3,3,3,4,0,0,0,1
az,04013109702,04013110501,2,2,2,2,0,0,0,0
az,04013109703,04013114100,0,0,0,0,0,0,0,0
az,04013109801,04013105004,8,8,8,8,0,0,0,0
az,04013109801,04013106900,0,0,0,0,0,0,0,0
az,04013109801,04013812400,0,0,0,0,0,0,0,0
az,04013109900,04021002005,2,2,2,2,0,0,0,0
az,04013110001,04013319705,0,0,0,0,0,0,0,0
az,04013110002,04013421304,3,4,4,4,0,0,0,0
az,04013110002,04013421601,8,9,9,9,0,0,0,0
az,04013110400,04013061300,2,1,1,2,0,0,0,0
az,04013110400,04013114000,0,0,0,0,0,0,0,0
az,04013110400,04013941300,3,3,3,3,0,0,0,0
az,04013110502,04013113100,0,0,0,0,0,0,0,0
az,04013110502,04013116712,0,0,0,0,0,0,0,0
az,04013110701,04013113800,0,0,0,0,0,0,0,0
az,04013110801,04013113301,0,0,0,0,0,0,0,0
az,04013110801,04013117200,1,1,1,1,0,0,0,0
az,04013110802,04013108301,0,0,0,0,0,0,0,0
az,04013110901,04013117100,0,0,0,0,0,0,0,0
az,04013111100,04013114000,0,0,0,0,0,0,0,0
az,04013111100,04013114100,0,0,0,0,0,0,0,0
az,04013111201,04013071801,4,5,5,5,0,0,0,0
az,04013111202,04013216816,6,7,7,7,0,0,0,0
az,04013111203,04013050701,7,7,8,8,0,0,0,0
az,04013111203,04013116203,0,0,0,0,0,0,0,0
az,04013111300,04013216816,6,7,7,7,0,0,0,0
az,04013111300,04013217600,1,1,1,1,0,0,0,0
az,04013111300,04013319705,0,0,0,0,0,0,0,0
az,04013111501,04013113800,0,0,0,0,0,0,0,0
az,04013111602,04013216845,1,2,2,2,0,0,0,0
az,04013111900,04013422226,0,0,0,0,0,0,0,0
az,04013112302,04013092900,1,1,1,1,0,0,0,0
az,04013112401,04013422307,0,0,0,0,0,0,0,0
az,04013112402,04013112401,0,0,0,0,0,0,0,0
az,04013112507,04013612301,0,0,0,0,0,0,0,0
az,04013112514,04013114000,0,0,0,0,0,0,0,0
az,04013112514,04013319403,0,0,0,0,0,0,0,0
az,04013112515,04013112524,0,0,0,0,0,0,0,0
az,04013112515,04013114000,0,0,0,0,0,0,0,0
az,04013112516,04013112523,0,0,0,0,0,0,0,0
az,04013112520,04013082017,0,0,0,0,0,0,0,0
az,04013112520,04013110501,0,0,0,0,0,0,0,0
az,04013112521,04013083000,2,2,1,1,0,0,0,1
az,04013112522,04013112514,0,0,0,0,0,0,0,0
az,04013112524,04013104501,0,0,0,0,0,0,0,0
az,04013112524,04013114100,0,0,0,0,0,0,0,0
az,04013112700,04013112510,0,0,0,0,0,0,0,0
az,04013112700,04013114301,0,0,0,0,0,0,0,0
az,04013113000,04013113100,0,0,0,0,0,0,0,0
az,04013113000,04013614700,0,0,0,0,0,0,0,0
az,04013113100,04013108802,0,0,0,0,0,0,0,0
az,04013113100,04013422401,0,0,0,0,0,0,0,0
az,04013113201,04013113100,0,0,0,0,0,0,0,0
az,04013113201,04013617900,1,3,3,4,0,0,0,1
az,04013113204,04005000700,2,2,2,2,2,2,2,2
az,04013113503,04013217201,2,2,2,2,0,0,0,0
az,04013113601,04013110501,0,0,0,0,0,0,0,0
az,04013113602,04013318400,0,0,0,0,0,0,0,0
az,04013114000,04013114302,0,0,0,0,0,0,0,0
az,04013114000,04013114800,0,0,0,0,0,0,0,0
az,04013114900,04013115400,0,0,0,0,0,0,0,0
az,04013115200,04013614700,0,0,0,0,0,0,0,0
az,04013115400,04013217700,2,2,3,3,0,0,0,0
az,04013115600,04013115200,0,0,0,0,0,0,0,0
az,04013115700,04013113204,0,0,0,0,0,0,0,0
az,04013115900,04013216816,2,2,2,2,0,0,0,0
az,04013116000,04013050611,1,1,1,1,0,0,0,0
az,04013116000,04013082017,0,0,0,0,0,0,0,0
az,04013116000,04013319710,4,4,4,4,0,0,0,0
az,04013116000,04013319910,1,1,1,1,0,0,0,0
az,04013116000,04013422103,2,2,2,2,0,0,0,1
az,04013116202,04013105102,0,0,0,0,0,0,0,0
az,04013116400,04013116800,0,0,0,0,0,0,0,0
az,04013116500,04013116719,1,1,1,1,0,0,0,1
az,04013116500,04013319710,4,4,4,4,0,0,0,0
az,04013116605,04013112512,0,0,0,0,0,0,0,0
az,04013116606,04013113800,0,0,0,0,0,0,0,0
az,04013116610,04013216809,6,8,8,7,0,0,0,1
az,04013116610,04013812400,0,0,0,0,0,0,0,0
az,04013116611,04013811200,0,0,0,0,0,0,0,0
az,04013116612,04013114100,0,0,0,0,0,0,0,0
az,04013116614,04013103609,0,0,0,0,0,0,0,0
az,04013116615,04013812400,1,1,1,1,0,0,0,1
az,04013116616,04013319403,1,1,1,1,0,0,0,0
az,04013116617,04013104401,1,1,1,1,0,0,0,0
az,04013116617,04013113301,0,0,0,0,0,0,0,0
az,04013116617,04013116737,0,0,0,0,0,0,0,0
az,04013116617,04013420113,5,7,7,7,0,0,0,4
az,04013116619,04013320100,0,0,0,0,0,0,0,0
az,04013116621,04013810400,2,2,2,2,0,0,0,1
az,04013116703,04013320100,0,0,0,0,0,0,0,0
az,04013116708,04013217300,4,5,5,4,0,0,0,0
az,04013116710,04013111900,0,0,0,0,0,0,0,0
az,04013116710,04013319910,1,1,1,1,0,0,0,0
az,04013116712,04013092311,1,2,2,2,0,0,0,0
az,04013116712,04013319710,1,1,1,1,0,0,0,0
az,04013116718,04013082002,0,0,0,0,0,0,0,0
az,04013116718,04013319710,1,1,1,1,0,0,0,0
az,04013116719,04013117100,0,0,0,0,0,0,0,0
az,04013116719,04013216821,5,8,8,7,0,0,0,0
az,04013116719,04013614602,0,0,0,0,0,0,0,0
az,04013116720,04013114100,0,0,0,0,0,0,0,0
az,04013116720,04013612301,0,0,1,1,0,0,0,0
az,04013116725,04013103219,9,11,11,10,0,0,0,0
az,04013116725,04013320001,0,0,0,0,0,0,0,0
az,04013116727,04013111800,0,0,0,0,0,0,0,0
az,04013116729,04013422647,6,7,7,7,0,0,0,0
az,04013116730,04019004043,10,14,18,20,2,2,2,7
az,04013116732,04013216816,2,2,2,2,0,0,0,0
az,04013116738,04013113800,0,0,0,0,0,0,0,0
az,04013116738,04013319001,4,5,5,4,1,1,1,1
az,04013116900,04013092600,0,0,0,0,0,0,0,0
az,04013116900,04013421002,2,3,3,3,0,0,0,0
az,04013117100,04013617800,3,4,4,4,0,0,0,1
az,04013117200,04013116800,0,0,0,0,0,0,0,0
az,04013117300,04013116738,0,0,0,0,0,0,0,0
az,04013216806,04013217300,3,4,4,4,0,0,0,2
az,04013216806,04013421201,1,1,1,1,0,0,0,0
az,04013216813,04013103614,2,4,4,4,0,0,0,0
az,04013216819,04013110501,4,7,7,7,0,0,0,0
az,04013216819,04013110502,4,7,7,7,0,0,0,0
az,04013216820,04013422633,6,8,9,9,0,0,0,1
az,04013216821,04013103219,3,6,6,6,0,0,0,2
az,04013216826,04013216850,0,0,0,0,0,0,0,0
az,04013216830,04013217300,4,5,5,5,0,0,0,0
az,04013216831,04013107500,0,3,3,3,0,0,0,0
az,04013216832,04013612301,0,1,1,1,0,0,0,0
az,04013216833,04005002202,1,2,2,2,1,1,1,1
az,04013216833,04013216816,1,2,2,2,0,0,0,0
az,04013216838,04013216810,0,0,0,0,0,0,0,0
az,04013216839,04013216816,2,2,2,2,0,0,0,0
az,04013216839,04013319401,0,1,1,1,0,0,0,0
az,04013216841,04013216860,1,2,2,2,0,0,0,0
az,04013216842,04013614700,0,0,1,1,0,0,0,0
az,04013216850,04013103219,2,5,5,5,0,0,0,1
az,04013216850,04013216806,2,3,3,3,0,0,0,1
az,04013216850,04021000206,7,10,10,11,0,0,0,1
az,04013216852,04013319906,1,1,1,1,0,0,0,0
az,04013216852,04013941300,3,3,2,2,0,0,0,0
az,04013216854,04013318400,0,1,1,1,0,0,0,0
az,04013216855,04013216816,1,2,2,2,0,0,0,0
az,04013216859,04013216816,2,2,2,2,0,0,0,0
az,04013216860,04013104401,3,6,6,6,0,0,0,0
az,04013216860,04013217201,2,3,3,3,0,0,0,0
az,04013217001,04013061200,4,6,6,6,0,0,0,0
az,04013217002,04013104224,3,4,6,6,0,0,0,0
az,04013217002,04013319710,2,4,4,4,0,0,0,0
az,04013217203,04013319910,9,10,11,11,0,0,0,0
az,04013217204,04013216845,6,8,8,9,0,0,0,1
az,04013217300,04013216810,3,4,4,4,0,0,0,2
az,04013217400,04013319001,11,12,12,12,1,1,1,1
az,04013217501,04013117200,0,0,0,0,0,0,0,0
az,04013217600,04013422638,1,1,1,1,0,0,0,0
az,04013217800,04013114100,0,2,2,2,0,0,0,0
az,04013217800,04013116725,1,2,2,2,0,0,0,0
az,04013217900,04013217201,1,1,1,1,0,0,0,0
az,04013218000,04013108400,1,1,1,1,0,0,0,0
az,04013218000,04013318700,7,8,9,9,0,0,0,0
az,04013218000,04013421002,2,4,5,5,0,0,0,0
az,04013218100,04013816302,6,8,8,8,0,0,0,0
az,04013218300,04013108502,1,1,1,1,0,0,0,0
az,04013218300,04013110501,0,2,2,2,0,0,0,0
az,04013218300,04013217201,1,1,1,1,0,0,0,0
az,04013318501,04013318700,3,3,3,3,0,0,0,1
az,04013318900,04013111800,0,0,0,0,0,0,0,0
az,04013318900,04013113100,1,1,1,1,0,0,0,0
az,04013318900,04013420109,6,8,8,8,0,0,0,0
az,04013318900,04013618200,0,0,0,0,0,0,0,0
az,04013318900,04013810400,11,10,10,9,0,0,0,0
az,04013319002,04013108100,4,6,6,8,0,0,0,1
az,04013319103,04013107700,1,1,1,1,0,0,0,2
az,04013319103,04013112900,1,1,1,1,0,0,0,2
az,04013319104,04013319710,1,1,1,2,0,0,0,0
az,04013319104,04013815402,0,0,0,0,0,0,0,0
az,04013319201,04013216845,2,3,3,3,0,0,0,0
az,04013319201,04013421201,1,2,2,2,0,0,0,0
az,04013319202,04013216835,4,5,5,5,0,0,0,1
az,04013319202,04013810000,0,0,0,0,0,0,0,0
az,04013319401,04013318700,2,2,2,2,0,0,0,0
az,04013319500,04019004069,5,8,12,14,0,0,0,4
az,04013319600,04013107002,0,0,0,0,0,0,0,0
az,04013319706,04013216842,15,18,19,20,0,0,0,0
az,04013319710,04013812200,2,2,2,2,0,0,0,1
az,04013319904,04005000200,5,5,5,6,1,1,1,2
az,04013319904,04013110502,0,0,0,0,0,0,0,0
az,04013319904,04013217203,4,5,5,5,0,0,0,0
az,04013319904,04013619400,0,0,0,0,0,0,0,0
az,04013319905,04013814500,0,0,0,0,0,0,0,0
az,04013319909,04013319910,0,0,0,0,0,0,0,0
az,04013319909,04013617700,5,6,7,7,0,0,0,2
az,04013320001,04013112512,0,0,0,0,0,0,0,0
az,04013320001,04013319709,3,3,3,3,0,0,0,1
az,04013320002,04013319902,2,2,2,2,0,0,0,0
az,04013320002,04013422225,5,5,5,4,0,0,0,1
az,04013320007,04013114301,4,3,3,3,0,0,0,0
az,04013420105,04013112510,3,5,5,5,0,0,0,0
az,04013420105,04013112524,3,5,5,5,0,0,0,0
az,04013420105,04013217600,4,6,6,6,0,0,0,0
az,04013420105,04013217700,4,6,6,6,0,0,0,0
az,04013420107,04013108502,2,2,2,2,0,0,0,0
az,04013420109,04013420706,0,0,0,0,0,0,0,0
az,04013420110,04013420216,0,0,0,0,0,0,0,0
az,04013420111,04013320100,4,7,7,8,0,0,0,1
az,04013420112,04013319403,1,1,1,1,0,0,0,0
az,04013420113,04013422218,2,2,3,4,0,0,0,3
az,04013420113,04013422514,2,2,3,4,0,0,0,3
az,04013420115,04013114100,0,0,0,0,0,0,0,0
az,04013420202,04013422625,0,0,0,0,0,0,0,0
az,04013420202,04013522801,2,4,5,5,0,0,0,0
az,04013420202,04013523104,6,6,6,8,0,0,0,2
az,04013420206,04013319709,0,0,0,0,0,0,0,0
az,04013420206,04013810900,6,7,7,7,0,0,0,0
az,04013420207,04013104214,2,2,2,2,0,0,0,0
az,04013420208,04013319710,9,9,9,9,0,0,0,0
az,04013420208,04013941300,0,2,2,2,0,0,0,0
az,04013420211,04013319910,0,0,0,0,0,0,0,0
az,04013420401,04013812200,6,9,9,9,0,0,0,0
az,04013420402,04013108501,0,0,0,0,0,0,0,0
az,04013420503,04013612301,2,4,4,4,0,0,0,0
az,04013420505,04013422637,4,5,5,5,0,0,0,0
az,04013420602,04013817600,0,0,0,0,0,0,0,0
az,04013420704,04013812200,10,12,13,13,0,0,0,0
az,04013420705,04013112523,2,4,4,4,0,0,0,0
az,04013420800,04013319401,0,0,0,0,0,0,0,0
az,04013421201,04013108100,0,0,0,0,0,0,0,0
az,04013421201,04013108400,0,0,0,0,0,0,0,0
az,04013421202,04013319710,3,3,3,3,0,0,0,2
az,04013421304,04013319710,3,4,4,5,0,0,0,0
az,04013421400,04013116900,6,7,7,7,0,0,0,0
az,04013421501,04013421400,0,0,0,0,0,0,0,0
az,04013421502,04013421400,2,2,2,2,0,0,0,0
az,04013421502,04021000225,2,4,5,5,0,0,0,0
az,04013421701,04013420213,0,0,0,0,0,0,0,0
az,04013421701,04013422307,4,6,7,7,0,0,0,0
az,04013421801,04013422507,0,1,2,1,0,0,0,0
az,04013421802,04013112523,1,1,1,1,0,0,0,0
az,04013421802,04013810000,0,0,0,0,0,0,0,0
az,04013421902,04013104402,1,1,1,1,0,0,0,0
az,04013422001,04013422301,2,3,3,3,0,0,0,0
az,04013422102,04013114301,0,0,0,0,0,0,0,0
az,04013422104,04013108902,0,0,0,0,0,0,0,0
az,04013422104,04013216816,1,1,1,1,0,0,0,0
az,04013422104,04013320100,1,2,2,3,0,0,0,1
az,04013422104,04013422107,0,0,0,0,0,0,0,0
az,04013422107,04013216831,1,2,3,3,0,0,0,0
az,04013422203,04013108602,0,0,0,0,0,0,0,0
az,04013422203,04013114100,0,0,0,0,0,0,0,0
az,04013422203,04013422224,1,1,1,1,0,0,0,0
az,04013422209,04013319910,0,0,0,0,0,0,0,0
az,04013422209,04013941300,6,8,8,8,0,0,0,0
az,04013422210,04013116203,1,1,1,1,0,0,0,0
az,04013422211,04013111202,0,0,0,0,0,0,0,0
az,04013422217,04013113702,0,0,0,0,0,0,0,0
az,04013422218,04013216835,1,1,1,1,0,0,0,1
az,04013422218,04013941200,1,1,1,1,1,1,1,1
az,04013422221,04013103609,0,0,0,0,0,0,0,0
az,04013422223,04019003304,11,15,18,20,0,0,0,4
az,04013422301,04013109001,0,0,0,0,0,0,0,0
az,04013422302,04013421400,2,2,2,2,0,0,0,0
az,04013422305,04013110701,0,0,0,0,0,0,0,0
az,04013422305,04013113204,0,0,0,0,0,0,0,0
az,04013422305,04013422508,0,0,0,0,0,0,0,0
az,04013422309,04013108602,0,0,0,0,0,0,0,0
az,04013422309,04013115200,0,0,0,0,0,0,0,0
az,04013422309,04013810100,0,0,0,0,0,0,0,0
az,04013422401,04013421400,2,2,2,2,0,0,0,0
az,04013422402,04013523102,1,1,2,2,0,0,0,0
az,04013422403,04013113800,0,0,0,0,0,0,0,0
az,04013422403,04013115200,0,0,0,0,0,0,0,0
az,04013422404,04013116500,4,4,5,5,0,0,0,0
az,04013422404,04013816800,5,5,5,5,0,0,0,0
az,04013422501,04013318700,11,12,12,12,0,0,0,0
az,04013422501,04013422636,0,0,0,0,0,0,0,0
az,04013422503,04013103215,1,2,3,3,0,0,0,0
az,04013422504,04013422226,0,0,0,0,0,0,0,0
az,04013422510,04013116712,10,12,12,12,0,0,0,0
az,04013422510,04013811200,2,2,2,2,0,0,0,0
az,04013422511,04013319910,0,0,1,1,0,0,0,0
az,04013422512,04013111203,0,0,0,0,0,0,0,0
az,04013422512,04013816002,0,0,0,0,0,0,0,0
az,04013422513,04013320100,11,12,12,13,0,0,0,1
az,04013422513,04013812200,6,6,6,6,0,0,0,1
az,04013422609,04013812200,0,1,2,3,0,0,0,1
az,04013422610,04013116719,0,0,0,0,0,0,0,0
az,04013422615,04013812400,2,3,3,4,0,0,0,1
az,04013422617,04013815201,0,0,0,0,0,0,0,0
az,04013422617,04021000307,1,2,4,4,0,0,0,0
az,04013422623,04013422510,0,0,0,0,0,0,0,0
az,04013422623,04013618900,0,0,1,1,0,0,0,0
az,04013422624,04013319902,0,0,0,0,0,0,0,0
az,04013422626,04013113204,11,13,13,14,0,0,0,2
az,04013422632,04013110501,0,0,0,0,0,0,0,0
az,04013422634,04013422643,0,0,0,0,0,0,0,0
az,04013422636,04013421400,2,2,2,2,0,0,0,0
az,04013422638,04013103219,2,4,4,4,0,0,0,0
az,04013422638,04013320100,1,2,2,3,0,0,0,1
az,04013422639,04013108400,1,1,2,2,0,0,0,1
az,04013422640,04013319710,3,3,4,4,0,0,0,0
az,04013422640,04013422307,5,5,5,5,0,0,0,0
az,04013422648,04013422652,0,0,0,0,0,0,0,0
az,04013422648,04021000206,7,10,10,10,0,0,0,0
az,04013422648,04021941200,5,4,4,6,0,0,0,0
az,04013422649,04013815401,1,1,1,1,0,0,0,0
az,04013422650,04013103604,0,0,1,1,0,0,0,0
az,04013422651,04013112514,2,2,3,3,0,0,0,0
az,04013422653,04013114900,0,0,0,0,0,0,0,0
az,04013422654,04013422615,2,3,3,3,0,0,0,0
az,04013422657,04013422638,0,0,0,0,0,0,0,0
az,04013422657,04013422639,3,3,3,3,0,0,0,0
az,04013422658,04013318700,1,1,1,1,0,0,0,0
az,04013422660,04013422224,1,1,1,1,0,0,0,0
az,04013522903,04013319202,6,5,5,5,0,0,0,0
az,04013522904,04013114100,7,6,6,6,0,0,0,0
az,04013523002,04013422307,5,5,5,5,0,0,0,0
az,04013523005,04017940100,6,7,7,7,2,2,2,3
az,04013523006,04013810800,0,0,0,0,0,0,0,0
az,04013523007,04013050702,6,6,6,6,0,0,0,0
az,04013523102,04013422607,1,1,1,1,0,0,0,1
az,04013523103,04013319905,0,0,0,0,0,0,0,0
az,04013523104,04013421201,6,7,8,8,0,0,0,0
az,04013610002,04013113204,0,0,0,0,0,0,0,0
az,04013610201,04013061029,6,11,14,14,0,0,0,0
az,04013610301,04013103220,0,0,0,0,0,0,0,0
az,04013610301,04013114100,0,0,0,0,0,0,0,0
az,04013610301,04013216858,1,1,1,1,0,0,0,0
az,04013610301,04013610002,0,0,0,0,0,0,0,0
az,04013610302,04013216813,0,0,1,1,0,0,0,0
az,04013610302,04019003304,3,6,9,11,0,0,0,4
az,04013610400,04013216858,1,1,1,1,0,0,0,0
az,04013610400,04013319710,1,1,1,1,0,0,0,0
az,04013610500,04013030402,1,1,1,1,0,0,0,0
az,04013610600,04013113702,0,0,0,0,0,0,0,0
az,04013610800,04013061043,7,11,14,14,0,0,0,1
az,04013610800,04013114000,0,0,0,0,0,0,0,0
az,04013610800,04013114800,0,0,0,0,0,0,0,0
az,04013610901,04013071509,1,2,2,3,1,1,1,2
az,04013610901,04013615900,2,3,3,5,0,0,0,2
az,04013610903,04013104225,5,4,5,6,0,0,0,1
az,04013610903,04013117100,7,11,13,13,0,0,0,2
az,04013610903,04013614300,6,6,8,8,1,1,1,1
az,04013611100,04013319001,8,11,11,12,1,1,1,2
az,04013611200,04013113800,2,2,2,2,0,0,0,1
az,04013611400,04013071503,3,4,4,5,0,0,0,1
az,04013611400,04013104224,1,2,3,3,0,0,0,1
az,04013611400,04013216855,2,2,2,2,0,0,0,0
az,04013611400,04013612301,1,1,1,1,0,0,0,0
az,04013611500,04013216854,2,2,2,2,0,0,0,0
az,04013611700,04013104207,7,7,7,7,0,0,0,0
az,04013611700,04013108400,2,2,2,2,0,0,0,0
az,04013611700,04013116800,2,2,2,2,0,0,0,0
az,04013611900,04013114000,0,0,0,0,0,0,0,0
az,04013612200,04013109300,2,2,2,2,0,0,0,0
az,04013612301,04013614900,0,0,0,0,0,0,0,0
az,04013612302,04013616500,0,0,0,0,0,0,0,0
az,04013612302,04013810800,0,0,0,0,0,0,0,0
az,04013612401,04013110702,0,0,0,0,0,0,0,0
az,04013612402,04013614800,0,0,0,0,0,0,0,0
az,04013612500,04013216816,0,0,1,1,0,0,0,0
az,04013612700,04013113204,0,0,0,0,0,0,0,0
az,04013612900,04013111602,0,0,0,0,0,0,0,0
az,04013612900,04013217300,3,5,5,5,0,0,0,1
az,04013613000,04013616500,0,0,0,0,0,0,0,0
az,04013613400,04013107201,1,1,1,1,0,0,0,0
az,04013613500,04013061024,8,11,10,10,0,0,0,0
az,04013613500,04019001700,6,8,11,12,0,0,0,2
az,04013613601,04013107102,4,6,6,6,0,0,0,0
az,04013613601,04013616500,2,3,3,4,0,0,0,1
az,04013613602,04013614602,3,4,4,4,0,0,0,1
az,04013613800,04013614700,2,3,3,4,0,0,0,1
az,04013613900,04013108302,8,9,10,11,0,0,0,1
az,04013614000,04025000301,9,11,12,14,2,2,2,6
az,04013614100,04013103220,0,0,0,1,0,0,0,1
az,04013614200,04019001200,7,8,9,12,0,0,0,3
az,04013614300,04013103209,2,2,2,2,1,1,1,1
az,04013614500,04013319403,0,0,0,0,0,0,0,0
az,04013614500,04013320001,0,0,0,0,0,0,0,0
az,04013614500,04013616500,0,0,0,0,0,0,0,0
az,04013614500,04013617700,1,1,1,3,0,0,0,2
az,04013614601,04013615900,0,0,0,2,0,0,0,2
az,04013614700,04013217203,1,3,3,3,0,0,0,0
az,04013614800,04013110701,0,0,1,1,0,0,0,0
az,04013614800,04013614700,0,0,0,0,0,0,0,0
az,04013614900,04013810400,1,1,1,1,0,0,0,0
az,04013615002,04013107800,0,0,0,0,0,0,0,0
az,04013615100,04013103219,0,0,0,0,0,0,0,0
az,04013615100,04013216816,0,0,0,0,0,0,0,0
az,04013615100,04013422304,1,1,1,1,0,0,0,0
az,04013615201,04013112514,0,0,0,0,0,0,0,0
az,04013615700,04013104402,3,3,3,4,0,0,0,1
az,04013615800,04013610600,1,1,1,2,0,0,0,2
az,04013615900,04013109300,3,5,5,5,0,0,0,0
az,04013616200,04013106900,1,1,1,1,0,0,0,0
az,04013616200,04013111800,2,2,2,2,0,0,0,0
az,04013616200,04013113800,2,2,2,2,0,0,0,0
az,04013616200,04013319710,3,3,3,3,0,0,0,0
az,04013616300,04013217201,5,5,5,5,0,0,0,0
az,04013616400,04013217001,3,4,5,5,0,0,0,0
az,04013616500,04013107602,0,0,0,0,0,0,0,0
az,04013616700,04013617600,2,2,2,4,0,0,0,3
az,04013616800,04013104501,1,1,1,1,0,0,0,0
az,04013616800,04013106300,0,0,0,0,0,0,0,0
az,04013616800,04013614100,0,0,0,2,0,0,0,2
az,04013617002,04013117200,0,0,0,0,0,0,0,0
az,04013617600,04013113301,5,8,9,9,0,0,0,0
az,04013617600,04013617700,1,2,3,3,0,0,0,0
az,04013618000,04013104402,2,2,2,2,0,0,0,0
az,04013618000,04013319710,3,3,3,3,0,0,0,0
az,04013618100,04013107800,2,2,2,2,0,0,0,0
az,04013618100,04013610902,6,7,7,9,0,0,0,1
az,04013618400,04013108502,0,0,0,0,0,0,0,0
az,04013618400,04013110502,0,0,0,0,0,0,0,0
az,04013618400,04013111000,0,0,0,0,0,0,0,0
az,04013618400,04013112512,0,0,0,0,0,0,0,0
az,04013618400,04013320100,0,0,0,0,0,0,0,0
az,04013618500,04013112510,0,0,0,0,0,0,0,0
az,04013618500,04013610302,0,0,0,0,0,0,0,0
az,04013618500,04025000302,6,8,9,11,1,1,1,5
az,04013618600,04013113701,0,0,0,0,0,0,0,0
az,04013618800,04013217900,5,8,9,10,0,0,0,0
az,04013618800,04013318400,0,0,1,1,0,0,0,0
az,04013618900,04013113000,0,0,1,1,0,0,0,0
az,04013619000,04013318700,1,1,2,3,0,0,0,0
az,04013619400,04013613601,2,2,2,4,0,0,0,1
az,04013619500,04013109200,2,2,2,2,0,0,0,0
az,04013619602,04013613100,0,0,0,0,0,0,0,0
az,04013619800,04013104402,0,1,1,1,0,0,0,0
az,04013619800,04013216860,2,4,4,4,0,0,0,0
az,04013619800,04013422513,5,9,9,9,0,0,0,0
az,04013723309,04013422301,0,0,0,0,0,0,0,0
az,04013723311,04013071903,6,6,7,8,0,0,0,2
az,04013723311,04013116204,3,3,3,3,0,0,0,0
az,04013810000,04013319910,0,0,0,0,0,0,0,0
az,04013810100,04013980400,1,1,1,1,0,0,0,0
az,04013810100,04019004310,3,4,6,7,0,0,0,2
az,04013810100,04019004515,3,4,5,6,0,0,0,2
az,04013810200,04013422307,0,0,0,0,0,0,0,0
az,04013810300,04013319909,0,0,0,0,0,0,0,0
az,04013810300,04015953001,9,10,10,9,2,2,2,3
az,04013810400,04013318400,2,2,3,3,0,0,0,0
az,04013810400,04013811100,4,4,4,5,1,1,1,3
az,04013810600,04013318400,2,2,3,3,0,0,0,0
az,04013810700,04013422301,0,0,0,0,0,0,0,0
az,04013810700,04013615900,2,4,4,5,0,0,0,0
az,04013810900,04013318400,2,2,3,3,0,0,0,0
az,04013811400,04013318400,6,6,5,5,0,0,0,0
az,04013812100,04013216843,1,1,1,1,0,0,0,0
az,04013812100,04013319910,1,1,1,1,0,0,0,0
az,04013812100,04013810000,3,3,3,3,0,0,0,0
az,04013812200,04013422633,1,1,2,2,0,0,0,0
az,04013812300,04013107601,0,0,0,0,0,0,0,0
az,04013812500,04013817600,0,0,1,1,0,0,0,0
az,04013812600,04013111700,2,2,2,3,0,0,0,1
az,04013812600,04013318700,1,1,1,1,0,0,0,0
az,04013812700,04013813400,1,1,1,1,0,0,0,0
az,04013812900,04013422210,3,3,4,4,0,0,0,0
az,04013813000,04013318700,1,1,1,1,0,0,0,0
az,04013813100,04013114100,0,0,0,0,0,0,0,0
az,04013813300,04013216854,1,3,3,3,0,0,0,0
az,04013813400,04013522801,2,3,3,3,0,0,0,0
az,04013813400,04013810000,3,3,3,3,0,0,0,0
az,04013813700,04013422633,2,2,3,3,0,0,0,0
az,04013813700,04013616400,0,0,0,0,0,0,0,0
az,04013813900,04013422639,4,6,7,7,0,0,0,1
az,04013813900,04013813800,0,0,0,0,0,0,0,0
az,04013814100,04013810400,0,0,0,0,0,0,0,0
az,04013814300,04013422209,0,0,0,0,0,0,0,0
az,04013814500,04013318400,0,0,0,0,0,0,0,0
az,04013814500,04013319910,2,2,2,2,0,0,0,0
az,04013814500,04013811100,4,4,4,4,1,1,1,1
az,04013814600,04013817200,4,6,6,7,0,0,0,0
az,04013814802,04013217201,8,9,9,9,0,0,0,0
az,04013814900,04013941300,5,7,7,7,0,0,0,0
az,04013815000,04013319710,1,1,1,1,0,0,0,0
az,04013815000,04013814600,0,0,0,0,0,0,0,0
az,04013815000,04013814801,0,0,0,0,0,0,0,0
az,04013815100,04013420107,4,6,6,6,0,0,0,0
az,04013815201,04013420206,4,6,6,6,0,0,0,0
az,04013815201,04013817200,4,6,6,7,0,0,0,0
az,04013815300,04013110502,0,0,0,0,0,0,0,0
az,04013815402,04013522802,4,5,4,4,0,0,0,0
az,04013815501,04013616600,3,4,4,4,0,0,0,0
az,04013815502,04013116203,2,2,3,3,0,0,0,0
az,04013815502,04013815300,1,1,1,1,0,0,0,0
az,04013815602,04013113301,0,0,0,0,0,0,0,0
az,04013815602,04013319709,1,1,1,1,0,0,0,0
az,04013815602,04013422651,0,0,0,0,0,0,0,0
az,04013815700,04013814802,0,0,0,0,0,0,0,0
az,04013815800,04013319403,0,0,0,0,0,0,0,0
az,04013815800,04019004067,10,16,18,21,0,0,0,5
az,04013815901,04013040525,0,1,1,2,0,0,0,1
az,04013815901,04013116204,0,0,0,1,0,0,0,1
az,04013816001,04013422304,5,5,5,5,0,0,0,0
az,04013816001,04013816002,0,1,1,1,0,0,0,0
az,04013816004,04013319001,3,3,4,4,1,1,1,1
az,04013816005,04013319705,2,3,3,4,0,0,0,0
az,04013816005,04013814802,0,0,0,0,0,0,0,0
az,04013816100,04013107700,0,0,0,0,0,0,0,0
az,04013816100,04013216857,3,7,8,8,0,0,0,0
az,04013816100,04013318700,1,1,1,1,0,0,0,0
az,04013816100,04021000325,0,0,0,0,0,0,0,0
az,04013816200,04013319710,1,1,1,1,0,0,0,0
az,04013816200,04019005400,15,17,18,19,0,0,0,3
az,04013816402,04013523103,0,0,0,0,0,0,0,0
az,04013816901,04013420211,0,0,1,1,0,0,0,0
az,04013816901,04013612301,4,5,6,6,0,0,0,0
az,04013816902,04013422633,0,0,1,1,0,0,0,0
az,04013816903,04013116709,1,1,1,1,0,0,0,0
az,04013817103,04013110501,2,2,3,3,0,0,0,0
az,04013817103,04013422222,5,5,7,7,0,0,0,0
az,04013817600,04013115400,0,0,0,0,0,0,0,0
az,04013817600,04013422649,0,0,0,0,0,0,0,0
az,04013941000,04013107500,0,0,0,0,0,0,0,0
az,04013941300,04013420708,1,1,1,1,0,0,0,0
az,04015950601,04013093002,3,3,3,4,2,2,2,3
az,04015950708,04015953603,0,0,0,0,0,0,0,0
az,04015951401,04015951602,0,0,0,0,0,0,0,0
az,04015951404,04013104214,5,7,9,10,2,2,2,4
az,04015951602,04015951701,0,0,0,0,0,0,0,0
az,04015951702,04015951601,0,0,0,0,0,0,0,0
az,04015951800,04013112900,3,3,3,4,2,2,2,3
az,04015951800,04013617600,3,4,5,5,2,2,2,2
az,04015952006,04015951701,0,0,0,0,0,0,0,0
az,04015952502,04027010911,8,10,10,11,2,2,2,4
az,04015952701,04015953200,1,2,2,2,1,1,1,1
az,04015952901,04005000302,9,10,10,10,1,1,1,1
az,04015952901,04005001104,4,5,5,5,0,0,0,0
az,04015952901,04013114100,8,10,10,9,2,2,2,3
az,04015952902,04015952502,0,0,0,0,0,0,0,0
az,04015953200,04015952400,2,3,3,3,1,1,1,1
az,04015953301,04019001900,11,15,16,17,2,2,2,6
az,04015953405,04015952701,0,0,0,0,0,0,0,0
az,04015953604,04015951504,0,0,0,0,0,0,0,0
az,04015953901,04013614700,9,11,12,12,2,2,2,2
az,04015953902,04015952901,1,1,2,2,0,0,0,0
az,04015953902,04015953602,0,0,0,0,0,0,0,0
az,04015954801,04015953602,0,0,0,0,0,0,0,0
az,04015954802,04015953901,0,0,0,0,0,0,0,0
az,04017940100,04013319710,5,5,6,6,1,1,2,4
az,04017940301,04017940302,0,0,0,0,0,0,0,0
az,04017960600,04017940100,5,5,5,5,0,0,0,0
az,04017960600,04017961701,12,12,12,12,0,0,0,0
az,04017963300,04017960500,0,0,0,0,0,0,0,0
az,04019000200,04019000501,3,2,2,2,0,0,0,0
az,04019000700,04019000100,3,3,3,3,0,0,0,0
az,04019001100,04019004514,1,1,1,2,0,0,0,1
az,04019001200,04019003802,4,4,4,4,0,0,0,0
az,04019001200,04019003901,1,1,1,1,0,0,0,0
az,04019001303,04019003002,3,5,6,7,0,0,0,2
az,04019001303,04019004613,2,2,3,3,0,0,0,1
az,04019001304,04019004072,5,6,6,9,0,0,0,3
az,04019001400,04019004616,2,2,2,2,0,0,0,2
az,04019002000,04019004042,7,7,9,8,0,0,0,1
az,04019002100,04019004035,2,3,3,5,1,1,1,2
az,04019002503,04019003400,2,2,3,3,0,0,0,0
az,04019002505,04019002509,4,4,4,4,0,0,0,1
az,04019002507,04013116203,2,4,5,7,0,0,0,3
az,04019002509,04019002202,3,5,5,5,0,0,0,0
az,04019002602,04019002604,0,0,0,0,0,0,0,0
az,04019002604,04019004610,0,0,1,1,0,0,0,0
az,04019002702,04019003002,2,4,4,5,0,0,0,1
az,04019002702,04019004073,5,7,9,11,0,0,0,0
az,04019002703,04013082002,3,5,8,10,0,0,0,3
az,04019002703,04019002905,1,1,1,1,0,0,0,0
az,04019002802,04019004422,5,5,5,5,0,0,0,0
az,04019002901,04019004075,5,7,9,10,0,0,1,2
az,04019003003,04019001900,2,4,4,6,0,0,0,1
az,04019003003,04019004039,0,0,1,2,0,0,0,0
az,04019003102,04019001500,3,3,4,4,0,0,0,0
az,04019003201,04019000600,2,2,2,2,0,0,0,0
az,04019003303,04019000501,6,6,6,10,0,0,0,2
az,04019003400,04013103209,6,9,10,13,0,0,0,4
az,04019003400,04019004711,1,1,3,4,0,0,0,0
az,04019003502,04019000100,4,6,7,8,0,0,0,0
az,04019003502,04019004058,4,4,6,5,0,0,0,0
az,04019003503,04019002906,6,6,8,8,0,0,0,1
az,04019003601,04019004055,4,5,6,6,0,0,0,1
az,04019003705,04019004073,0,0,1,2,0,0,0,1
az,04019003706,04019003400,1,1,1,1,0,0,0,1
az,04019003706,04019004510,9,12,12,11,0,0,0,3
az,04019003707,04019004044,6,6,8,8,0,0,0,1
az,04019003802,04013092716,5,6,7,9,0,0,0,3
az,04019003902,04019000100,0,1,1,1,0,0,0,0
az,04019003903,04019003400,1,2,3,4,0,0,0,0
az,04019003903,04019003901,0,0,0,0,0,0,0,0
az,04019004008,04019004073,0,0,0,0,0,0,0,0
az,04019004031,04019004030,0,0,0,1,0,0,0,1
az,04019004032,04019004616,2,3,6,7,0,0,0,1
az,04019004033,04013614700,4,7,8,10,0,0,0,5
az,04019004042,04019000100,6,10,10,14,0,0,0,4
az,04019004042,04019004067,0,0,0,1,0,0,0,1
az,04019004042,04019004118,3,3,3,3,0,0,0,0
az,04019004046,04019002100,1,3,3,6,0,0,0,3
az,04019004046,04019004430,5,5,7,9,0,0,0,2
az,04019004047,04013422506,13,15,18,22,0,0,0,4
az,04019004047,04019004711,1,1,3,5,0,0,0,1
az,04019004049,04019004714,1,6,8,9,0,0,0,2
az,04019004051,04019000100,6,7,10,13,0,0,0,2
az,04019004054,04019004073,1,2,4,7,0,0,0,1
az,04019004056,04019004508,4,7,9,9,0,0,0,3
az,04019004057,04019004073,1,1,1,2,0,0,0,0
az,04019004063,04019002201,0,0,1,2,0,0,0,2
az,04019004063,04019004073,0,0,0,1,0,0,0,1
az,04019004069,04019004039,1,1,1,2,0,0,0,1
az,04019004070,04019004624,5,10,11,14,0,0,0,2
az,04019004071,04013103219,15,20,23,25,0,0,0,4
az,04019004073,04013217201,7,9,10,10,0,0,0,2
az,04019004073,04019004650,3,3,4,4,0,0,0,0
az,04019004074,04019004062,0,0,0,0,0,0,0,0
az,04019004076,04019004118,1,1,1,1,0,0,0,0
az,04019004080,04019004073,1,2,4,5,0,0,0,2
az,04019004081,04013422305,10,12,12,14,0,0,0,4
az,04019004109,04019003400,1,1,1,1,0,0,0,0
az,04019004109,04019004068,2,3,3,4,0,0,0,2
az,04019004109,04019004415,1,1,1,1,0,0,0,0
az,04019004115,04019004073,0,0,0,0,0,0,0,0
az,04019004116,04019004615,0,0,1,1,0,0,0,0
az,04019004127,04019000100,0,1,1,2,0,0,0,1
az,04019004127,04019004069,3,2,3,3,0,0,0,1
az,04019004128,04019004068,3,4,7,8,0,0,0,1
az,04019004313,04019004067,3,5,8,8,0,0,0,1
az,04019004313,04019004122,1,3,4,5,0,0,0,0
az,04019004320,04013117200,2,3,4,6,0,0,0,3
az,04019004322,04019004312,0,0,0,0,0,0,0,0
az,04019004326,04019001500,1,3,3,5,0,0,0,1
az,04019004326,04019004508,1,1,1,2,0,0,0,2
az,04019004328,04019004317,0,0,0,0,0,0,0,0
az,04019004330,04013110501,2,3,4,6,0,0,0,3
az,04019004333,04019941000,0,0,0,0,0,0,0,0
az,04019004335,04019004327,0,0,0,0,0,0,0,0
az,04019004404,04013110600,3,4,5,6,0,0,0,2
az,04019004414,04019004122,1,1,1,1,0,0,0,0
az,04019004415,04019000100,0,1,1,1,0,0,0,0
az,04019004419,04013817000,10,13,13,13,0,0,0,3
az,04019004422,04013614900,2,3,4,5,0,0,0,2
az,04019004424,04019000100,0,1,1,2,0,0,0,1
az,04019004430,04019004624,0,0,0,0,0,0,0,0
az,04019004431,04013116738,3,5,6,8,0,0,0,3
az,04019004431,04019002904,3,5,6,6,0,0,0,3
az,04019004436,04019004711,2,4,4,4,0,0,0,0
az,04019004437,04019004075,2,4,4,7,1,1,1,5
az,04019004437,04019004078,6,7,9,9,1,1,1,5
az,04019004437,04019004616,0,1,1,1,0,0,0,1
az,04019004438,04019004430,0,0,0,0,0,0,0,0
az,04019004438,04023966301,4,5,6,6,0,0,0,1
az,04019004439,04013113204,2,3,4,5,0,0,0,2
az,04019004440,04019004614,2,4,4,4,0,0,0,0
az,04019004505,04013107700,2,3,4,5,0,0,0,2
az,04019004508,04013082002,2,3,4,6,0,0,0,3
az,04019004515,04019004642,3,6,8,8,0,0,0,2
az,04019004613,04019004648,2,3,3,3,0,0,0,1
az,04019004614,04019004710,1,2,2,2,1,1,1,3
az,04019004615,04019000100,0,1,2,2,0,0,0,1
az,04019004618,04013422226,11,12,13,14,0,0,0,2
az,04019004619,04013816002,11,16,16,16,0,0,0,2
az,04019004619,04019004051,4,5,6,7,0,0,0,0
az,04019004624,04027011121,4,5,8,8,0,0,0,1
az,04019004626,04019003003,2,4,4,5,0,0,0,0
az,04019004626,04019004068,1,4,4,5,0,0,0,0
az,04019004628,04019004431,3,4,4,4,0,0,0,0
az,04019004631,04021001500,6,8,9,8,0,0,0,1
az,04019004632,04013103219,11,15,16,16,0,0,0,2
az,04019004632,04019004714,0,1,1,1,0,0,0,0
az,04019004633,04019004508,0,0,0,0,0,0,0,0
az,04019004634,04019004613,0,1,1,1,0,0,0,0
az,04019004634,04019004635,2,2,2,2,0,0,0,0
az,04019004635,04019000501,9,12,11,10,0,0,0,1
az,04019004639,04019004714,2,7,7,7,0,0,0,0
az,04019004641,04013420105,9,10,11,13,3,4,5,8
az,04019004641,04019004650,0,0,0,0,0,0,0,0
az,04019004645,04019004418,2,2,2,2,0,0,0,0
az,04019004645,04019004624,0,0,0,0,0,0,0,0
az,04019004648,04003001801,4,6,7,7,0,0,0,1
az,04019004713,04019003303,2,5,5,6,0,0,0,2
az,04019004721,04019002603,3,3,5,5,0,0,0,1
az,04019004721,04019004635,4,4,5,5,0,0,0,3
az,04019005300,04019004614,2,2,4,7,0,0,0,3
az,04019005400,04019003201,1,2,3,4,0,0,0,0
az,04019941100,04013610002,10,11,11,11,0,0,0,1
az,04019980200,04013523002,6,7,8,9,0,0,0,2
az,04021000204,04013040507,0,1,1,2,0,0,0,1
az,04021000204,04013218100,6,7,7,7,0,0,0,0
az,04021000204,04013522901,9,9,9,8,0,0,0,0
az,04021000204,04013811200,1,1,1,1,0,0,0,0
az,04021000204,04013812900,2,3,3,3,0,0,0,0
az,04021000206,04013421201,9,10,10,11,0,0,0,1
az,04021000208,04013421102,12,13,13,15,0,0,0,1
az,04021000208,04019004714,7,8,10,10,4,4,4,4
az,04021000208,04021001900,3,4,4,4,0,0,0,0
az,04021000211,04013420215,5,5,5,6,0,0,0,0
az,04021000212,04013422219,8,9,12,12,0,0,0,2
az,04021000216,04013422625,7,7,8,8,0,0,0,0
az,04021000217,04013107602,6,7,8,8,0,0,0,0
az,04021000217,04013813600,5,5,5,5,0,0,0,3
az,04021000218,04013104401,6,6,7,7,0,0,0,0
az,04021000220,04013422304,3,3,4,5,0,0,0,1
az,04021000222,04013110501,3,3,5,5,0,0,0,0
az,04021000222,04021000312,9,11,12,12,0,0,0,1
az,04021000223,04013107602,3,3,5,5,0,0,0,0
az,04021000223,04013107700,3,3,5,5,0,0,0,0
az,04021000223,04013422642,3,3,5,6,0,0,0,2
az,04021000223,04013814802,4,4,6,6,0,0,0,0
az,04021000225,04013420304,3,3,5,6,0,0,0,0
az,04021000226,04013114100,5,6,7,7,0,0,0,0
az,04021000226,04013420214,8,9,9,10,0,0,0,0
az,04021000227,04013116720,6,7,7,7,0,0,0,2
az,04021000227,04013422304,11,12,14,13,0,0,0,2
az,04021000227,04013816502,3,4,4,4,0,0,0,2
az,04021000228,04013010102,6,7,9,11,0,0,0,0
az,04021000229,04013107800,6,7,9,9,0,0,0,2
az,04021000229,04013319910,7,8,10,10,0,0,0,2
az,04021000229,04013612301,6,7,9,9,0,0,0,2
az,04021000311,04013319910,2,2,2,2,0,0,0,0
az,04021000313,04013320001,0,0,0,1,0,0,0,1
az,04021000316,04013113800,0,0,0,0,0,0,0,0
az,04021000316,04013319710,1,1,1,1,0,0,0,0
az,04021000317,04013812801,0,0,0,1,0,0,0,1
az,04021000320,04013422636,2,2,2,3,0,0,0,1
az,04021000321,04013111800,4,6,6,6,0,0,0,0
az,04021000321,04013422625,3,3,3,3,0,0,0,0
az,04021000321,04013815000,2,2,2,2,0,0,0,0
az,04021000321,04021000319,3,3,3,3,0,0,1,2
az,04021000321,04021941401,6,6,8,10,0,0,0,1
az,04021000322,04013217001,6,8,8,9,0,0,0,1
az,04021000322,04013420206,2,2,2,3,0,0,0,1
az,04021000322,04013610201,1,1,1,1,0,0,0,1
az,04021000323,04013420215,2,2,2,3,0,0,0,1
az,04021000325,04013319910,0,0,0,0,0,0,0,0
az,04021000802,04013615201,4,3,3,4,0,0,0,1
az,04021000805,04021000902,2,2,2,2,0,0,0,0
az,04021000806,04013319705,8,10,12,13,0,0,0,2
az,04021000902,04013216810,5,4,4,5,0,0,0,2
az,04021000902,04013216816,5,4,4,5,0,0,0,1
az,04021000903,04009961201,7,8,8,7,2,2,2,2
az,04021001000,04013420113,9,11,14,16,0,0,0,1
az,04021001100,04013614200,2,3,3,4,0,0,0,2
az,04021001100,04013813400,3,2,2,3,0,0,0,1
az,04021001200,04013040507,0,1,1,3,0,0,0,2
az,04021001305,04021001500,4,7,7,7,0,0,0,0
az,04021001306,04021001600,4,6,6,6,0,0,0,1
az,04021001403,04013117200,4,4,4,5,0,0,0,3
az,04021001403,04021001404,3,3,3,3,0,0,0,1
az,04021001404,04013103220,15,18,18,18,0,0,0,2
az,04021001405,04013116738,3,4,4,6,0,0,0,3
az,04021001405,04013422504,6,6,7,8,0,0,0,2
az,04021001405,04013522802,10,10,10,11,0,0,0,2
az,04021001406,04021001404,3,4,4,4,0,0,0,0
az,04021001407,04021001305,6,8,8,8,0,0,0,1
az,04021001408,04015952400,11,13,13,14,2,2,2,4
az,04021001408,04021001403,8,9,9,9,0,0,0,1
az,04021001500,04013082017,4,5,5,6,0,0,0,3
az,04021001704,04013082012,3,5,5,5,0,0,0,1
az,04021001704,04013421302,6,10,10,10,0,0,0,1
az,04021001704,04013422401,6,8,8,8,0,0,0,1
az,04021001705,04019004626,16,22,23,23,0,0,0,2
az,04021001706,04013061034,4,7,7,7,0,0,0,0
az,04021001706,04013113702,1,3,3,3,0,0,0,0
az,04021001707,04013319710,2,4,4,4,0,0,0,0
az,04021001709,04013113100,2,4,4,4,0,0,0,0
az,04021001709,04013421400,5,8,8,8,0,0,0,0
az,04021001712,04013320100,3,4,4,3,0,0,0,0
az,04021001713,04013319710,3,5,5,5,0,0,0,0
az,04021001713,04013815401,3,5,5,5,0,0,0,0
az,04021001714,04013116708,5,6,6,6,0,0,0,0
az,04021001714,04013320100,8,10,10,9,0,0,0,0
az,04021002105,04013320001,2,2,2,3,0,0,0,1
az,04021002105,04021001200,3,3,3,3,0,0,0,1
az,04021002106,04013812400,5,5,5,6,0,0,0,1
az,04021002106,04021001500,6,6,6,5,0,0,0,0
az,04021002200,04013318400,4,3,3,4,0,0,0,1
az,04021941401,04013071513,4,6,7,7,0,0,0,0
az,04023966108,04023966101,0,0,0,0,0,0,0,0
az,04023966109,04023966108,0,0,0,0,0,0,0,0
az,04023966111,04023966401,0,0,0,0,0,0,0,0
az,04023966301,04003000600,6,6,6,6,0,0,0,0
az,04023966302,04023966103,0,0,0,0,0,0,0,0
az,04025000206,04013613100,12,16,17,16,0,1,1,1
az,04025000210,04025001300,0,0,0,0,0,0,0,0
az,04025000301,04013111202,7,11,12,12,0,2,2,2
az,04025000301,04013114600,7,11,12,12,0,2,2,2
az,04025000301,04013811000,10,14,15,15,0,2,2,2
az,04025000404,04013108502,6,10,10,11,0,1,1,1
az,04025000406,04025000302,1,1,1,1,0,0,0,0
az,04025000604,04013104214,5,7,7,7,0,1,1,1
az,04025000609,04013109702,4,7,7,7,0,1,1,2
az,04025000612,04025000902,4,5,5,5,0,0,0,0
az,04025000615,04015954802,6,7,7,8,0,0,0,0
az,04025000617,04025001106,6,8,9,9,0,0,0,1
az,04025000619,04025000608,1,1,1,1,0,0,0,0
az,04025000701,04013113702,0,1,1,1,0,1,1,1
az,04025000702,04025000609,4,4,4,4,0,0,0,0
az,04025000804,04013319600,6,9,10,10,0,1,1,1
az,04025000902,04013082020,7,10,10,12,0,1,1,3
az,04025001104,04025001106,0,0,0,0,0,0,0,0
az,04025001402,04013113100,0,0,0,0,0,0,0,0
az,04025001501,04013092720,0,0,0,2,0,0,0,2
az,04025001502,04013030402,1,2,2,2,0,1,1,1
az,04025001502,04025000617,3,3,3,3,0,0,0,0
az,04025001601,04025000802,6,8,8,8,0,0,0,1
az,04025001705,04013040502,2,2,2,3,2,2,2,3
az,04025001901,04013216845,5,5,5,8,0,0,0,3
az,04025001901,04025001803,4,4,4,4,0,0,0,0
az,04025001902,04013117200,4,4,4,7,0,0,0,2
az,04025001904,04013109801,4,7,7,7,1,2,2,2
az,04025001904,04025000617,1,1,1,1,1,1,1,1
az,04025002007,04005000200,11,11,11,12,0,0,0,1
az,04027000100,04027000903,2,2,2,2,0,0,0,0
az,04027000302,04027000800,0,0,0,0,0,0,0,0
az,04027000403,04027001100,2,2,2,2,0,0,0,0
az,04027000404,04027000903,0,0,0,0,0,0,0,0
az,04027000600,04027001004,0,0,0,0,0,0,0,0
az,04027000901,04027010911,0,0,0,0,0,0,0,0
az,04027000902,04027001004,0,0,0,0,0,0,0,0
az,04027000902,04027011403,2,2,2,1,0,0,0,0
az,04027000903,04027001001,0,0,0,0,0,0,0,0
az,04027000907,04013420208,5,7,8,9,0,0,0,2
az,04027000907,04027011405,1,3,3,3,0,0,0,0
az,04027000908,04027011107,0,0,0,0,0,0,0,0
az,04027000909,04027010913,0,0,0,0,0,0,0,0
az,04027001001,04027010913,0,0,0,0,0,0,0,0
az,04027001004,04027011501,0,0,0,0,0,0,0,0
az,04027001100,04013104401,4,4,4,6,0,0,0,1
az,04027001100,04027011121,0,0,0,0,0,0,0,0
az,04027011000,04027011107,0,0,0,0,0,0,0,0
az,04027011112,04013114100,3,3,3,5,0,0,0,1
az,04027011119,04027011112,0,0,0,0,0,0,0,0
az,04027011121,04027011107,0,0,0,0,0,0,0,0
az,04027011202,04013116204,3,5,6,8,0,0,0,1
az,04027011501,04027011601,0,0,0,0,0,0,0,0
az,04027011601,04027011107,0,0,0,0,0,0,0,0
az,04027011602,04027000302,0,0,0,0,0,0,0,0
ca,06001400200,06075011700,22,21,22,27,0,1,1,5
ca,06001403501,06075011700,22,21,22,25,0,1,1,5
ca,06001404101,06037463900,3,13,35,44,0,0,0,4
ca,06001404102,06085510700,15,22,31,40,0,1,1,9
ca,06001404400,06001425103,4,5,6,7,0,0,0,0
ca,06001404502,06001428100,12,13,14,14,2,2,2,4
ca,06001405402,06075015100,28,29,29,32,0,1,1,7
ca,06001407102,06001403100,5,6,6,6,0,0,0,0
ca,06001407900,06001428301,12,14,14,14,0,1,1,4
ca,06001409100,06001441503,10,11,14,23,0,0,0,8
ca,06001409500,06057000801,26,34,37,53,2,3,3,11
ca,06001409600,06075017801,25,33,37,45,0,1,1,10
ca,06001420200,06081609100,25,32,37,53,0,1,1,10
ca,06001423000,06037273902,11,22,43,57,0,0,0,4
ca,06001425103,06013365003,6,10,9,12,0,0,0,3
ca,06001428000,06075060703,33,33,33,37,2,3,3,11
ca,06001428700,06001409000,5,4,4,4,4,3,3,3
ca,06001431200,06075017700,33,45,53,70,0,2,2,9
ca,06001432602,06075017700,32,40,44,54,1,2,2,12
ca,06001435700,06081984300,8,17,17,21,0,2,2,6
ca,06001436100,06001435800,1,1,1,1,0,0,0,1
ca,06001437800,06081602300,7,19,19,23,0,1,1,10
ca,06001438300,06013350000,7,18,21,30,0,0,0,5
ca,06001440301,06059099244,12,15,16,21,0,0,0,6
ca,06001440304,06077005213,11,16,16,17,0,0,0,0
ca,06001440306,06075010500,36,35,38,51,0,2,2,8
ca,06001440306,06085509108,3,6,7,7,0,0,0,1
ca,06001440333,06065043813,15,21,27,33,0,0,0,8
ca,06001440337,06001441503,2,2,2,3,0,0,0,1
ca,06001441200,06085500300,6,8,8,10,0,0,0,4
ca,06001441401,06075026202,21,34,38,45,0,1,1,9
ca,06001441702,06001441525,1,2,2,3,0,0,0,0
ca,06001442100,06001402802,7,9,15,22,2,2,2,7
ca,06001442602,06081607600,2,3,3,5,0,1,1,3
ca,06001442602,06085509102,4,4,6,5,0,0,0,0
ca,06001442900,06001433400,3,8,13,18,0,0,0,1
ca,06001443103,06085504414,1,1,1,1,0,0,0,0
ca,06001443301,06085510600,5,5,5,5,0,0,0,1
ca,06001444100,06085504318,2,2,2,4,0,0,0,1
ca,06001450502,06001433300,3,3,4,5,0,0,0,2
ca,06001450606,06013346203,1,2,2,2,0,0,0,2
ca,06001450743,06077003117,1,3,4,7,0,0,0,3
ca,06001450752,06075061501,33,43,52,70,0,2,2,9
ca,06001451300,06001441800,2,4,5,5,0,0,0,1
ca,06001451501,06001450604,2,4,4,4,0,0,0,0
ca,06001451601,06001450609,2,5,5,6,0,0,0,0
ca,06005000102,06061022400,7,8,8,9,0,0,0,3
ca,06005000301,06099003802,2,2,4,5,0,0,0,0
ca,06009000220,06077000900,1,1,1,1,0,0,0,0
ca,06009000222,06013312000,5,5,6,6,0,0,0,2
ca,06011000200,06023011502,14,17,17,17,3,3,3,3
ca,06013302006,06061022600,6,7,8,8,0,0,0,1
ca,06013302014,06013303204,1,1,1,1,0,0,0,1
ca,06013303105,06077005222,1,3,3,3,0,0,0,0
ca,06013303202,06001406100,18,21,25,24,0,1,2,6
ca,06013303202,06075060702,33,34,38,42,0,1,1,6
ca,06013306003,06013320001,4,5,6,6,0,0,0,1
ca,06013306004,06077001501,2,2,2,3,0,0,0,1
ca,06013307204,06013328000,5,5,7,7,0,0,0,1
ca,06013307205,06001408500,10,11,14,14,0,0,0,1
ca,06013307205,06013302005,0,0,0,0,0,0,0,0
ca,06013319002,06011000500,2,5,5,7,2,1,1,4
ca,06013322000,06001403402,1,1,3,4,0,0,0,1
ca,06013329000,06075011901,24,23,26,33,0,1,2,5
ca,06013334001,06013335000,1,1,1,1,0,0,0,0
ca,06013334007,06075061501,28,28,31,37,0,1,1,3
ca,06013334007,06081607600,21,34,35,38,0,1,1,5
ca,06013336104,06067009639,4,4,4,4,0,0,0,0
ca,06013337300,06097152100,17,19,21,24,0,0,0,4
ca,06013343001,06013325000,1,1,1,1,0,0,0,0
ca,06013343001,06113010501,3,7,7,10,0,0,0,6
ca,06013345101,06013345118,3,3,3,3,0,0,0,1
ca,06013345105,06001440307,15,18,20,24,1,1,1,4
ca,06013345111,06013327001,0,1,2,2,0,0,0,1
ca,06013345112,06013339004,9,10,10,10,0,0,0,1
ca,06013345205,06001450300,8,7,7,7,0,0,0,1
ca,06013346206,06097153302,11,13,16,19,0,0,0,2
ca,06013351103,06075010500,23,22,25,31,0,1,1,4
ca,06013351200,06001409000,9,12,10,10,2,2,2,5
ca,06013355115,06075030101,33,33,37,42,0,1,1,7
ca,06013355118,06013337201,5,5,7,7,0,0,0,1
ca,06013355302,06001422400,5,6,7,7,0,0,0,0
ca,06013355307,06013319002,8,9,10,8,0,0,0,1
ca,06013357000,06001422902,8,9,9,8,0,0,0,0
ca,06013360101,06013364002,0,0,0,0,0,0,0,0
ca,06013360101,06097152702,1,3,5,8,0,0,0,3
ca,06013364002,06001981900,1,3,10,18,0,0,0,1
ca,06013366001,06001423500,7,8,8,7,0,0,0,0
ca,06013371000,06041119201,3,5,5,5,0,0,0,0
ca,06013371000,06085502002,17,23,35,54,0,0,0,13
ca,06013376000,06075015702,26,27,33,41,0,1,1,3
ca,06013379000,06013324003,3,5,10,19,0,0,0,3
ca,06013381000,06001403600,4,8,14,23,0,0,0,3
ca,06013382000,06013377000,1,1,1,1,0,0,0,1
ca,06013382000,06041112100,0,1,1,1,0,0,0,0
ca,06017030402,06017030502,0,0,0,0,0,0,0,0
ca,06017030404,06017030402,0,0,0,0,0,0,0,0
ca,06017030712,06001433300,4,4,6,9,1,1,1,3
ca,06017030804,06085510300,3,4,4,5,0,0,0,1
ca,06017030810,06067008703,3,3,3,5,0,0,0,2
ca,06019000502,06019001407,1,1,1,2,0,0,0,2
ca,06019002200,06039000512,2,2,2,2,0,0,0,1
ca,06019002904,06037211802,0,1,1,5,0,0,0,4
ca,06019003811,06019001100,0,0,0,1,0,0,0,1
ca,06019004100,06067008206,6,10,13,15,0,0,0,5
ca,06019004100,06107001501,1,1,1,4,0,0,0,3
ca,06019004210,06019000602,1,1,1,1,0,0,0,1
ca,06019004212,06019000602,1,1,1,1,0,0,0,1
ca,06019004218,06039000201,0,0,0,0,0,0,0,0
ca,06019004504,06001402900,7,7,10,15,1,1,1,5
ca,06019004601,06019003402,0,0,0,0,0,0,0,0
ca,06019005304,06019007102,1,1,2,4,0,0,0,2
ca,06019005409,06019000100,5,5,5,5,0,0,0,0
ca,06019005507,06019005805,0,0,1,1,0,0,0,0
ca,06019005515,06019002702,2,2,3,3,0,0,0,0
ca,06019005602,06037621001,2,3,3,10,0,0,0,6
ca,06019005607,06085512059,15,20,22,22,0,0,0,1
ca,06019005701,06019000502,0,1,1,1,0,0,0,0
ca,06019005703,06019005802,0,0,0,0,0,0,0,0
ca,06019005804,06019005912,1,1,1,1,0,0,0,0
ca,06019005907,06037901216,3,4,4,5,0,0,0,2
ca,06019006101,06019001000,1,1,1,1,0,0,0,0
ca,06019006102,06019006002,0,0,0,0,0,0,0,0
ca,06019006202,06019004205,0,0,0,0,0,0,0,0
ca,06019006202,06019006201,0,0,0,0,0,0,0,0
ca,06019006602,06019006603,2,3,3,3,0,0,0,1
ca,06019008000,06019007903,0,0,0,0,0,0,0,0
ca,06019008501,06019004003,6,6,6,6,0,0,0,1
ca,06021010101,06089010300,2,2,2,4,0,0,0,1
ca,06021010402,06021010502,0,0,0,0,0,0,0,0
ca,06023000600,06023940000,0,0,0,0,0,0,0,0
ca,06023010503,06037980025,17,25,28,41,0,0,1,8
ca,06023010701,06023000100,0,0,0,1,0,0,0,1
ca,06023010901,06023010503,1,1,1,2,0,0,0,1
ca,06025010402,06025011902,3,3,3,5,0,0,0,2
ca,06025010500,06025011600,2,2,2,2,1,1,1,1
ca,06025010600,06025011700,2,2,2,2,1,1,1,1
ca,06025010700,06025011100,7,7,7,7,0,0,0,1
ca,06025011802,06025011002,3,4,4,4,0,0,0,0
ca,06025011803,06025011002,6,8,8,8,0,0,0,0
ca,06025012004,06025011303,1,1,3,3,0,0,0,0
ca,06027000500,06027000400,2,2,2,2,0,0,0,1
ca,06029000102,06029000105,0,0,0,0,0,0,0,0
ca,06029000601,06029000507,4,5,6,6,0,0,0,0
ca,06029000904,06065042523,7,9,16,20,0,0,0,4
ca,06029001803,06071012202,10,10,16,18,0,0,0,5
ca,06029002302,06029003900,2,3,3,3,0,0,0,0
ca,06029002807,06029001003,10,10,9,8,0,1,1,1
ca,06029002811,06029003131,0,0,0,0,0,0,0,0
ca,06029002823,06029001600,12,11,11,11,0,0,0,1
ca,06029003124,06029001600,8,8,7,7,0,0,0,1
ca,06029003209,06077005122,0,1,2,2,0,0,0,0
ca,06029003213,06029001600,4,4,4,4,1,1,1,1
ca,06029003219,06029003808,4,4,4,4,0,0,0,1
ca,06029003807,06029003113,0,2,2,3,0,0,0,0
ca,06029003811,06029002804,2,4,4,4,0,1,1,1
ca,06029003817,06029000506,0,0,0,0,0,0,0,0
ca,06029003826,06029002806,1,1,1,1,0,0,0,0
ca,06029004500,06083002014,4,6,6,9,0,0,0,4
ca,06029005402,06029005406,1,1,1,1,0,0,0,0
ca,06029005806,06037901003,0,0,0,0,0,0,0,0
ca,06029006003,06029006101,2,2,2,2,0,0,0,0
ca,06029006006,06029006101,2,2,2,2,0,0,0,0
ca,06029006006,06037920112,4,4,4,5,0,0,0,1
ca,06031000100,06107001703,0,0,0,0,0,0,0,0
ca,06031000604,06031001001,0,1,1,1,0,0,0,0
ca,06031000604,06031980100,2,2,2,2,0,0,0,1
ca,06031001002,06039000511,2,4,4,4,0,0,0,0
ca,06031001003,06001432400,2,3,6,9,0,0,0,2
ca,06033000802,06013320004,11,13,14,14,0,0,0,5
ca,06037101110,06037300301,0,0,0,0,0,0,0,0
ca,06037101300,06037301902,7,7,7,7,0,0,0,1
ca,06037101300,06037310704,0,1,1,1,0,0,0,0
ca,06037104404,06037207400,0,0,0,1,0,0,0,1
ca,06037104823,06037910713,3,4,5,5,0,0,0,2
ca,06037108104,06037190102,0,0,1,2,0,0,0,1
ca,06037113102,06037980016,1,1,2,3,0,0,0,2
ca,06037115103,06037900806,8,8,9,9,0,0,0,1
ca,06037117302,06053001801,7,8,10,11,0,0,0,2
ca,06037119003,06037920030,0,0,0,0,0,0,0,0
ca,06037119320,06037127805,0,0,0,0,0,0,0,0
ca,06037120030,06037128302,0,0,0,0,0,0,0,0
ca,06037120103,06065040503,4,6,9,10,0,0,0,3
ca,06037121010,06037191201,0,0,1,1,0,0,0,1
ca,06037122410,06037139600,0,0,0,0,0,0,0,0
ca,06037123303,06037189600,0,0,0,0,0,0,0,0
ca,06037123601,06037121102,0,0,0,0,0,0,0,0
ca,06037123601,06059110603,0,0,0,2,0,0,0,2
ca,06037124104,06037131400,0,0,0,0,0,0,0,0
ca,06037125322,06037191201,0,0,1,1,0,0,0,1
ca,06037125404,06059062614,6,7,9,12,0,0,0,2
ca,06037127210,06037127520,0,0,0,0,0,0,0,0
ca,06037128400,06037920106,0,0,0,0,0,0,0,0
ca,06037128703,06037123800,0,0,0,0,0,0,0,0
ca,06037128910,06037541003,1,1,1,3,0,0,0,2
ca,06037132001,06037190401,0,0,1,1,0,0,0,0
ca,06037132101,06037265521,1,1,1,3,0,0,0,1
ca,06037132102,06037127400,0,0,0,0,0,0,0,0
ca,06037132301,06037620601,0,0,0,2,0,0,0,2
ca,06037132302,06037301802,0,0,1,1,0,0,0,0
ca,06037132900,06037275605,1,1,1,3,0,0,0,2
ca,06037132900,06037800335,4,2,3,3,2,1,1,3
ca,06037134306,06037702502,3,2,2,4,0,0,0,2
ca,06037134522,06037135204,0,0,0,0,0,0,0,0
ca,06037139001,06037211000,0,0,0,0,0,0,0,0
ca,06037139402,06037267901,0,0,1,2,0,0,0,1
ca,06037139701,06037310400,2,2,2,2,0,0,0,1
ca,06037141305,06085504700,3,6,8,8,0,0,0,2
ca,06037141306,06037311700,2,2,2,2,0,0,0,1
ca,06037141400,06037311601,1,1,1,1,0,0,0,0
ca,06037143101,06037267901,25,29,28,24,0,0,0,2
ca,06037143401,06037139701,0,0,0,0,0,0,0,0
ca,06037143605,06001425101,12,24,35,52,2,2,3,4
ca,06037143606,06037311700,2,2,2,2,0,0,0,1
ca,06037143801,06037189201,0,0,1,1,0,0,0,0
ca,06037143801,06037214600,2,2,2,2,0,0,0,0
ca,06037143901,06037301802,0,0,1,1,0,0,0,0
ca,06037181000,06037463000,0,0,0,1,0,0,0,0
ca,06037181300,06037406300,3,5,7,9,0,0,0,1
ca,06037183520,06037207711,0,1,1,1,0,0,0,0
ca,06037183810,06037310400,1,1,1,3,0,0,0,3
ca,06037186302,06071000606,1,1,2,5,0,0,0,3
ca,06037189201,06037601303,0,0,0,0,0,0,0,0
ca,06037189400,06037310501,4,5,5,5,0,0,0,1
ca,06037189501,06037189101,0,0,0,0,0,0,0,0
ca,06037189502,06037206050,0,0,0,1,0,0,0,1
ca,06037189600,06037310400,4,5,5,5,0,0,0,1
ca,06037189702,06037123303,0,0,0,0,0,0,0,0
ca,06037191902,06037111206,0,0,1,1,0,0,0,0
ca,06037195100,06037236102,1,1,1,1,0,0,0,1
ca,06037195901,06037275605,8,8,7,7,0,0,0,0
ca,06037195901,06065041201,5,7,10,12,0,0,0,1
ca,06037195903,06037310400,1,1,1,3,0,0,0,3
ca,06037199120,06037207400,0,0,0,0,0,0,0,0
ca,06037206010,06073008202,4,4,4,12,1,1,1,9
ca,06037207102,06059062634,3,3,4,7,0,0,0,3
ca,06037207306,06059052518,0,0,0,3,0,0,0,3
ca,06037208301,06059052417,0,0,0,2,0,0,0,2
ca,06037208801,06037224600,0,0,0,0,0,0,0,0
ca,06037208903,06037123601,0,0,0,0,0,0,0,0
ca,06037209104,06037271702,0,0,0,0,0,0,0,0
ca,06037209202,06037212410,0,0,0,0,0,0,0,0
ca,06037211123,06037207303,0,0,0,0,0,0,0,0
ca,06037213201,06037310400,4,5,5,5,0,0,0,3
ca,06037216302,06037310400,4,5,6,6,0,0,0,1
ca,06037216901,06037702300,3,4,4,4,1,1,1,2
ca,06037218220,06037207902,0,0,0,0,0,0,0,0
ca,06037218900,06037532304,2,3,3,3,0,0,0,1
ca,06037221303,06111005601,1,1,1,1,0,0,0,0
ca,06037222600,06037117303,0,0,0,0,0,0,0,0
ca,06037226410,06037291130,0,1,1,1,0,0,0,0
ca,06037228320,06037190701,1,1,1,1,0,0,0,0
ca,06037228420,06001444602,4,6,7,8,0,0,1,2
ca,06037231220,06037219902,0,0,0,0,0,0,0,0
ca,06037231800,06037120020,1,1,1,1,0,0,0,0
ca,06037231901,06037980028,2,3,3,3,0,1,1,1
ca,06037234600,06037207400,0,0,0,0,0,0,0,0
ca,06037234902,06037800504,13,15,15,15,3,3,3,4
ca,06037236204,06037701801,2,3,3,3,0,0,0,1
ca,06037239801,06037277200,9,11,11,11,0,0,0,0
ca,06037240200,06059076204,7,9,9,9,0,0,0,0
ca,06037240200,06085509500,4,6,7,7,0,0,0,2
ca,06037240402,06037502700,5,5,5,5,0,0,0,0
ca,06037240902,06037243100,0,0,0,0,0,0,0,0
ca,06037241002,06037207400,0,0,0,0,0,0,0,0
ca,06037243002,06037277200,0,0,0,0,0,0,0,0
ca,06037243100,06071001312,1,1,1,2,0,0,0,1
ca,06037262200,06037134520,1,1,1,1,1,1,1,1
ca,06037262604,06037262706,1,1,1,1,1,1,1,1
ca,06037264103,06037265521,0,0,0,0,0,0,0,0
ca,06037267405,06037265521,0,0,0,0,0,0,0,0
ca,06037267600,06037702700,2,2,3,3,0,0,0,0
ca,06037269907,06037271100,0,0,0,0,0,0,0,0
ca,06037270200,06037207102,0,0,0,0,0,0,0,0
ca,06037271500,06037543501,0,0,0,1,0,0,0,1
ca,06037275102,06037703003,1,2,2,2,0,0,0,0
ca,06037275200,06073008345,0,0,1,8,0,0,0,7
ca,06037291110,06037543305,2,2,2,2,0,0,0,0
ca,06037294701,06037651101,2,2,2,2,0,0,0,0
ca,06037294810,06037122420,1,2,3,3,0,0,0,1
ca,06037297002,06037294410,2,2,2,6,0,0,0,4
ca,06037297202,06037542900,2,2,3,3,0,0,0,0
ca,06037301100,06037302002,0,0,0,0,0,0,0,0
ca,06037301400,06037207711,1,1,1,1,0,0,0,0
ca,06037301502,06037209202,1,1,1,1,0,0,0,0
ca,06037302003,06037700802,9,10,11,11,0,0,0,1
ca,06037302104,06037700501,6,6,7,7,0,0,0,1
ca,06037310201,06037267600,30,34,33,29,0,0,0,1
ca,06037310400,06037207400,0,0,1,1,0,0,0,1
ca,06037310800,06037301801,3,3,3,3,0,0,0,1
ca,06037311100,06075061101,32,43,54,73,0,1,1,10
ca,06037311802,06037194401,8,8,9,9,0,0,0,1
ca,06037400206,06037401901,0,0,0,0,0,0,0,0
ca,06037400207,06037401102,2,2,2,2,0,0,0,0
ca,06037400209,06037401601,0,0,0,0,0,0,0,0
ca,06037400304,06077003116,0,1,2,8,0,0,0,6
ca,06037401001,06037269000,8,8,9,11,0,0,0,4
ca,06037401500,06071005601,2,2,2,2,0,0,0,0
ca,06037402001,06037402002,0,0,0,0,0,0,0,0
ca,06037402301,06071002101,1,1,1,2,0,0,0,1
ca,06037403317,06037402801,5,5,5,4,0,0,0,1
ca,06037403320,06037980028,7,9,10,11,0,1,1,2
ca,06037403328,06037400304,2,3,3,3,0,0,0,1
ca,06037403328,06037403801,5,6,6,7,0,0,0,1
ca,06037403722,06037231720,0,0,0,4,0,0,0,4
ca,06037404000,06037191710,3,5,5,8,0,0,0,4
ca,06037404203,06037207502,7,7,7,8,0,0,0,2
ca,06037404702,06065049800,0,1,1,4,1,1,1,4
ca,06037405001,06037482201,6,6,6,7,0,0,0,3
ca,06037406000,06037554511,16,18,18,19,0,0,0,1
ca,06037406101,06037503902,17,18,18,19,0,0,0,1
ca,06037406500,06037311200,0,0,0,3,0,0,0,3
ca,06037407101,06037602513,3,3,4,4,0,0,0,0
ca,06037407301,06037432902,8,8,8,10,0,0,0,2
ca,06037407301,06059089003,16,18,19,18,0,0,0,1
ca,06037408004,06037232120,4,4,4,4,0,0,0,0
ca,06037408627,06037408135,3,3,4,4,0,0,0,1
ca,06037430003,06037460002,2,2,3,6,0,0,0,2
ca,06037430302,06037401201,5,5,7,7,1,1,1,2
ca,06037430302,06037920332,5,6,6,7,0,0,0,1
ca,06037431004,06037404804,2,3,4,4,0,0,0,0
ca,06037431400,06037464101,8,8,8,8,0,0,0,1
ca,06037431502,06037207400,1,2,2,3,0,0,0,1
ca,06037432101,06037463602,7,7,7,7,0,0,0,0
ca,06037432401,06037532200,3,3,3,3,0,0,0,0
ca,06037432501,06037407101,6,6,7,8,0,0,0,0
ca,06037433103,06037463500,7,7,7,7,0,0,0,0
ca,06037433200,06037980035,1,1,1,2,0,0,0,1
ca,06037433304,06059980000,5,6,6,7,0,0,0,0
ca,06037433804,06059032061,1,1,2,4,0,0,0,3
ca,06037460301,06037463601,4,4,4,4,0,0,0,1
ca,06037460501,06037121102,0,0,0,0,0,0,0,0
ca,06037461502,06037113237,0,0,0,2,0,0,0,2
ca,06037463400,06037920341,4,5,5,8,0,0,0,1
ca,06037480011,06037207102,8,9,9,9,0,0,0,0
ca,06037480011,06037480704,7,8,8,8,0,0,0,2
ca,06037480012,06037430724,0,0,0,0,0,0,0,0
ca,06037480303,06037311700,9,9,9,8,0,0,0,0
ca,06037480500,06037206051,1,1,1,1,0,0,0,0
ca,06037481901,06037265420,1,1,1,2,0,0,0,1
ca,06037481901,06037650401,3,4,4,4,0,0,0,0
ca,06037481902,06037403328,4,5,4,4,0,0,0,2
ca,06037482401,06037273300,1,1,1,1,0,0,0,0
ca,06037482404,06037461902,12,11,11,11,0,0,0,0
ca,06037500800,06037430302,11,13,13,13,0,0,0,3
ca,06037500900,06065044505,4,6,8,9,1,1,1,2
ca,06037501301,06037980035,4,3,4,5,0,0,0,1
ca,06037501400,06037265420,8,8,8,9,0,0,0,3
ca,06037502003,06037404600,2,2,2,2,0,0,0,0
ca,06037502801,06071012700,11,14,17,18,0,0,0,1
ca,06037503202,06037554521,4,4,4,4,0,0,0,1
ca,06037503302,06059052527,6,6,6,7,0,0,0,3
ca,06037503701,06059063910,6,7,7,8,0,0,0,1
ca,06037504101,06037552200,3,3,3,3,0,0,0,1
ca,06037530301,06037234200,0,0,0,0,0,0,0,0
ca,06037530302,06037226002,0,0,0,0,0,0,0,0
ca,06037530902,06037500800,1,2,2,2,0,0,0,0
ca,06037531102,06059980000,0,0,0,1,0,0,0,1
ca,06037531901,06037207502,0,0,0,0,0,0,0,0
ca,06037532200,06001441503,4,6,8,12,0,0,1,6
ca,06037532700,06037553801,3,3,4,4,0,0,0,0
ca,06037533201,06037531201,1,1,1,1,0,0,0,0
ca,06037533300,06037226002,1,1,1,1,0,0,0,0
ca,06037533504,06037207102,1,2,2,2,0,0,0,0
ca,06037533504,06059074111,7,7,7,7,0,0,0,0
ca,06037533602,06073004101,5,7,9,17,0,0,0,9
ca,06037533805,06073019905,4,5,5,12,0,0,0,7
ca,06037534404,06037570602,4,4,4,4,0,0,0,0
ca,06037535901,06037111303,2,2,2,4,0,0,0,0
ca,06037536103,06037265301,11,13,13,13,0,0,0,0
ca,06037540600,06037294900,7,9,9,9,0,0,0,0
ca,06037540700,06037207502,0,0,0,0,0,0,0,0
ca,06037540901,06037265523,0,0,0,0,0,0,0,0
ca,06037541100,06037291300,0,0,0,0,0,0,0,0
ca,06037541605,06037141306,0,0,0,0,0,0,0,0
ca,06037543100,06065041406,2,2,3,4,0,0,0,1
ca,06037543601,06059076102,4,4,5,5,0,0,0,2
ca,06037543603,06083003004,4,5,7,10,0,0,0,6
ca,06037543803,06037570800,4,7,7,7,0,0,0,1
ca,06037550700,06037602602,2,2,2,2,0,0,0,1
ca,06037551101,06037275603,0,0,0,0,0,0,0,0
ca,06037551402,06037532303,1,1,1,2,0,0,0,2
ca,06037551900,06037554302,1,1,1,2,0,0,0,0
ca,06037552700,06059110605,3,3,3,3,0,0,0,0
ca,06037553602,06037650903,1,2,2,2,0,0,0,0
ca,06037554404,06059086701,0,0,1,2,0,0,0,1
ca,06037554406,06037701801,3,3,3,3,0,0,0,0
ca,06037554515,06085500800,6,9,10,15,0,0,0,7
ca,06037554517,06037603702,4,4,4,4,0,0,0,0
ca,06037570002,06037980017,5,5,5,5,0,0,0,0
ca,06037570202,06037980031,0,0,0,2,0,0,0,2
ca,06037570304,06037543305,0,0,0,0,0,0,0,0
ca,06037570306,06037621201,3,3,3,3,0,0,0,0
ca,06037570602,06037544002,0,1,1,1,0,0,0,0
ca,06037570901,06037980034,7,7,7,7,0,0,0,0
ca,06037570902,06037572202,3,4,4,4,0,0,0,1
ca,06037571201,06001425101,20,32,43,65,2,2,3,7
ca,06037571400,06059088203,5,6,6,6,0,0,0,0
ca,06037571701,06037311601,0,0,0,0,0,0,0,0
ca,06037571701,06059074003,2,2,2,2,0,0,0,0
ca,06037572700,06037980028,0,0,1,2,2,2,2,3
ca,06037573101,06059099803,1,1,1,1,0,0,0,0
ca,06037573401,06073020025,0,0,1,6,0,0,0,5
ca,06037574000,06029002821,4,6,6,11,0,0,0,6
ca,06037574201,06037554521,7,7,7,7,0,0,0,1
ca,06037574400,06037575803,0,0,0,0,0,0,0,0
ca,06037574400,06037576001,0,0,0,0,0,0,0,0
ca,06037574500,06037207400,0,0,0,3,0,0,0,3
ca,06037574902,06059088107,6,6,6,6,0,0,0,1
ca,06037575103,06059076204,12,12,13,11,0,0,0,0
ca,06037575801,06037578000,0,0,0,0,0,0,0,0
ca,06037576502,06037980011,0,0,0,0,0,0,0,0
ca,06037577700,06037980031,0,0,0,2,0,0,0,2
ca,06037578000,06037572201,0,0,0,0,0,0,0,0
ca,06037600302,06037541003,0,0,0,0,0,0,0,0
ca,06037600501,06069000100,0,2,3,3,0,0,0,0
ca,06037601302,06037701602,2,2,2,3,0,0,0,0
ca,06037601401,06037113426,0,0,0,0,0,0,0,0
ca,06037603400,06037700802,10,11,10,9,0,0,0,1
ca,06037603705,06037900901,6,10,11,11,0,0,0,0
ca,06037604001,06037651221,0,0,0,0,0,0,0,0
ca,06037604200,06037232110,1,1,1,1,0,0,0,0
ca,06037604200,06037264306,0,0,1,1,0,0,0,0
ca,06037620101,06037128801,4,4,4,5,0,0,0,1
ca,06037620301,06081602300,6,12,14,18,0,0,0,10
ca,06037620400,06037532304,5,6,6,6,0,0,0,0
ca,06037620703,06037265521,2,2,2,2,0,0,0,1
ca,06037620901,06037265420,2,2,2,3,0,0,0,1
ca,06037621204,06037620501,0,0,0,0,0,0,0,0
ca,06037621301,06037207712,2,2,3,3,0,0,0,2
ca,06037650001,06037277200,1,1,1,1,0,0,0,1
ca,06037650003,06037275400,1,1,1,2,0,0,0,2
ca,06037650003,06059021813,1,2,2,3,0,0,0,1
ca,06037651402,06075061501,30,42,54,74,0,1,1,11
ca,06037670002,06037980013,2,3,3,3,0,0,0,1
ca,06037670003,06037980013,2,3,3,3,0,0,0,1
ca,06037670417,06037406300,5,7,8,9,2,2,2,2
ca,06037670603,06059074102,9,9,9,9,3,3,3,3
ca,06037701000,06075010500,40,50,62,79,0,1,1,10
ca,06037701602,06037291120,2,2,3,4,0,0,0,1
ca,06037702900,06037269100,16,17,17,17,0,0,0,0
ca,06037702900,06037310501,18,19,20,20,0,0,0,1
ca,06037703003,06037228310,1,1,1,1,0,0,0,0
ca,06037703100,06037207400,0,0,0,0,0,0,0,0
ca,06037703200,06037620802,2,2,2,2,0,0,0,0
ca,06037800202,06037980013,8,12,12,13,1,1,1,3
ca,06037800324,06037267902,2,2,2,4,0,0,0,1
ca,06037900104,06059011602,9,8,8,9,0,0,0,2
ca,06037900508,06037920314,13,13,13,13,1,1,1,2
ca,06037900805,06029006101,3,3,3,4,0,0,0,1
ca,06037901007,06037910501,2,3,3,5,0,0,0,3
ca,06037901009,06037911100,3,3,4,4,0,0,0,0
ca,06037901102,06073009103,9,10,12,23,0,0,0,13
ca,06037901214,06029002806,10,12,11,11,0,1,1,2
ca,06037910002,06037980004,2,2,2,2,0,0,0,0
ca,06037910216,06037910218,0,0,0,0,0,0,0,0
ca,06037910601,06071002112,12,15,15,15,0,0,0,1
ca,06037910706,06065042209,9,10,12,12,0,0,0,3
ca,06037920015,06037115103,8,8,8,9,0,0,0,0
ca,06037920020,06037113303,10,10,10,11,0,0,0,0
ca,06037920020,06037310400,8,8,8,9,0,0,0,0
ca,06037920029,06059075516,1,1,2,3,0,0,0,2
ca,06037920035,06037702502,6,5,5,8,0,0,0,2
ca,06037920040,06037264304,5,5,5,6,0,0,0,3
ca,06037920048,06037310400,1,1,1,1,0,0,0,0
ca,06037920049,06037109100,3,3,3,3,0,0,0,0
ca,06037920049,06037273502,7,7,7,9,0,0,0,1
ca,06037920049,06037310400,4,4,4,4,0,0,0,0
ca,06037920114,06037267901,8,8,9,12,0,0,0,1
ca,06037920121,06037920048,0,0,0,1,0,0,0,1
ca,06037920200,06037208801,0,0,0,1,0,0,0,1
ca,06037920343,06071007800,6,8,12,14,1,1,1,6
ca,06039000506,06039000512,0,0,0,0,0,0,0,0
ca,06039000902,06039001100,0,0,1,1,0,0,0,0
ca,06039001100,06039000702,0,0,0,0,0,0,0,0
ca,06041102202,06041121200,0,1,1,1,0,0,0,0
ca,06041102202,06075060100,0,2,2,3,0,1,1,2
ca,06041124200,06075061101,9,11,11,12,1,3,3,5
ca,06041127000,06001402700,31,32,32,33,0,0,0,5
ca,06045010602,06045011502,0,0,0,0,0,0,0,0
ca,06047000205,06099001300,0,0,0,2,0,0,0,2
ca,06047000702,06047001700,1,1,1,1,0,0,0,0
ca,06047000802,06031001001,1,2,3,4,0,0,0,3
ca,06047001004,06047001301,0,0,0,0,0,0,0,0
ca,06047001603,06085505006,2,3,3,4,0,0,0,1
ca,06047001604,06047001301,2,2,2,2,0,0,0,0
ca,06047001700,06077005215,0,0,0,0,0,0,0,0
ca,06047002401,06047002301,1,1,1,1,0,0,0,0
ca,06047002601,06099002304,0,0,0,0,0,0,0,0
ca,06053000103,06053000400,2,2,2,2,0,0,0,0
ca,06053000105,06087122205,22,24,24,26,0,0,0,3
ca,06053000200,06053001200,4,4,4,4,0,0,0,0
ca,06053000400,06087122402,19,21,21,20,0,0,0,1
ca,06053000600,06053001300,6,6,6,6,0,0,0,0
ca,06053000600,06067005301,12,19,20,24,0,0,0,5
ca,06053000702,06053010604,0,0,0,0,0,0,0,0
ca,06053001600,06053014500,2,3,3,3,0,0,0,2
ca,06053010202,06053001300,1,2,2,3,0,0,0,1
ca,06053010505,06053014500,8,8,8,8,0,0,0,3
ca,06053010506,06053014800,10,10,10,10,0,0,0,5
ca,06053010605,06053013200,8,8,8,8,0,0,0,0
ca,06053011203,06053011106,1,1,1,1,0,0,0,0
ca,06053011203,06085502104,0,3,3,6,0,0,0,4
ca,06053012100,06053001500,13,16,16,15,1,1,1,2
ca,06053012503,06053011802,5,5,6,7,1,1,1,1
ca,06053013200,06053980000,3,4,4,4,0,0,0,1
ca,06053013900,06053014102,3,3,4,4,0,0,0,0
ca,06053014110,06053011103,3,3,3,3,0,0,0,1
ca,06053014601,06019004003,6,6,6,6,0,0,0,0
ca,06053014700,06053013100,3,3,4,5,0,0,0,1
ca,06055200301,06047001501,4,6,9,16,0,1,1,6
ca,06055200501,06097153705,7,7,8,9,0,0,0,2
ca,06055200602,06013338302,8,11,12,12,0,0,0,3
ca,06055200602,06065043006,9,14,21,29,0,0,0,9
ca,06055200802,06055201300,0,0,0,0,0,0,0,0
ca,06055200804,06055201005,1,1,1,1,0,0,0,0
ca,06055201006,06095251803,1,1,2,2,0,0,0,1
ca,06059001101,06059063301,9,12,12,10,0,0,0,0
ca,06059001202,06037502100,3,5,5,5,2,2,2,2
ca,06059001301,06059001507,0,1,1,1,0,0,0,0
ca,06059001505,06037239802,11,14,13,12,0,0,0,0
ca,06059001603,06059110401,2,2,2,2,0,0,0,0
ca,06059011402,06037980018,6,6,7,7,0,0,0,0
ca,06059021810,06059110202,3,3,3,3,0,0,0,0
ca,06059021814,06059062640,8,9,10,10,0,0,0,3
ca,06059021821,06059011714,0,0,0,0,0,0,0,0
ca,06059021825,06071000504,6,7,7,6,0,0,0,3
ca,06059021923,06059021917,1,1,1,1,0,0,0,0
ca,06059032015,06059042108,1,1,1,3,0,0,0,3
ca,06059032015,06059052506,4,7,7,7,0,0,0,0
ca,06059032022,06073017071,5,3,3,8,0,0,0,4
ca,06059032047,06059062610,3,4,4,4,0,0,0,2
ca,06059032047,06059075516,6,8,8,8,0,0,0,3
ca,06059032054,06059042326,8,11,10,9,0,1,1,1
ca,06059032057,06059052506,5,9,10,10,0,0,0,0
ca,06059032059,06059110500,3,5,6,6,0,0,0,0
ca,06059032066,06071000826,1,1,1,2,0,0,0,0
ca,06059042116,06037310400,1,1,1,6,0,0,0,6
ca,06059042206,06037301204,4,4,4,7,0,0,0,5
ca,06059042313,06059075516,7,8,9,9,0,0,0,2
ca,06059042320,06059062634,0,0,0,0,0,0,0,0
ca,06059042326,06037135116,5,10,10,12,0,0,0,2
ca,06059042327,06037265521,0,0,0,1,0,0,0,1
ca,06059042327,06059042313,3,6,6,6,0,0,0,1
ca,06059042329,06037138000,7,11,11,13,0,0,0,2
ca,06059042332,06059042108,8,10,10,10,0,0,0,2
ca,06059052411,06071000115,7,8,8,8,0,0,0,0
ca,06059052415,06059052410,1,2,2,2,0,0,0,0
ca,06059052416,06037432300,3,4,4,5,0,0,0,0
ca,06059052416,06059087102,1,2,2,3,0,0,0,0
ca,06059052424,06059075002,9,12,13,12,0,0,0,2
ca,06059052430,06037482403,8,12,12,12,0,0,0,0
ca,06059052432,06059052408,2,5,5,6,0,0,0,1
ca,06059052505,06037554511,2,2,2,2,0,0,0,0
ca,06059052527,06037460401,7,10,10,12,0,0,0,4
ca,06059052527,06059063400,3,5,6,6,0,0,0,1
ca,06059052535,06059075516,4,4,4,6,0,0,0,1
ca,06059062614,06059075516,2,2,3,3,0,0,0,0
ca,06059062622,06081610602,7,14,15,19,0,1,1,9
ca,06059062639,06059062637,0,0,0,0,0,0,0,0
ca,06059062639,06059075516,4,5,5,5,0,0,0,0
ca,06059062645,06059074106,3,4,4,4,0,0,0,3
ca,06059062652,06059063007,3,4,5,5,0,0,0,0
ca,06059062702,06059062610,2,2,2,2,0,0,0,0
ca,06059062702,06059076102,10,11,11,11,0,0,0,0
ca,06059063007,06037920314,7,10,12,16,0,0,0,5
ca,06059063201,06059042109,4,7,8,8,0,0,0,4
ca,06059063701,06059110301,7,8,8,7,0,0,0,2
ca,06059074005,06059088101,4,5,4,6,0,0,0,1
ca,06059074107,06059063101,1,1,1,1,0,0,0,1
ca,06059074111,06059074106,0,0,0,0,0,0,0,0
ca,06059074408,06059075403,1,1,1,1,0,0,0,0
ca,06059074602,06059075002,0,0,0,0,0,0,0,0
ca,06059074702,06071000821,4,7,7,8,0,1,1,3
ca,06059074901,06059075002,0,0,0,0,0,0,0,0
ca,06059075002,06059087802,2,2,2,2,0,0,0,0
ca,06059075201,06059021813,4,4,4,4,0,0,0,0
ca,06059075405,06065041904,2,2,2,2,0,0,0,0
ca,06059075506,06067001103,6,7,8,14,0,0,0,7
ca,06059075507,06059075404,0,0,0,0,0,0,0,0
ca,06059075518,06037980035,3,3,4,4,0,0,1,1
ca,06059075812,06059052521,3,3,3,4,0,0,0,1
ca,06059075815,06059075002,1,1,1,1,0,0,0,0
ca,06059075901,06059001504,0,0,0,0,0,0,0,0
ca,06059076103,06059089106,1,1,1,1,0,0,0,1
ca,06059086305,06059063909,5,6,6,7,0,0,0,0
ca,06059086502,06059086303,0,0,0,0,0,0,0,0
ca,06059086601,06037502700,1,1,1,1,0,0,0,1
ca,06059087503,06059074406,0,0,0,0,0,0,0,0
ca,06059087504,06071006501,4,7,7,11,0,0,0,5
ca,06059087703,06059075002,0,0,0,0,0,0,0,0
ca,06059087703,06059088402,5,5,5,5,0,0,0,0
ca,06059088202,06059088601,3,3,3,3,0,0,0,0
ca,06059088802,06037267901,1,1,1,2,0,0,0,1
ca,06059088802,06059088904,3,3,3,3,0,0,0,0
ca,06059088802,06059099309,4,5,6,6,0,0,0,0
ca,06059088802,06065043820,7,7,9,12,1,1,1,5
ca,06059088902,06059075516,6,6,6,5,0,0,0,1
ca,06059088903,06037575002,2,4,6,6,0,0,0,0
ca,06059089102,06059001507,2,2,2,2,0,0,0,0
ca,06059099202,06059075002,2,2,2,2,0,0,0,0
ca,06059099212,06037980013,2,3,3,4,0,0,0,1
ca,06059099233,06029000506,7,9,9,16,0,0,0,9
ca,06059099237,06059099230,0,0,0,0,0,0,0,0
ca,06059099419,06073019208,1,2,3,9,0,0,0,6
ca,06059099508,06029000506,6,7,7,15,0,0,0,9
ca,06059099508,06059074003,2,3,3,3,0,0,0,0
ca,06059099508,06065041602,6,6,8,9,0,0,0,0
ca,06059099513,06037800504,11,13,13,14,3,3,3,5
ca,06059099702,06097150607,23,27,30,36,0,0,0,7
ca,06059099803,06059099203,1,2,2,2,0,0,0,0
ca,06059110007,06037310400,4,4,3,8,1,1,1,7
ca,06059110014,06059088302,11,11,12,11,0,0,0,2
ca,06059110102,06037980018,6,6,6,6,0,0,0,0
ca,06059110606,06037503902,0,0,0,0,0,0,0,0
ca,06061020601,06061021045,5,6,7,8,1,1,1,1
ca,06061020601,06061022600,4,5,5,5,1,1,1,1
ca,06061020605,06067009006,3,5,5,6,0,0,0,2
ca,06061020714,06067006705,0,0,0,0,0,0,0,0
ca,06061021040,06037980035,8,14,17,21,0,0,0,11
ca,06061021046,06061021034,0,0,0,0,0,0,0,0
ca,06061021323,06113011208,6,5,5,5,1,1,1,2
ca,06061021604,06013302005,8,9,9,10,0,0,0,3
ca,06061022002,06067004904,1,2,2,3,0,0,0,0
ca,06061022600,06067000800,2,3,4,4,0,0,0,1
ca,06061022800,06001450752,12,16,23,28,0,0,0,6
ca,06061023502,06065044701,16,25,37,44,0,0,0,13
ca,06063000502,06063000501,0,0,0,0,0,0,0,0
ca,06065030300,06065041912,2,2,2,6,0,0,0,4
ca,06065030400,06059011714,3,3,3,5,0,0,0,3
ca,06065030800,06071001803,4,5,5,5,0,0,0,1
ca,06065031200,06065030502,0,0,0,0,0,0,0,0
ca,06065031504,06071000504,16,23,23,21,0,0,0,0
ca,06065031601,06065049800,5,7,8,10,1,1,1,2
ca,06065040203,06071012500,5,5,5,5,0,0,0,0
ca,06065040403,06071002207,6,6,6,7,0,0,0,0
ca,06065040404,06059052422,6,7,7,5,0,0,0,1
ca,06065040404,06065040618,6,6,6,6,0,0,0,0
ca,06065040503,06071006700,0,0,0,0,0,0,0,0
ca,06065040609,06071001703,0,0,0,0,0,0,0,0
ca,06065040806,06071010011,5,6,8,9,0,0,0,3
ca,06065041408,06037404703,1,3,2,4,0,0,0,2
ca,06065041414,06071007112,4,7,7,10,0,0,0,5
ca,06065041904,06059062653,1,1,1,1,0,0,0,0
ca,06065041912,06037480704,12,12,12,16,1,1,1,5
ca,06065042015,06037541003,5,5,6,7,0,0,0,4
ca,06065042213,06071007303,4,6,7,7,0,0,0,0
ca,06065042522,06065030300,7,7,7,6,0,0,0,1
ca,06065042628,06071002111,2,5,5,6,0,0,0,1
ca,06065042630,06037125402,1,7,7,14,0,0,0,7
ca,06065042717,06071002112,10,11,12,13,0,0,0,1
ca,06065042723,06073021900,12,20,24,25,0,0,0,4
ca,06065042731,06073017307,8,10,10,12,0,0,0,0
ca,06065042733,06073018522,2,2,2,4,0,0,0,0
ca,06065042751,06059075517,9,10,11,13,0,0,0,0
ca,06065042751,06073018510,3,3,3,5,0,0,0,0
ca,06065043001,06037574201,5,8,9,9,0,0,1,1
ca,06065043005,06071003000,5,6,6,6,1,1,1,2
ca,06065043201,06059042312,10,14,15,15,0,0,3,4
ca,06065043218,06065043206,2,3,3,3,0,0,1,2
ca,06065043229,06065043256,5,11,11,12,1,1,1,1
ca,06065043264,06065046403,5,6,6,4,1,1,1,1
ca,06065043266,06065046700,4,6,6,4,1,1,1,1
ca,06065043274,06073017048,4,4,5,6,0,0,0,1
ca,06065043278,06073017056,4,4,5,6,0,0,0,2
ca,06065043297,06071002204,7,12,11,11,1,1,1,2
ca,06065043307,06065043206,6,9,10,11,0,0,0,1
ca,06065043313,06065042720,10,10,10,10,0,0,0,0
ca,06065043319,06065031100,13,14,13,12,1,1,1,1
ca,06065043517,06059087602,14,18,18,19,0,0,0,4
ca,06065043807,06071007306,6,6,6,8,2,2,2,5
ca,06065043818,06071007800,5,6,7,11,0,0,0,3
ca,06065044300,06065043813,0,0,0,0,0,0,0,0
ca,06065044521,06065042738,11,14,14,16,0,0,0,2
ca,06065044929,06071004512,7,10,11,16,1,2,2,9
ca,06065045235,06073008346,30,36,37,40,0,0,0,4
ca,06065045306,06065044602,4,4,6,7,0,0,0,0
ca,06065046405,06001450607,3,8,9,14,0,1,1,6
ca,06065046405,06065051200,7,8,8,8,0,0,0,0
ca,06065046601,06037207400,16,17,17,21,0,0,0,4
ca,06065048200,06059063008,4,6,9,9,0,0,0,0
ca,06065049400,06073009502,24,30,33,38,0,0,0,3
ca,06065049501,06065048700,3,5,6,8,0,0,0,2
ca,06065051200,06059110301,9,9,9,9,0,0,0,0
ca,06065051302,06065043509,2,2,2,2,0,0,0,1
ca,06067000300,06067009608,0,0,0,0,0,0,0,0
ca,06067001702,06067000800,2,2,2,2,0,0,0,0
ca,06067001800,06067008504,2,2,2,2,1,1,1,1
ca,06067003400,06067000501,8,8,9,9,0,0,0,0
ca,06067004008,06067000400,4,4,6,6,0,0,0,0
ca,06067004012,06037703003,3,4,5,11,0,0,0,6
ca,06067004203,06067001800,2,3,3,3,0,0,0,1
ca,06067004402,06067007012,5,5,5,5,0,0,0,0
ca,06067004802,06067003900,3,3,3,3,0,0,0,0
ca,06067004802,06067008703,5,8,8,8,0,0,0,2
ca,06067004904,06067009332,6,7,7,8,0,0,0,2
ca,06067005510,06077005225,8,11,13,14,0,0,0,5
ca,06067005801,06067001103,5,7,7,7,0,0,0,1
ca,06067006102,06067001103,5,7,7,7,0,0,0,2
ca,06067006600,06067008010,2,2,2,2,0,0,0,0
ca,06067006706,06101051100,0,0,0,0,0,0,0,0
ca,06067007028,06113010501,0,0,0,0,0,0,0,0
ca,06067007105,06113011208,1,1,1,1,1,1,1,1
ca,06067007206,06067007301,2,4,4,4,0,0,0,0
ca,06067007208,06061020713,7,7,7,7,0,0,0,0
ca,06067007413,06067008117,0,0,1,2,0,0,0,1
ca,06067007422,06061020717,2,2,2,2,0,0,0,0
ca,06067007434,06067001300,2,4,4,5,0,0,0,0
ca,06067007439,06067007207,0,0,0,0,0,0,0,0
ca,06067007604,06067005904,0,0,0,0,0,0,0,0
ca,06067007701,06067001103,5,6,6,6,0,0,0,2
ca,06067007801,06071000504,7,12,20,26,0,0,0,11
ca,06067007802,06023010800,26,31,32,32,0,0,0,1
ca,06067008122,06067004302,6,8,8,10,0,0,0,3
ca,06067008141,06037572001,10,11,16,22,0,0,0,11
ca,06067008403,06053000400,13,14,17,20,0,0,1,10
ca,06067008504,06081605502,27,32,40,58,0,1,2,17
ca,06067008508,06067007903,0,0,0,1,0,0,0,1
ca,06067008508,06067008507,1,1,1,1,1,1,1,1
ca,06067008910,06067001103,2,3,3,3,0,0,0,1
ca,06067008913,06067009010,3,2,2,2,0,0,0,1
ca,06067009307,06113010203,5,6,6,6,1,1,1,3
ca,06067009308,06067008404,6,6,6,7,1,1,1,2
ca,06067009311,06067009006,3,4,4,4,0,0,0,0
ca,06067009311,06075030101,31,33,42,55,0,1,2,11
ca,06067009320,06013307205,4,5,5,5,0,0,0,0
ca,06067009321,06061021802,7,7,7,9,0,0,0,3
ca,06067009614,06081602300,32,36,41,51,1,2,3,14
ca,06067009643,06067001300,2,6,6,6,0,0,0,0
ca,06067009645,06113010203,3,3,3,3,1,1,1,2
ca,06069000100,06053010504,0,0,0,1,0,0,0,1
ca,06069000502,06087110601,13,13,13,13,0,0,0,0
ca,06069000601,06069000502,0,0,0,0,0,0,0,0
ca,06069000702,06053014601,7,7,7,7,2,2,2,2
ca,06071000115,06065040618,10,12,12,12,0,0,0,1
ca,06071000119,06059075403,5,6,6,7,0,0,0,2
ca,06071000120,06037207400,0,1,1,5,0,0,0,4
ca,06071000121,06059052428,4,3,3,3,0,0,0,0
ca,06071000121,06065040618,12,13,13,13,2,1,1,2
ca,06071000201,06037701000,10,9,6,10,0,0,0,5
ca,06071000305,06037402002,1,1,1,2,0,0,0,1
ca,06071000306,06037980028,11,12,13,15,0,1,1,6
ca,06071000403,06071000504,5,5,5,5,0,0,0,0
ca,06071000501,06071002109,6,6,6,7,1,1,1,1
ca,06071000605,06037703003,2,2,2,3,0,0,0,1
ca,06071000808,06037403601,2,2,3,4,0,0,0,0
ca,06071000813,06037408900,1,1,1,1,0,0,0,0
ca,06071000821,06059042106,17,20,20,21,0,0,0,3
ca,06071000901,06029004305,7,9,11,15,0,0,0,5
ca,06071000903,06071002105,2,2,2,2,0,0,0,0
ca,06071001305,06059087405,2,2,2,3,0,0,0,1
ca,06071001309,06037501400,2,1,1,3,0,0,0,4
ca,06071001309,06037980035,6,6,7,7,0,0,1,2
ca,06071001501,06037403327,0,1,1,3,0,0,0,2
ca,06071001702,06059075516,11,14,14,14,0,0,0,1
ca,06071001901,06037900504,11,11,15,16,0,1,1,7
ca,06071002013,06065042209,7,7,8,9,0,0,0,0
ca,06071002018,06071002031,3,5,5,5,0,0,0,0
ca,06071002019,06071001803,5,6,8,9,0,0,0,0
ca,06071002025,06071002709,1,2,2,2,0,0,0,0
ca,06071002028,06037401901,3,4,4,4,0,0,0,0
ca,06071002314,06037402102,1,1,1,1,0,0,0,0
ca,06071002314,06037552900,10,9,10,14,0,0,0,1
ca,06071002315,06037265521,5,5,5,7,0,0,0,3
ca,06071002501,06071012202,3,5,5,5,0,0,0,0
ca,06071002611,06071007202,2,2,2,2,1,1,1,1
ca,06071002706,06073018616,3,4,8,14,0,0,0,5
ca,06071002804,06037310501,18,21,21,31,0,0,0,8
ca,06071002902,06037980035,11,12,13,13,0,0,1,3
ca,06071003302,06037113426,5,8,8,12,0,0,0,5
ca,06071003302,06037541200,11,12,12,14,0,0,0,4
ca,06071003403,06071002109,3,3,3,3,0,0,0,1
ca,06071003503,06065046700,6,7,9,10,1,1,1,4
ca,06071003803,06071007202,4,4,4,4,0,0,0,1
ca,06071004507,06071011801,1,2,4,4,0,0,0,1
ca,06071004800,06059099215,6,6,10,15,0,0,0,8
ca,06071004901,06071002105,4,4,4,4,0,0,0,0
ca,06071006102,06037800324,2,3,3,7,0,0,0,5
ca,06071006301,06071006501,0,0,0,0,0,0,0,0
ca,06071006301,06071007604,6,8,8,7,0,0,0,1
ca,06071006402,06071002709,4,5,5,5,0,0,0,0
ca,06071007107,06071003302,4,4,4,4,1,1,1,3
ca,06071007404,06037980035,8,8,9,9,0,0,1,3
ca,06071007412,06071003505,2,2,2,2,0,0,0,0
ca,06071007604,06071007410,4,3,3,3,1,1,1,2
ca,06071007606,06037542401,6,7,7,9,0,0,0,3
ca,06071008201,06071008100,0,0,0,0,0,0,0,0
ca,06071008710,06071007800,3,3,4,6,0,0,0,3
ca,06071009139,06071009913,2,2,2,2,0,0,0,0
ca,06071009717,06037207400,9,9,9,14,0,0,0,5
ca,06071009723,06037265521,12,12,12,17,0,0,0,6
ca,06071009800,06071009719,4,4,5,5,0,0,0,0
ca,06071009914,06059099904,7,6,6,12,0,0,0,6
ca,06071010012,06071009800,0,0,0,0,0,0,0,0
ca,06071010014,06071006201,5,7,9,11,0,0,0,0
ca,06071010413,06065045129,8,10,11,12,0,0,0,1
ca,06071011206,06059099701,7,7,11,20,0,0,0,8
ca,06073000500,06073003401,8,9,10,8,0,0,0,0
ca,06073000901,06073008346,8,11,11,10,0,0,0,1
ca,06073001202,06073014002,9,9,9,7,0,0,0,0
ca,06073002201,06059062610,5,7,9,11,0,0,3,6
ca,06073002302,06073008346,8,10,10,10,0,0,0,1
ca,06073002903,06073008339,15,16,17,15,0,0,0,1
ca,06073003105,06073021900,3,3,3,3,0,0,0,1
ca,06073003107,06073008511,7,7,4,3,0,0,0,0
ca,06073003602,06073008339,9,12,10,11,0,0,0,4
ca,06073005301,06073008339,4,12,11,11,0,0,0,3
ca,06073005402,06037131022,10,17,18,21,0,0,3,10
ca,06073005700,06073013316,8,8,10,13,0,0,0,5
ca,06073005802,06073005102,1,1,1,4,0,0,0,3
ca,06073006900,06073006500,0,0,0,0,0,0,0,0
ca,06073007302,06073010016,4,1,1,1,0,0,0,3
ca,06073007402,06073017010,7,10,12,13,0,0,0,3
ca,06073007501,06073013327,8,8,15,22,0,0,0,8
ca,06073007602,06073008339,8,6,5,6,2,1,1,2
ca,06073007907,06073005302,7,5,6,7,1,1,1,8
ca,06073007907,06073007905,0,0,0,0,0,0,0,0
ca,06073007908,06073001802,10,11,14,14,0,0,0,0
ca,06073008201,06073013325,10,12,19,28,0,0,0,1
ca,06073008202,06001450607,7,11,14,20,0,0,1,9
ca,06073008303,06073008378,7,10,9,9,0,0,0,0
ca,06073008312,06073008346,4,4,4,4,0,0,0,1
ca,06073008312,06073008373,2,3,3,3,0,0,0,0
ca,06073008324,06073008339,3,2,2,2,0,0,0,1
ca,06073008327,06073008511,1,4,4,6,0,0,0,0
ca,06073008328,06073013424,7,8,9,7,0,0,0,0
ca,06073008331,06073007200,10,7,5,6,0,0,0,3
ca,06073008347,06071000808,16,14,11,9,2,1,1,1
ca,06073008348,06073008346,0,0,0,0,0,0,0,0
ca,06073008372,06073002905,1,3,4,4,0,0,0,1
ca,06073008375,06073008305,1,1,1,1,0,0,0,0
ca,06073008511,06075011700,35,47,59,84,0,1,4,21
ca,06073009104,06073009307,7,9,10,10,0,0,0,0
ca,06073009109,06037700501,7,9,13,16,0,0,1,10
ca,06073009203,06073018904,3,2,2,2,0,0,0,0
ca,06073009305,06073008501,13,14,15,16,0,0,0,2
ca,06073009306,06073015002,1,3,4,2,0,0,0,0
ca,06073009502,06037207400,4,7,8,12,0,0,3,8
ca,06073009506,06073017403,5,6,6,6,0,0,2,2
ca,06073009507,06073009108,6,6,6,6,0,0,0,2
ca,06073009510,06073020310,1,1,1,1,1,1,1,1
ca,06073009805,06073002601,6,4,4,5,0,0,0,0
ca,06073010004,06073021800,7,7,9,9,7,5,4,3
ca,06073010009,06073005000,2,2,2,3,1,1,1,4
ca,06073010015,06073003800,0,0,0,0,0,0,0,0
ca,06073010019,06073017601,2,8,8,9,1,1,3,7
ca,06073010110,06073005403,6,4,4,6,0,0,0,5
ca,06073010110,06073009301,3,5,4,7,0,0,0,7
ca,06073010300,06073008346,5,8,7,9,0,0,0,6
ca,06073010402,06073009802,2,1,1,2,0,0,0,2
ca,06073010402,06073017303,3,6,5,7,0,0,2,7
ca,06073010502,06037700801,19,19,18,22,0,0,3,13
ca,06073012102,06073008511,1,3,2,4,0,0,0,7
ca,06073012200,06073013319,6,7,6,6,0,0,0,1
ca,06073012402,06073008350,11,14,14,16,0,0,1,5
ca,06073013315,06037197700,6,12,12,18,0,0,3,12
ca,06073013317,06073013206,4,6,6,5,0,0,0,0
ca,06073013317,06073013418,3,3,3,3,0,0,0,0
ca,06073013320,06073013412,5,5,5,5,0,0,0,0
ca,06073013320,06073015002,0,1,1,1,0,0,0,0
ca,06073013321,06073017403,6,10,9,11,0,0,2,2
ca,06073013326,06073021900,4,4,5,5,0,0,0,0
ca,06073013411,06073013416,1,2,2,2,0,0,0,1
ca,06073013422,06073017049,5,5,4,10,0,0,0,0
ca,06073013903,06073021206,8,9,9,11,0,0,0,0
ca,06073013906,06073008511,0,0,3,7,0,0,0,0
ca,06073013908,06081604102,14,22,25,36,0,0,3,18
ca,06073014102,06073000201,31,26,18,11,0,0,0,4
ca,06073014602,06065041909,5,8,11,15,2,1,1,1
ca,06073014701,06073020806,7,7,7,7,0,0,0,0
ca,06073014805,06073016202,10,10,8,8,0,0,0,0
ca,06073015602,06073007905,9,12,14,20,0,0,0,1
ca,06073015705,06073000700,10,11,12,10,0,0,1,1
ca,06073015801,06073017065,3,3,3,3,0,0,0,0
ca,06073016202,06073008702,4,4,6,9,0,0,0,0
ca,06073016703,06073002801,3,3,3,4,0,0,0,1
ca,06073016705,06065043006,14,13,13,14,2,1,2,3
ca,06073017021,06073020311,10,10,10,9,0,0,0,0
ca,06073017040,06073008511,6,6,6,7,0,0,0,0
ca,06073017045,06037207400,11,11,13,17,0,0,1,5
ca,06073017056,06071001600,4,9,10,10,3,2,2,2
ca,06073017306,06037980013,4,5,7,10,0,0,1,5
ca,06073017408,06073008305,4,3,3,3,0,0,0,1
ca,06073017605,06073017606,0,0,0,0,0,0,0,0
ca,06073017808,06073008346,6,7,7,7,1,1,1,4
ca,06073018201,06073018400,0,0,0,0,0,0,0,0
ca,06073018302,06073018509,2,2,2,2,0,0,0,0
ca,06073018504,06073018000,0,0,0,0,0,0,0,0
ca,06073018509,06037207711,0,0,1,5,0,0,1,5
ca,06073018511,06073017307,2,2,2,2,0,0,0,0
ca,06073018511,06073018000,1,1,1,1,0,0,0,0
ca,06073018523,06073020312,2,3,3,3,0,0,0,0
ca,06073018905,06073017052,1,2,2,2,0,0,0,0
ca,06073019208,06037462202,1,4,4,8,2,2,2,6
ca,06073019406,06073020019,0,0,0,0,0,0,0,0
ca,06073019601,06059063009,0,1,3,5,0,0,1,3
ca,06073019701,06059011504,2,1,2,4,2,1,2,4
ca,06073020023,06073002801,4,3,2,2,0,0,0,0
ca,06073020024,06073020405,0,1,1,1,0,0,0,0
ca,06073020034,06073020044,3,4,4,4,0,0,0,0
ca,06073020043,06073000302,4,8,8,12,0,0,0,2
ca,06073020044,06073008511,0,1,1,1,0,0,0,0
ca,06073020110,06037576602,2,4,6,8,0,0,1,3
ca,06073020110,06073020017,2,3,3,3,0,0,0,0
ca,06073020209,06073008702,0,0,0,0,0,0,0,0
ca,06073020214,06073020202,0,0,0,0,0,0,0,0
ca,06073020304,06065042523,7,8,8,8,2,1,1,1
ca,06073020308,06065041406,4,5,7,8,2,1,1,1
ca,06073020712,06059021922,2,4,4,4,2,1,1,1
ca,06073020806,06073003800,9,12,13,15,0,0,0,5
ca,06073020810,06073008346,17,17,16,15,0,0,0,0
ca,06073020813,06071002101,5,6,6,6,2,1,1,1
ca,06073020813,06073008511,7,7,7,7,0,0,0,0
ca,06073021205,06073006200,6,6,6,12,0,0,0,6
ca,06073021305,06073013104,1,1,1,2,0,0,0,1
ca,06075012406,06081608400,4,8,8,16,1,1,1,7
ca,06075013500,06075011800,1,1,2,2,0,0,0,0
ca,06075016102,06081605100,4,6,6,11,0,0,0,4
ca,06075016700,06075010500,2,2,3,3,0,0,0,0
ca,06075020202,06075061507,5,5,5,6,0,0,0,1
ca,06075020801,06075020702,2,2,2,2,0,0,0,0
ca,06075020802,06081610202,3,7,8,17,0,0,0,5
ca,06075021000,06081612600,7,13,13,22,0,0,0,7
ca,06075021200,06085511707,8,9,10,16,0,0,1,7
ca,06075022702,06075011800,2,2,2,3,0,0,0,0
ca,06075023103,06075980900,3,3,3,3,0,0,0,0
ca,06075025401,06075017603,2,2,2,2,0,0,0,1
ca,06075026403,06001425102,24,26,30,31,1,1,1,8
ca,06075031100,06081606700,8,10,10,17,0,0,0,4
ca,06075031401,06041105002,14,15,17,21,1,1,1,5
ca,06075032901,06075017603,2,2,2,2,0,0,0,0
ca,06075033002,06075016200,6,7,7,7,0,0,0,0
ca,06075035102,06075017700,2,2,2,3,0,0,0,1
ca,06075040100,06075013001,2,2,2,3,0,0,0,1
ca,06075047702,06075033201,12,12,13,12,0,0,1,1
ca,06075047902,06037207711,32,44,65,76,0,0,0,7
ca,06075060502,06085505800,11,15,16,19,0,0,0,6
ca,06075061501,06075030101,3,3,3,3,0,0,0,0
ca,06077001000,06047001004,0,1,2,3,0,0,0,1
ca,06077001400,06077003311,3,3,4,4,0,0,0,0
ca,06077002000,06067007103,3,4,5,8,0,0,0,1
ca,06077003119,06077004107,6,8,9,11,0,0,0,1
ca,06077003306,06077004404,1,1,1,1,0,0,0,0
ca,06077003306,06077005310,3,3,3,3,0,0,0,0
ca,06077003310,06067004019,2,2,2,3,0,0,0,1
ca,06077003404,06077003117,5,7,7,8,0,0,0,2
ca,06077003503,06077003504,0,0,0,0,0,0,0,0
ca,06077003808,06077003700,2,2,1,1,0,0,0,0
ca,06077004003,06077004107,1,1,1,1,0,0,0,1
ca,06077004203,06077001300,2,2,2,2,0,0,0,0
ca,06077004205,06077004403,1,1,1,1,0,0,0,0
ca,06077004206,06077003501,2,2,2,2,0,0,0,0
ca,06077004302,06067001103,2,3,4,6,0,0,0,3
ca,06077004402,06077004307,2,1,1,1,0,0,0,0
ca,06077005109,06077005119,6,6,5,5,0,0,0,1
ca,06077005219,06001403402,5,5,9,13,1,1,1,4
ca,06077005312,06001401300,12,22,32,48,1,1,1,4
ca,06077005312,06075011700,32,42,54,74,0,2,2,8
ca,06079010017,06071009913,4,5,6,6,0,0,0,0
ca,06079010204,06083002708,13,14,14,17,1,1,1,7
ca,06079010206,06059062610,3,3,6,8,0,0,0,2
ca,06079010903,06071005701,6,10,13,19,2,2,2,13
ca,06079011201,06079010904,0,0,0,0,0,0,0,0
ca,06079011800,06079011505,0,0,0,0,0,0,0,0
ca,06079012306,06037267901,4,8,9,11,1,1,1,7
ca,06081600200,06075010902,8,10,13,14,0,0,0,2
ca,06081600200,06075030101,3,3,3,3,0,0,0,0
ca,06081600402,06085505100,9,12,13,19,0,0,0,6
ca,06081600702,06075017603,7,9,9,9,0,0,0,3
ca,06081601301,06075017700,6,8,8,8,0,0,0,4
ca,06081601400,06081984300,12,14,14,15,0,0,0,1
ca,06081601502,06037701801,9,13,14,25,0,0,0,7
ca,06081602002,06075033204,7,8,8,10,0,0,0,2
ca,06081602601,06037980013,7,11,12,24,1,1,1,6
ca,06081605300,06075061507,4,6,9,15,0,1,1,5
ca,06081606000,06081605501,0,0,0,0,0,0,0,0
ca,06081606201,06075033201,4,7,11,14,0,0,1,6
ca,06081606202,06075061507,4,6,9,15,0,1,1,5
ca,06081608800,06085511302,10,13,13,13,0,0,0,0
ca,06081608900,06081610201,3,3,5,5,0,0,0,1
ca,06081610202,06037530202,5,6,8,10,0,0,0,1
ca,06081610202,06081611700,2,2,2,2,1,1,1,2
ca,06081610700,06081610202,0,0,0,0,0,0,0,0
ca,06081611200,06075061501,3,4,7,18,0,1,1,8
ca,06081611700,06041108202,5,8,12,26,1,1,1,8
ca,06081611901,06081611800,0,0,0,0,0,0,0,0
ca,06083000101,06111000302,2,4,4,4,1,1,1,3
ca,06083000801,06083002933,1,1,1,1,0,0,0,0
ca,06083001101,06083000900,2,2,2,2,0,0,0,0
ca,06083001912,06083003001,0,0,0,0,0,0,0,0
ca,06083002009,06083002008,0,0,0,0,0,0,0,0
ca,06083002011,06079011505,6,6,7,7,0,0,0,1
ca,06083002013,06083000900,2,2,2,2,0,0,0,1
ca,06083002211,06083002012,5,7,7,8,0,0,0,2
ca,06083002406,06083002405,0,0,0,0,0,0,0,0
ca,06083002707,06111009100,5,8,8,10,1,1,1,5
ca,06083002802,06083000302,6,6,6,9,0,0,0,1
ca,06083002909,06083000806,0,0,0,1,0,0,0,1
ca,06083002932,06083002006,0,0,0,0,0,0,0,0
ca,06083002932,06083003001,0,0,0,0,0,0,0,0
ca,06085501102,06085509302,1,1,2,2,0,0,0,0
ca,06085501300,06085509600,3,4,5,6,0,0,0,0
ca,06085501502,06085505100,1,1,1,1,0,0,0,0
ca,06085501700,06081608900,4,5,6,6,0,0,0,2
ca,06085502001,06085506801,2,2,2,3,0,0,0,0
ca,06085502103,06013355110,9,11,13,14,1,1,1,4
ca,06085502400,06085500800,2,2,2,3,0,0,0,1
ca,06085502903,06085505202,8,8,8,9,0,0,0,2
ca,06085502909,06085507806,5,5,5,5,0,0,0,1
ca,06085503110,06073017056,5,6,7,17,0,0,0,11
ca,06085503110,06085508306,2,2,3,5,0,0,0,3
ca,06085503118,06085505006,5,6,6,6,1,1,1,2
ca,06085503125,06081607702,1,2,2,5,0,0,0,5
ca,06085503210,06085505203,8,10,11,13,0,0,0,1
ca,06085503212,06085505007,3,3,4,4,0,0,0,1
ca,06085503213,06081606700,12,13,13,15,0,0,0,3
ca,06085503339,06085502704,5,7,7,8,1,1,1,4
ca,06085503508,06085500800,7,9,10,11,0,0,0,2
ca,06085503712,06085505006,4,4,4,4,0,0,0,1
ca,06085504001,06037113237,12,15,16,17,0,0,0,0
ca,06085504002,06085512019,6,10,12,13,0,0,0,1
ca,06085504307,06001441503,3,3,4,5,0,0,0,0
ca,06085504307,06085504321,0,0,0,0,0,0,0,0
ca,06085504315,06085503330,4,4,4,4,0,0,0,1
ca,06085504318,06077004106,8,8,10,11,0,0,0,4
ca,06085504323,06085512052,12,15,17,18,0,0,0,2
ca,06085504411,06085504318,6,9,9,9,0,0,0,1
ca,06085504506,06081608025,10,23,25,27,0,0,0,3
ca,06085504509,06085508102,3,4,4,5,0,0,0,0
ca,06085505010,06081611700,5,7,8,8,0,0,0,1
ca,06085505015,06085508708,4,4,5,5,0,0,0,0
ca,06085505303,06085511705,2,3,5,5,0,0,0,0
ca,06085505403,06085505202,0,0,0,0,0,0,0,0
ca,06085505500,06085507002,1,2,2,3,0,0,0,0
ca,06085505600,06085502704,1,1,1,1,0,0,0,0
ca,06085506202,06075011700,2,3,6,16,0,1,1,8
ca,06085506302,06085504322,10,11,14,16,0,0,0,3
ca,06085506304,06067009010,14,16,23,26,0,0,0,7
ca,06085506402,06075061101,6,8,11,22,0,1,1,8
ca,06085507702,06085512023,1,4,5,5,0,0,0,1
ca,06085507704,06085509102,1,2,2,3,0,0,0,2
ca,06085507903,06081601604,4,7,10,13,0,0,0,7
ca,06085508102,06085500100,2,2,2,2,0,0,0,0
ca,06085508102,06085505010,1,1,1,1,0,0,0,1
ca,06085508503,06081607500,2,4,4,5,0,0,0,5
ca,06085508509,06085513000,6,5,6,6,0,0,0,1
ca,06085509107,06037273300,10,11,12,18,0,0,0,2
ca,06085509107,06085505012,2,3,3,2,0,0,0,2
ca,06085509401,06085511302,3,3,4,5,0,0,0,0
ca,06085509403,06067005601,20,36,39,45,1,1,1,7
ca,06085509802,06075061101,2,3,6,16,0,1,1,8
ca,06085509901,06085510600,1,1,2,2,0,0,0,0
ca,06085509902,06085509404,0,0,0,0,0,0,0,0
ca,06085510002,06085511705,1,1,1,1,0,0,0,0
ca,06085511302,06085500600,3,3,3,3,0,0,0,1
ca,06085511609,06071001803,15,19,25,29,0,0,0,4
ca,06085511704,06085508102,0,1,1,2,0,0,0,1
ca,06085512022,06001404000,10,15,23,32,1,1,2,5
ca,06085512035,06085505100,2,4,4,6,0,0,0,2
ca,06085512100,06061022600,7,14,15,18,0,0,0,6
ca,06085512513,06085505012,2,4,4,4,0,0,0,0
ca,06085512603,06085512401,4,4,4,4,0,0,0,0
ca,06087110202,06085500300,25,31,32,36,1,1,1,5
ca,06087110402,06085505500,24,30,31,35,0,0,0,3
ca,06087110503,06085505012,25,32,34,38,0,0,0,4
ca,06087120600,06087101200,0,0,0,0,0,0,0,0
ca,06087122001,06087100400,3,3,3,3,0,0,0,1
ca,06087122401,06087110301,3,3,3,3,1,1,1,2
ca,06089010601,06089010200,1,1,1,1,0,0,0,0
ca,06089010602,06089011501,1,1,1,1,0,0,0,0
ca,06089011900,06089010100,1,1,1,1,1,1,1,1
ca,06089012101,06089010400,0,0,0,0,0,0,0,0
ca,06093000703,06007000300,3,3,4,6,0,0,0,2
ca,06095250605,06001450605,2,2,3,4,0,0,0,2
ca,06095251802,06097151308,7,7,7,9,0,0,0,2
ca,06095251803,06061021043,2,3,3,8,0,0,0,6
ca,06095251902,06075022901,29,30,38,49,0,1,1,8
ca,06095251903,06001420500,7,8,9,10,0,0,0,2
ca,06095252108,06001408700,10,10,13,14,1,1,1,2
ca,06095252310,06075010500,25,24,32,43,0,1,1,5
ca,06095252313,06067007301,1,2,2,4,0,0,0,3
ca,06095252314,06085505015,2,4,5,7,0,0,0,3
ca,06095252316,06055200900,1,1,2,4,0,0,1,3
ca,06095252604,06001444601,18,22,25,31,0,0,0,2
ca,06095253101,06113010610,2,4,4,6,0,0,0,3
ca,06095253402,06095253403,1,1,1,1,0,0,0,0
ca,06095253402,06097151308,10,12,12,15,0,0,0,5
ca,06097150303,06097150502,0,0,0,0,0,0,0,0
ca,06097150501,06097150701,0,0,0,0,0,0,0,0
ca,06097150603,06097150701,2,2,2,2,0,0,0,1
ca,06097150610,06097151301,1,1,1,1,0,0,0,1
ca,06097150901,06085509600,7,14,15,26,0,1,1,10
ca,06097151000,06097150612,2,2,2,2,1,1,1,1
ca,06097151203,06097152100,2,2,3,5,0,0,0,4
ca,06097151503,06097151800,5,5,5,5,1,1,1,2
ca,06097151505,06061020717,5,7,7,12,0,0,0,5
ca,06097152203,06041130201,3,5,6,7,2,1,1,5
ca,06097152501,06075012100,5,8,9,11,0,1,1,4
ca,06097152501,06097152702,5,5,6,7,0,0,0,2
ca,06097152601,06075010101,11,14,16,17,0,1,1,6
ca,06097152904,06097151702,8,9,9,9,0,0,0,3
ca,06097153301,06081610202,9,16,16,28,0,1,1,10
ca,06097154202,06097152100,1,1,1,1,0,0,0,0
ca,06099000101,06067001300,2,3,4,7,0,0,0,3
ca,06099000101,06099003907,4,4,4,4,0,0,0,0
ca,06099000201,06001409000,6,6,8,12,2,1,1,5
ca,06099000201,06099000202,0,0,0,0,0,0,0,0
ca,06099000202,06099000404,0,0,0,0,0,0,0,0
ca,06099000303,06113010315,6,8,9,12,1,1,1,2
ca,06099000407,06099000501,1,1,1,1,0,0,0,0
ca,06099000513,06077002201,1,2,3,3,0,0,0,0
ca,06099000914,06001451104,7,8,8,9,0,0,0,1
ca,06099001100,06067007301,16,19,21,24,0,0,0,4
ca,06099001603,06099002702,0,0,0,0,0,0,0,0
ca,06099001900,06001450743,10,10,11,12,3,3,3,3
ca,06099003608,06071002207,14,16,22,28,0,0,0,3
ca,06099004000,06099001800,0,0,0,0,0,0,0,0
ca,06101050101,06115040400,3,3,3,3,0,0,0,1
ca,06101050403,06115040100,2,2,2,2,0,0,0,0
ca,06101050504,06101050102,0,0,0,0,0,0,0,0
ca,06107000702,06107002008,1,1,1,1,0,0,0,0
ca,06107000902,06107000901,0,0,0,0,0,0,0,0
ca,06107001602,06107000302,4,4,4,4,0,0,0,0
ca,06107001701,06107000901,0,0,0,0,0,0,0,0
ca,06107001701,06107001200,0,0,0,0,0,0,0,0
ca,06107001703,06107002003,1,1,1,1,0,0,0,0
ca,06107002202,06107000502,0,0,0,0,0,0,0,0
ca,06107002302,06083002103,9,9,9,12,0,0,0,3
ca,06107002303,06053980000,1,2,2,3,0,0,0,3
ca,06107002303,06107003201,0,0,0,0,0,0,0,0
ca,06107002401,06107002303,0,0,0,0,0,0,0,0
ca,06107002402,06107001502,0,0,0,0,0,0,0,0
ca,06107002901,06107003201,1,1,1,1,0,0,0,0
ca,06107003001,06107002901,0,0,0,0,0,0,0,0
ca,06107003700,06029002503,8,6,7,7,0,0,0,1
ca,06107003904,06107001902,3,3,3,3,0,0,0,0
ca,06107003904,06107002602,2,2,2,2,0,0,0,0
ca,06109002201,06095252607,7,7,7,9,2,2,2,5
ca,06109002201,06099000403,0,0,0,0,0,0,0,0
ca,06109002202,06075013002,35,45,55,75,0,2,2,11
ca,06111000302,06037106510,0,0,0,1,0,0,0,1
ca,06111000600,06037532700,1,1,1,3,0,0,0,2
ca,06111001510,06037207400,1,3,3,5,0,0,0,1
ca,06111002000,06037800504,4,5,5,6,1,1,1,1
ca,06111002700,06111001510,0,0,0,0,0,0,0,0
ca,06111003700,06111001304,1,1,1,2,0,0,0,0
ca,06111004304,06111009200,1,1,1,2,0,0,0,0
ca,06111004716,06111006800,4,7,7,8,0,0,0,0
ca,06111004901,06071009914,6,6,7,8,0,0,0,1
ca,06111004901,06111003102,0,0,0,0,0,0,0,0
ca,06111006600,06037117302,1,2,2,2,0,0,0,1
ca,06111006600,06037267901,0,0,1,3,0,0,0,2
ca,06111006800,06111007000,0,0,0,0,0,0,0,0
ca,06111007100,06037800338,3,6,5,5,0,1,1,2
ca,06111007506,06037113303,0,0,0,1,0,0,0,1
ca,06111007511,06037800324,2,2,2,2,0,0,0,0
ca,06111007611,06111005403,0,0,0,0,0,0,0,0
ca,06111007611,06111007612,0,0,0,0,0,0,0,0
ca,06111007612,06037209201,0,0,0,2,0,0,0,2
ca,06111007800,06037207400,1,1,1,3,0,0,0,2
ca,06111007903,06111007507,2,1,1,1,0,0,0,1
ca,06111007904,06111008201,1,1,1,1,0,0,0,0
ca,06111008303,06111007700,1,1,1,1,0,0,0,0
ca,06111008601,06111000701,1,2,2,3,0,0,0,0
ca,06111009300,06037134303,4,4,5,4,0,0,0,0
ca,06113010314,06067007438,3,3,3,3,0,0,0,0
ca,06113010902,06019005302,15,17,24,29,1,1,1,5
ca,06113011209,06055201700,6,6,6,6,0,0,0,0
ca,06115040400,06077003410,4,5,8,8,0,0,0,1
ca,06115040600,06115040901,1,1,1,1,0,0,0,0
ca,06115040702,06061023200,3,3,3,3,0,0,0,0
co,08001007801,08031003902,1,1,1,1,0,0,0,0
co,08001008000,08031001705,4,4,5,5,0,0,0,0
co,08001008000,08031004110,0,0,0,0,0,0,0,0
co,08001008200,08001008709,2,2,2,2,0,0,0,0
co,08001008309,08059010603,2,1,1,1,0,0,0,0
co,08001008354,08035014203,2,6,6,6,0,0,0,0
co,08001008355,08005007302,4,5,7,7,0,0,0,4
co,08001008355,08031003801,5,6,7,7,0,0,0,5
co,08001008355,08031004110,1,2,3,3,0,0,0,0
co,08001008402,08031002000,21,24,25,25,0,0,0,0
co,08001008402,08031003101,14,17,19,19,0,0,0,0
co,08001008506,08031001000,4,4,5,5,0,0,0,2
co,08001008524,08031001707,2,2,3,4,0,0,0,2
co,08001008524,08041005117,3,4,4,6,0,0,0,2
co,08001008524,08059011732,2,3,4,5,0,0,0,2
co,08001008533,08001008540,1,1,1,1,0,0,0,0
co,08001008533,08031003102,0,0,0,0,0,0,0,0
co,08001008534,08031008312,3,3,3,4,0,0,0,0
co,08001008536,08001009001,1,1,1,1,0,0,0,0
co,08001008538,08001008309,1,1,1,1,0,0,0,0
co,08001008538,08005080700,0,1,1,1,0,0,0,0
co,08001008538,08031001707,5,5,5,5,0,0,0,0
co,08001008538,08031004102,2,2,2,2,0,0,0,0
co,08001008538,08031004110,0,0,0,0,0,0,0,0
co,08001008538,08031980001,0,0,0,0,0,0,0,0
co,08001008544,08047013802,1,1,2,3,0,0,0,2
co,08001008545,08001060100,1,1,2,2,0,0,0,1
co,08001008546,08013013205,2,3,3,3,0,0,0,1
co,08001008549,08001015000,2,2,2,2,0,0,0,0
co,08001008549,08005081101,1,2,2,2,0,0,0,0
co,08001008550,08001008552,0,0,0,0,0,0,0,0
co,08001008550,08005080400,8,8,8,9,1,1,1,2
co,08001008550,08013012204,8,8,8,8,0,0,0,1
co,08001008550,08013060802,0,0,0,0,0,0,0,0
co,08001008550,08031003801,3,3,4,5,0,0,0,0
co,08001008550,08031004112,4,4,4,4,0,0,0,0
co,08001008550,08059009807,1,1,1,1,0,0,0,0
co,08001008550,08059009837,8,8,8,8,0,0,0,0
co,08001008551,08001015000,1,1,1,1,0,0,0,0
co,08001008552,08001009406,6,6,6,6,0,0,0,0
co,08001008553,08031980001,0,0,0,0,0,0,0,0
co,08001008555,08059009806,3,3,3,4,0,0,0,3
co,08001008556,08031004102,0,0,0,0,0,0,0,0
co,08001008556,08031004109,0,0,0,0,0,0,0,0
co,08001008556,08031006813,5,5,5,6,0,0,0,1
co,08001008557,08001988700,0,0,0,0,0,0,0,0
co,08001008558,08001061200,0,0,0,0,0,0,0,0
co,08001008558,08031001403,5,5,5,5,0,0,0,0
co,08001008558,08031002102,5,5,5,5,0,0,0,0
co,08001008559,08001008709,2,2,2,2,0,0,0,0
co,08001008559,08001015000,0,0,0,0,0,0,0,0
co,08001008559,08031006804,10,10,10,11,0,0,0,0
co,08001008559,08059011102,2,4,3,3,0,0,0,2
co,08001008561,08001008506,2,2,2,2,0,0,0,0
co,08001008561,08001061200,0,0,0,0,0,0,0,0
co,08001008562,08001008603,3,3,3,3,0,0,0,0
co,08001008565,08059010306,6,5,4,4,0,0,0,1
co,08001008565,08069000802,6,7,7,7,0,0,0,1
co,08001008605,08059010308,1,1,1,1,0,0,0,0
co,08001008605,08123002502,0,1,1,1,0,0,0,0
co,08001008606,08059010502,1,2,1,1,0,0,0,0
co,08001008705,08031000902,2,2,3,3,0,0,0,0
co,08001008705,08059011402,5,5,6,6,0,0,0,0
co,08001008706,08031006813,6,6,6,7,0,0,0,1
co,08001008709,08013060802,2,3,3,3,0,0,0,1
co,08001008801,08001008709,2,2,2,2,0,0,0,0
co,08001008801,08005006815,3,4,4,5,0,0,0,1
co,08001009003,08001009502,0,0,0,0,0,0,0,0
co,08001009003,08031001706,2,2,2,2,0,0,0,0
co,08001009004,08059011552,4,4,5,5,0,0,0,1
co,08001009101,08001008802,1,1,1,1,0,0,0,0
co,08001009103,08031004101,0,0,0,0,0,0,0,0
co,08001009104,08013013210,7,7,6,6,0,0,0,1
co,08001009203,08001008100,2,3,3,3,0,0,0,0
co,08001009203,08031000503,2,2,3,3,0,0,0,0
co,08001009203,08035014114,5,5,6,6,0,0,0,0
co,08001009203,08035014505,4,3,4,5,0,0,0,2
co,08001009204,08001008802,0,0,0,0,0,0,0,0
co,08001009204,08001988700,4,5,5,4,0,0,0,0
co,08001009204,08005007302,1,1,1,1,0,0,0,0
co,08001009304,08014031102,3,4,4,4,0,0,0,0
co,08001009306,08013012208,1,2,2,2,0,0,0,0
co,08001009306,08013060801,0,1,1,1,0,0,0,0
co,08001009306,08059010001,1,1,1,1,0,0,0,0
co,08001009316,08001009318,1,1,1,1,0,0,0,1
co,08001009316,08069001107,4,6,6,7,0,0,0,1
co,08001009318,08013060801,2,2,2,2,0,0,0,1
co,08001009319,08001015000,0,0,0,0,0,0,0,0
co,08001009321,08001008535,2,2,2,2,0,0,0,0
co,08001009321,08001008709,1,2,2,2,0,0,0,0
co,08001009321,08041006502,6,7,7,9,0,0,0,2
co,08001009322,08001015000,0,1,1,1,0,0,0,0
co,08001009325,08013012204,4,4,4,4,0,0,0,0
co,08001009325,08031003102,5,5,5,5,0,0,0,1
co,08001009327,08035013907,5,6,7,8,0,0,0,0
co,08001009401,08001009607,0,0,0,0,0,0,0,0
co,08001009401,08031002704,4,4,4,3,0,0,0,0
co,08001009406,08059009852,2,2,3,3,0,0,0,0
co,08001009406,08069001713,2,4,4,4,0,0,0,0
co,08001009407,08031001901,5,5,5,4,0,0,0,0
co,08001009410,08031003601,3,3,4,4,0,0,0,1
co,08001009411,08013012106,2,3,3,3,0,0,0,0
co,08001009501,08001008709,1,1,1,1,0,0,0,0
co,08001009502,08001008801,0,0,0,0,0,0,0,0
co,08001009502,08014030200,0,1,1,1,0,0,0,0
co,08001009502,08031001302,4,4,4,3,0,0,0,0
co,08001009502,08059010001,1,1,1,1,0,0,0,0
co,08001009502,08059011701,3,5,4,4,0,0,0,0
co,08001009502,08059015800,2,2,2,2,0,0,0,1
co,08001009603,08005006712,4,4,4,3,0,0,0,0
co,08001009604,08035014014,5,5,5,4,0,0,0,0
co,08001009607,08005080400,7,8,8,7,1,1,1,1
co,08001009608,08031001707,4,4,4,3,0,0,0,0
co,08001009751,08031003703,2,2,2,2,0,0,0,0
co,08001009752,08001008606,0,0,0,0,0,0,0,0
co,08001060001,08035013912,1,1,2,5,0,0,0,2
co,08001060002,08001060100,1,1,2,2,0,0,0,1
co,08001060002,08031003603,1,1,1,1,0,0,0,0
co,08001060100,08013060900,2,3,3,3,0,0,0,0
co,08001060100,08031005104,2,4,4,5,0,0,0,2
co,08001060100,08059009901,1,2,2,3,0,0,0,2
co,08001061200,08031001704,2,2,3,4,0,0,0,1
co,08001061200,08035014009,0,0,0,0,0,0,0,0
co,08003960202,08003960000,0,0,0,0,0,0,0,0
co,08003960300,08003960201,0,0,0,0,0,0,0,0
co,08003960300,08003960202,0,0,0,0,0,0,0,0
co,08003960300,08041003303,2,4,8,8,0,0,0,2
co,08005004951,08001008526,1,2,2,2,0,0,0,0
co,08005004951,08005005630,1,1,1,2,0,0,0,1
co,08005005551,08005005634,0,0,0,0,0,0,0,0
co,08005005553,08001008709,6,7,7,7,0,0,0,0
co,08005005611,08005005552,1,1,1,1,1,1,1,1
co,08005005612,08005006712,0,1,2,2,0,0,0,0
co,08005005619,08031004110,2,2,2,3,0,0,0,0
co,08005005619,08035014131,0,0,0,0,0,0,0,0
co,08005005619,08041001800,3,3,4,6,0,0,0,3
co,08005005621,08005005620,0,0,0,0,0,0,0,0
co,08005005621,08005006860,3,4,5,5,0,0,0,0
co,08005005622,08001008555,4,4,4,4,1,1,1,2
co,08005005624,08031006804,0,1,1,1,0,0,0,1
co,08005005626,08005005634,0,0,0,0,0,0,0,0
co,08005005627,08059010901,0,0,1,1,0,0,0,0
co,08005005628,08001008100,4,5,6,6,0,0,0,1
co,08005005628,08005006712,0,0,0,0,0,0,0,0
co,08005005628,08031002604,0,0,0,0,0,0,0,0
co,08005005628,08031006804,4,4,5,5,0,0,0,1
co,08005005633,08031012016,0,0,0,0,0,0,0,0
co,08005005636,08041000302,5,5,6,8,2,2,2,4
co,08005005701,08005005951,0,0,0,0,0,0,0,0
co,08005005701,08035014143,6,8,8,8,0,0,0,0
co,08005005800,08031000202,2,2,2,3,0,0,0,0
co,08005005951,08059010208,6,7,7,6,0,0,0,0
co,08005006300,08005005622,1,2,2,2,1,1,1,1
co,08005006300,08005005623,0,1,1,1,0,0,0,0
co,08005006300,08005081002,0,3,3,3,0,0,0,0
co,08005006501,08001060200,1,1,1,1,0,0,0,1
co,08005006501,08013013704,5,7,7,6,0,0,0,0
co,08005006502,08005006860,1,1,1,1,0,0,0,0
co,08005006502,08019014702,1,2,3,3,0,0,0,1
co,08005006502,08059011904,0,0,0,0,0,0,0,0
co,08005006601,08005006501,0,0,0,0,0,0,0,0
co,08005006603,08059010902,5,8,9,9,0,0,0,0
co,08005006704,08031000600,0,0,1,1,0,0,0,0
co,08005006704,08041006502,2,4,6,8,0,0,0,3
co,08005006706,08035014503,2,2,2,2,0,0,0,0
co,08005006707,08005006854,0,0,0,0,0,0,0,0
co,08005006709,08001008526,2,2,2,3,0,0,0,2
co,08005006709,08035014125,0,1,1,2,0,0,0,0
co,08005006709,08035014131,0,0,0,0,0,0,0,0
co,08005006713,08005006709,1,1,1,1,0,0,0,0
co,08005006713,08005006815,0,0,0,1,0,0,0,1
co,08005006808,08005006864,0,0,0,0,0,0,0,0
co,08005006808,08031003501,1,2,2,3,0,0,0,0
co,08005006808,08035014116,3,3,5,7,1,1,1,2
co,08005006815,08005006864,1,1,2,2,0,0,0,0
co,08005006815,08031003702,1,1,2,4,0,0,0,1
co,08005006859,08031004110,4,4,4,4,0,0,0,0
co,08005006861,08031001704,1,2,3,4,0,0,0,0
co,08005006861,08031002604,1,2,3,4,0,0,0,0
co,08005006864,08031001402,2,3,4,5,0,0,0,1
co,08005007110,08031005104,6,7,7,7,0,0,0,1
co,08005007110,08041005000,0,0,0,0,0,0,0,0
co,08005007111,08031001706,16,20,20,20,0,0,0,1
co,08005007111,08077000900,6,12,15,15,1,2,2,4
co,08005007113,08005006712,6,10,11,12,0,0,0,2
co,08005007113,08031002604,9,11,12,12,0,0,0,2
co,08005007113,08031008312,1,1,1,1,0,0,0,0
co,08005007113,08059060400,2,2,2,2,0,0,0,0
co,08005007202,08031004101,0,0,0,0,0,0,0,0
co,08005080100,08069001104,7,8,8,9,0,0,0,1
co,08005080200,08035014015,2,2,4,4,0,0,0,0
co,08005080300,08005086900,0,0,0,0,0,0,0,0
co,08005080400,08031003902,3,4,4,4,1,1,1,1
co,08005080400,08031980001,1,2,2,3,1,1,1,2
co,08005080400,08035014006,3,3,4,4,1,1,1,1
co,08005080500,08117000405,2,5,6,6,1,2,2,3
co,08005080600,08005080300,0,0,0,0,0,0,0,0
co,08005080900,08031000202,4,5,5,5,0,0,0,0
co,08005081101,08031980001,7,6,7,7,0,0,0,1
co,08005081102,08001008309,3,3,4,4,0,0,0,2
co,08005081200,08005080500,0,0,0,0,0,0,0,0
co,08005081300,08031002604,6,8,8,8,0,0,0,1
co,08005081400,08005081102,0,0,0,0,0,0,0,0
co,08005081600,08031004406,1,2,2,2,0,0,0,0
co,08005081800,08031001603,8,10,11,11,0,0,0,1
co,08005081800,08031004308,3,3,3,3,0,0,0,1
co,08005082000,08005081400,0,0,0,0,0,0,0,0
co,08005082100,08031003701,3,5,6,6,0,0,0,0
co,08005082200,08005081500,0,0,0,0,0,0,0,0
co,08005082200,08035014014,1,2,2,2,0,0,0,0
co,08005082400,08005082700,0,1,1,1,0,0,0,0
co,08005082400,08031980100,1,4,4,4,0,0,0,2
co,08005082400,08035014141,2,4,4,4,0,0,0,1
co,08005082500,08005006709,0,0,0,0,0,0,0,0
co,08005082700,08005006501,0,2,2,2,0,0,0,1
co,08005082800,08005006712,0,1,1,1,0,0,0,0
co,08005082900,08059010402,1,2,2,2,0,0,0,1
co,08005083000,08001008802,1,2,2,2,0,0,0,1
co,08005083100,08001008547,1,2,2,2,0,0,0,1
co,08005083100,08005006712,1,3,3,3,0,0,0,0
co,08005083201,08039961207,4,6,7,6,0,0,0,0
co,08005083202,08031004308,3,4,4,4,0,0,0,0
co,08005083400,08031006818,1,2,2,2,0,0,0,0
co,08005083700,08123001005,3,4,4,4,0,0,0,0
co,08005083800,08005081002,0,0,0,0,0,0,0,0
co,08005083800,08035014010,0,0,1,1,0,0,0,0
co,08005084000,08031000800,2,4,4,4,0,0,0,0
co,08005084000,08041003906,2,4,5,7,0,0,0,0
co,08005084100,08005080400,1,2,2,2,1,1,1,1
co,08005084300,08005006712,0,0,0,0,0,0,0,0
co,08005084300,08031003102,3,4,4,4,0,0,0,0
co,08005084700,08001008100,0,2,2,2,0,0,0,1
co,08005084700,08031002604,5,6,6,6,0,0,0,0
co,08005084800,08031015500,4,5,6,6,0,0,0,1
co,08005084800,08035013912,0,0,0,3,0,0,0,3
co,08005085100,08005006707,3,8,9,8,0,0,0,0
co,08005085200,08013012208,6,9,10,10,0,0,0,2
co,08005085200,08035014131,3,5,6,6,0,0,0,0
co,08005085200,08059011202,7,12,13,15,0,0,0,1
co,08005085400,08001008100,1,3,3,3,0,0,0,2
co,08005085400,08059011102,4,6,8,8,0,0,0,1
co,08005085500,08005084600,1,1,1,1,0,0,0,0
co,08005085500,08031015600,5,7,8,8,0,0,0,0
co,08005085600,08001060100,6,7,8,8,0,0,0,2
co,08005085600,08005007112,1,3,3,3,0,0,0,0
co,08005085700,08005007400,4,5,6,7,0,0,0,0
co,08005085700,08031000404,9,10,11,12,0,0,0,1
co,08005085700,08035014007,4,5,5,5,0,0,0,1
co,08005085900,08031980001,1,1,1,1,0,0,0,0
co,08005086001,08005006854,3,4,5,5,0,0,0,1
co,08005086001,08031004108,7,9,10,10,0,0,0,2
co,08005086100,08005006864,3,5,5,5,0,0,0,0
co,08005086100,08005082000,0,0,0,0,0,0,0,0
co,08005086200,08013060801,1,3,3,3,0,0,0,1
co,08005086300,08031001707,4,7,8,10,0,0,0,0
co,08005086300,08069000100,5,7,7,7,0,0,0,1
co,08005086500,08037000504,3,7,10,12,0,0,0,2
co,08005086500,08041007301,1,2,2,2,0,1,1,1
co,08005086600,08005082000,0,0,0,0,0,0,0,0
co,08005086600,08013012705,0,1,1,1,0,0,0,0
co,08005086700,08001008100,2,3,3,3,0,0,0,1
co,08005086801,08031005102,1,1,1,1,0,0,0,0
co,08005086802,08001008100,6,7,7,7,0,0,0,0
co,08005086802,08019014800,5,6,7,7,0,0,0,1
co,08005086900,08005081001,3,5,5,5,0,0,0,0
co,08005087100,08001008100,8,9,9,9,0,0,0,0
co,08005087200,08031012010,3,5,5,4,1,2,2,1
co,08005087301,08069002804,9,13,13,13,0,0,0,0
co,08007974202,08007974400,2,2,3,4,0,0,0,1
co,08013012101,08069001715,7,7,7,8,0,0,0,2
co,08013012103,08059060501,5,5,5,6,0,0,0,1
co,08013012104,08013012206,2,3,3,3,0,0,0,0
co,08013012106,08059010209,2,2,2,3,0,0,0,1
co,08013012107,08013012208,1,3,3,3,0,0,0,0
co,08013012107,08013012710,2,2,2,2,0,0,0,0
co,08013012300,08013012605,0,1,1,1,0,0,0,0
co,08013012507,08013012207,2,6,6,6,0,1,1,2
co,08013012507,08013012208,1,3,3,3,0,0,0,1
co,08013012509,08013012103,0,2,2,2,0,0,0,1
co,08013012511,08005006712,4,5,7,6,0,0,0,1
co,08013012511,08013012605,0,0,0,0,0,0,0,0
co,08013012603,08013012605,1,2,2,2,0,0,0,0
co,08013012701,08005005620,9,10,11,11,0,0,0,2
co,08013012705,08013012208,1,1,1,1,0,0,0,0
co,08013012707,08013012208,1,1,1,1,0,0,0,0
co,08013012707,08014031104,1,1,1,1,0,0,0,0
co,08013012708,08013012605,2,2,2,2,0,0,0,0
co,08013012708,08014030100,2,2,2,2,0,0,0,0
co,08013012710,08013012705,0,0,0,0,0,0,0,0
co,08013012801,08013012605,2,4,3,4,0,0,0,0
co,08013012801,08013060700,1,2,1,2,0,0,0,0
co,08013012802,08069001715,7,7,7,9,0,0,0,0
co,08013012904,08013012300,1,2,2,2,0,0,0,0
co,08013012907,08013012707,0,0,0,1,0,0,0,1
co,08013013003,08031012015,5,7,6,6,0,0,0,2
co,08013013004,08014031104,1,1,1,1,0,0,0,0
co,08013013004,08059012034,5,5,5,5,0,0,0,0
co,08013013005,08013060801,0,0,1,1,0,0,0,0
co,08013013006,08001008100,2,3,3,4,0,0,0,1
co,08013013202,08069002700,1,1,1,1,0,0,0,0
co,08013013205,08005006864,7,7,8,9,0,0,0,1
co,08013013205,08013013210,1,1,1,1,0,0,0,0
co,08013013205,08059010406,4,4,5,5,0,0,0,0
co,08013013207,08031980200,6,7,7,7,0,0,0,1
co,08013013207,08059980000,7,9,9,9,0,0,0,1
co,08013013210,08013012705,0,1,1,1,0,0,0,0
co,08013013210,08013013308,0,0,0,0,0,0,0,0
co,08013013210,08014031202,2,2,2,2,2,2,1,1
co,08013013212,08013013208,0,0,0,0,0,0,0,0
co,08013013214,08013013210,1,1,1,1,0,0,0,1
co,08013013214,08031001800,8,8,8,8,0,0,0,1
co,08013013305,08013013401,4,4,4,4,0,0,0,0
co,08013013307,08013012205,3,4,4,4,0,0,0,0
co,08013013307,08013013302,0,0,0,0,0,0,0,0
co,08013013307,08013013505,0,1,1,1,0,0,0,0
co,08013013307,08013060802,4,5,4,5,0,0,0,0
co,08013013308,08001008605,2,4,4,4,0,0,0,0
co,08013013402,08013012208,6,7,7,7,0,0,0,0
co,08013013402,08013012705,5,6,6,6,0,0,0,0
co,08013013506,08059009846,9,10,10,11,0,0,0,1
co,08013013508,08013012201,10,11,11,11,0,0,0,0
co,08013013508,08014031102,8,9,11,11,0,0,0,1
co,08013013508,08069001714,1,1,1,1,0,0,0,0
co,08013013704,08031980001,3,3,3,4,0,0,0,0
co,08013060601,08014031101,2,2,3,3,0,0,0,0
co,08013060601,08123001912,4,4,5,5,0,0,0,0
co,08013060900,08001009206,1,1,3,3,0,0,0,2
co,08013060900,08013012710,0,0,0,0,0,0,0,0
co,08013060900,08013060802,3,3,3,3,0,0,0,0
co,08013060900,08015000100,4,4,5,5,0,0,0,0
co,08014030000,08005006859,5,5,5,5,0,0,0,1
co,08014030000,08014030600,0,0,0,0,0,0,0,0
co,08014030100,08013012208,2,2,2,2,0,0,0,0
co,08014030200,08059010403,3,3,3,3,0,0,0,0
co,08014030300,08031980001,3,4,5,5,0,0,0,0
co,08014030300,08069000600,9,10,9,11,0,0,0,1
co,08014030400,08013060900,1,1,1,1,0,0,0,0
co,08014030400,08069001305,5,11,13,14,0,0,0,1
co,08014030500,08059011202,7,9,10,10,0,0,0,3
co,08014030800,08031001707,5,5,5,4,0,0,0,0
co,08014030800,08059009846,3,4,6,6,0,0,0,2
co,08014030900,08031015400,2,2,3,3,0,0,0,0
co,08014031000,08001009203,1,2,2,2,0,0,0,1
co,08014031000,08014030300,1,1,1,1,0,0,0,0
co,08014031000,08031008388,3,4,4,5,0,0,0,1
co,08014031000,08041005900,2,3,4,7,0,0,0,3
co,08014031101,08059009807,2,2,2,2,0,0,0,0
co,08014031102,08013012509,2,4,5,4,0,0,0,1
co,08014031102,08014031201,1,2,2,2,0,0,0,1
co,08014031104,08005006864,6,7,7,8,0,0,0,2
co,08014031300,08013012208,1,2,2,3,0,0,0,1
co,08014031403,08001008555,4,4,4,4,0,0,0,0
co,08014031403,08031002604,4,4,4,5,0,0,0,1
co,08019014702,08019014800,1,1,1,1,0,0,0,0
co,08019014800,08059009848,1,1,1,1,1,1,1,1
co,08021974800,08031001000,5,5,4,4,1,1,1,1
co,08023972600,08067970602,6,7,6,6,4,4,3,4
co,08023972700,08003960201,0,0,0,0,0,0,0,0
co,08023972700,08031004101,4,8,14,17,0,0,0,5
co,08029964900,08031003902,8,9,8,10,0,0,0,4
co,08029964900,08077000900,6,7,7,7,1,1,1,1
co,08029964900,08085966202,2,2,2,2,0,0,0,2
co,08029965100,08029964900,0,0,0,0,0,0,0,0
co,08029965100,08077000300,2,3,3,3,1,1,1,1
co,08031000102,08035014017,2,2,2,2,0,0,0,0
co,08031000102,08059009856,0,0,0,0,0,0,0,0
co,08031000201,08031005300,0,0,0,0,0,0,0,0
co,08031000202,08001008354,0,0,0,1,0,0,0,1
co,08031000202,08035014125,0,0,0,0,0,0,0,0
co,08031000301,08005080400,3,4,4,4,1,1,1,1
co,08031000301,08031001705,1,1,1,1,0,0,0,0
co,08031000302,08005006712,0,0,0,0,0,0,0,0
co,08031000303,08045952004,4,6,7,7,1,2,2,3
co,08031000403,08014031102,5,7,7,6,0,0,0,1
co,08031000403,08031001704,0,0,0,0,0,0,0,0
co,08031000404,08031004308,0,0,0,0,0,0,0,0
co,08031000703,08013060601,3,4,5,5,0,0,0,0
co,08031000903,08001015000,2,2,2,2,0,0,0,1
co,08031000903,08035014009,1,2,2,2,0,0,0,0
co,08031000903,08047013802,1,1,1,1,0,0,0,0
co,08031000905,08031000706,0,0,0,0,0,0,0,0
co,08031001000,08035014143,5,5,5,5,0,0,0,0
co,08031001101,08031002604,1,1,1,1,0,0,0,0
co,08031001102,08031001705,0,0,0,0,0,0,0,0
co,08031001102,08031001706,1,1,1,1,0,0,0,0
co,08031001403,08031003802,2,2,2,2,0,0,0,1
co,08031001403,08059010402,3,3,4,4,0,0,0,0
co,08031001601,08001008100,3,3,3,3,0,0,0,0
co,08031001601,08014031104,4,5,4,4,0,0,0,0
co,08031001601,08031004102,0,0,0,0,0,0,0,0
co,08031001603,08031004112,0,0,0,0,0,0,0,0
co,08031001603,08031004404,8,10,10,10,0,0,0,0
co,08031001800,08005006712,0,0,0,0,0,0,0,0
co,08031001800,08031008390,7,7,7,7,0,0,0,1
co,08031001901,08031004202,2,4,4,5,0,0,0,1
co,08031002101,08005007400,2,2,2,2,0,0,0,0
co,08031002101,08031001704,1,1,1,2,0,0,0,0
co,08031002102,08031006701,0,0,0,0,0,0,0,0
co,08031002405,08001007801,12,14,14,14,0,0,0,0
co,08031002603,08031006701,0,0,0,0,0,0,0,0
co,08031002604,08031008388,6,6,6,6,0,0,0,1
co,08031002704,08035014014,1,1,1,1,0,0,0,0
co,08031002704,08059011701,0,0,1,1,0,0,0,0
co,08031002706,08031003501,5,5,5,5,0,0,0,0
co,08031002707,08031001707,0,0,0,0,0,0,0,0
co,08031002709,08035014125,0,0,0,0,0,0,0,0
co,08031002801,08031001800,0,0,0,0,0,0,0,0
co,08031002802,08041003906,0,0,0,2,0,0,0,2
co,08031002805,08005005634,0,0,0,0,0,0,0,0
co,08031002902,08001008100,6,7,7,8,0,0,0,0
co,08031002902,08005085200,5,7,7,8,0,0,0,0
co,08031003002,08005005551,3,3,3,3,0,0,0,0
co,08031003003,08001009321,4,4,4,3,0,0,0,0
co,08031003004,08035014125,0,0,0,0,0,0,0,0
co,08031003006,08031001601,0,0,0,0,0,0,0,0
co,08031003006,08031001705,3,3,3,4,0,0,0,0
co,08031003102,08014031103,0,1,2,2,0,0,0,0
co,08031003102,08031001704,0,0,0,0,0,0,0,0
co,08031003205,08005007112,7,10,10,12,0,0,0,2
co,08031003402,08059060501,6,7,7,7,0,0,0,0
co,08031003502,08001008526,1,1,1,1,0,0,0,0
co,08031003502,08001009502,0,0,0,0,0,0,0,0
co,08031003502,08059010405,0,0,0,0,0,0,0,0
co,08031003601,08013012707,2,3,3,3,0,0,0,0
co,08031003602,08031003601,0,0,0,0,0,0,0,0
co,08031003602,08069001603,3,4,4,5,0,0,0,1
co,08031003602,08123001911,0,0,0,0,0,0,0,0
co,08031003603,08001009204,0,0,0,0,0,0,0,0
co,08031003701,08031003801,1,1,2,3,0,0,0,0
co,08031003702,08031002102,0,0,0,0,0,0,0,0
co,08031003703,08031000404,0,0,0,0,0,0,0,0
co,08031003703,08031001704,0,0,0,0,0,0,0,0
co,08031003802,08031002704,1,1,2,3,0,0,0,1
co,08031003901,08031001901,0,0,0,0,0,0,0,0
co,08031003902,08005005634,1,1,1,1,0,0,0,0
co,08031003902,08031002603,0,0,0,0,0,0,0,0
co,08031004002,08005006712,0,0,0,0,0,0,0,0
co,08031004003,08005006859,0,0,0,0,0,0,0,0
co,08031004003,08031003102,0,0,0,0,0,0,0,0
co,08031004004,08005006200,1,2,3,3,0,0,0,3
co,08031004005,08031006804,0,0,0,0,0,0,0,0
co,08031004006,08031003902,0,0,0,0,0,0,0,0
co,08031004103,08069001009,2,4,4,4,0,0,0,0
co,08031004104,08005006864,5,5,6,7,0,0,1,2
co,08031004109,08031006804,4,4,4,4,0,0,0,0
co,08031004111,08001009553,0,0,0,0,0,0,0,0
co,08031004111,08005007600,4,5,5,6,0,0,0,1
co,08031004111,08031002102,4,4,4,4,0,0,0,0
co,08031004112,08031001704,0,0,0,0,0,0,0,0
co,08031004112,08059011701,0,0,1,1,0,0,0,0
co,08031004201,08031001602,0,0,1,1,0,0,0,0
co,08031004202,08031002704,5,5,5,5,0,0,0,0
co,08031004302,08001008354,13,16,18,19,0,0,0,2
co,08031004302,08001015000,0,1,1,1,0,0,0,0
co,08031004303,08013012208,1,3,3,3,0,0,0,0
co,08031004303,08031001901,2,2,2,2,0,0,0,1
co,08031004303,08059010502,4,4,4,5,0,0,0,0
co,08031004306,08031004406,0,0,0,0,0,0,0,0
co,08031004307,08005084600,4,5,5,6,0,0,0,1
co,08031004406,08059010208,2,3,3,3,0,0,0,0
co,08031004407,08031006813,0,0,0,0,0,0,0,0
co,08031004503,08031001707,3,4,4,5,0,0,0,2
co,08031004503,08059011551,3,3,3,3,0,0,0,0
co,08031004603,08059011720,0,0,0,0,0,0,0,0
co,08031005001,08031004406,0,0,0,0,0,0,0,0
co,08031005001,08035014010,3,4,5,6,0,0,0,0
co,08031005003,08005005623,3,3,3,3,0,0,0,0
co,08031005004,08031001500,2,3,3,3,0,0,0,0
co,08031005102,08001009411,4,4,4,3,0,0,0,0
co,08031005104,08031001704,0,0,0,0,0,0,0,0
co,08031005200,08031000706,0,0,0,0,0,0,0,0
co,08031005503,08005004952,0,0,0,0,0,0,0,0
co,08031005503,08005006854,0,1,1,1,0,0,0,0
co,08031006804,08031004102,6,7,7,8,0,0,1,1
co,08031006813,08035014113,5,5,5,5,0,0,0,0
co,08031006815,08005006864,2,2,3,4,0,0,0,1
co,08031006816,08005006712,0,0,0,0,0,0,0,0
co,08031006816,08031004102,3,3,3,3,0,0,0,0
co,08031006818,08059011601,2,2,4,4,0,0,0,1
co,08031006902,08035014014,1,1,1,1,0,0,0,0
co,08031006903,08031005001,2,2,2,2,0,0,0,0
co,08031007006,08005087302,0,0,0,0,0,0,0,0
co,08031007013,08014031101,4,5,5,5,0,0,0,0
co,08031007037,08005080300,0,0,0,0,0,0,0,0
co,08031007088,08005005702,3,3,3,3,0,0,0,0
co,08031008306,08059012054,5,5,5,5,0,0,0,0
co,08031008386,08005087302,2,3,3,3,0,0,0,1
co,08031008388,08005006864,4,7,7,7,0,0,0,1
co,08031008388,08013012605,2,3,3,3,0,0,0,0
co,08031008389,08001008309,1,2,2,2,0,0,0,0
co,08031008389,08031006804,1,2,2,2,0,0,0,0
co,08031008390,08001008308,2,3,3,5,0,0,0,0
co,08031008391,08005006864,3,6,6,6,0,0,0,1
co,08031011902,08001009204,5,5,4,4,0,0,0,2
co,08031011902,08123000705,7,7,6,6,0,0,0,2
co,08031011903,08059012050,1,1,1,1,1,1,1,1
co,08031012001,08059011202,2,2,2,2,2,2,2,2
co,08031012010,08059011731,2,2,2,2,1,1,1,1
co,08031012015,08005005800,1,1,1,1,0,0,0,0
co,08031015300,08001008100,5,6,6,6,0,0,0,0
co,08031015300,08005006712,0,0,0,0,0,0,0,0
co,08031015500,08005082600,5,7,7,8,0,0,0,3
co,08031015500,08031001705,3,3,3,4,0,0,0,0
co,08031015500,08031980001,1,2,2,2,0,0,0,0
co,08031015700,08013060700,6,6,7,7,0,0,0,1
co,08031015800,08001008354,0,0,0,0,0,0,0,0
co,08031980100,08059011602,3,3,5,5,0,0,0,0
co,08035013904,08031004102,4,5,5,5,0,0,0,0
co,08035013909,08005080400,5,6,6,6,2,2,2,2
co,08035013909,08069001008,10,12,12,13,1,1,1,2
co,08035013910,08001009553,2,2,2,2,0,0,0,1
co,08035013910,08031006804,1,1,1,1,0,0,0,0
co,08035013910,08031006814,3,4,4,4,0,0,0,0
co,08035013910,08035014007,1,1,1,1,0,0,0,0
co,08035013910,08069001008,8,10,10,11,0,0,0,3
co,08035013911,08035013912,2,2,2,2,0,0,0,0
co,08035013915,08059010001,1,1,2,2,0,0,0,0
co,08035014005,08041005900,3,3,3,5,0,0,0,1
co,08035014006,08005006712,6,7,7,7,0,0,0,1
co,08035014006,08059012024,5,5,5,5,0,0,0,0
co,08035014007,08005006864,1,2,2,2,0,0,0,0
co,08035014008,08031001704,2,2,2,2,0,0,0,0
co,08035014008,08031008388,9,8,9,8,0,0,0,2
co,08035014008,08035014015,1,1,1,1,0,0,0,0
co,08035014008,08035014116,4,4,4,4,3,2,2,2
co,08035014009,08005006709,4,4,4,5,0,0,0,1
co,08035014011,08005006708,4,4,4,4,1,1,1,1
co,08035014011,08031003603,5,5,5,6,1,1,1,1
co,08035014011,08035014504,3,3,3,4,2,2,2,2
co,08035014013,08005006707,3,3,3,3,1,1,1,1
co,08035014013,08005082000,2,2,2,2,1,1,1,1
co,08035014013,08035013904,1,1,1,1,1,1,1,1
co,08035014013,08035014131,4,4,5,5,1,1,1,1
co,08035014015,08005006300,4,9,10,11,0,0,0,0
co,08035014015,08005087302,4,5,5,5,0,0,0,0
co,08035014015,08031004110,7,8,8,8,0,0,0,1
co,08035014016,08035014116,3,3,3,3,4,3,3,3
co,08035014016,08041004008,3,4,4,7,1,1,1,3
co,08035014107,08005004952,2,2,3,4,0,0,0,1
co,08035014107,08035014131,0,1,1,1,0,0,0,0
co,08035014108,08005006859,1,1,1,1,0,0,0,1
co,08035014108,08041003711,3,4,4,6,0,0,0,2
co,08035014110,08031002102,2,2,3,3,0,0,0,0
co,08035014110,08035014107,0,0,1,2,0,0,0,0
co,08035014112,08031001000,3,3,5,5,0,0,0,0
co,08035014112,08031015800,5,6,8,9,0,0,0,1
co,08035014112,08059010902,3,3,6,6,0,0,0,0
co,08035014115,08031001706,2,3,4,5,0,0,0,1
co,08035014116,08005006708,2,2,2,2,1,1,1,1
co,08035014116,08035014010,3,5,5,5,1,2,2,2
co,08035014116,08035014125,1,2,2,2,1,2,2,2
co,08035014123,08005006712,3,4,4,4,0,0,0,1
co,08035014123,08031003004,1,1,1,1,0,0,0,0
co,08035014123,08069001603,5,6,6,7,0,0,0,2
co,08035014124,08035013912,2,2,2,2,0,0,0,1
co,08035014131,08005006863,2,2,2,2,0,0,0,0
co,08035014131,08031001704,0,0,0,0,0,0,0,0
co,08035014131,08035014503,3,3,4,4,0,0,0,0
co,08035014131,08059010100,0,0,0,0,0,0,0,0
co,08035014133,08005004952,0,0,1,1,0,0,0,0
co,08035014135,08005006712,5,5,5,5,0,0,0,0
co,08035014140,08031000303,0,1,1,1,0,0,0,1
co,08035014140,08035014138,1,1,1,1,0,0,0,0
co,08035014144,08035014127,2,2,2,2,0,0,0,1
co,08035014146,08035014110,0,0,0,0,0,0,0,0
co,08035014203,08031004101,2,3,3,3,0,0,0,0
co,08035014205,08001009553,1,1,1,1,0,0,0,1
co,08035014205,08035014503,2,2,3,3,0,0,0,0
co,08035014208,08005081101,3,5,5,5,1,1,1,3
co,08035014405,08005006707,2,2,2,2,1,1,1,1
co,08035014405,08035014503,2,2,3,3,0,0,0,0
co,08035014407,08013012208,5,6,6,5,0,0,0,0
co,08035014409,08005006815,0,0,0,1,0,0,0,1
co,08035014410,08001015000,2,4,4,4,1,2,2,1
co,08035014410,08005006864,2,3,3,2,1,2,2,1
co,08035014410,08031003701,2,3,3,3,1,2,2,1
co,08035014410,08031006701,1,2,2,1,1,2,2,1
co,08035014410,08035014115,3,4,4,3,2,3,3,2
co,08035014410,08059060501,5,7,7,5,1,2,2,1
co,08035014410,08077000200,7,10,12,11,2,4,4,6
co,08035014410,08123002012,2,3,3,2,1,2,2,2
co,08035014503,08005006712,4,5,5,5,0,0,0,1
co,08035014503,08031980100,3,4,4,4,0,0,0,0
co,08035014503,08041003905,1,1,1,2,0,0,0,2
co,08035014504,08001008309,5,6,8,8,0,0,0,2
co,08035014504,08005006709,1,1,2,3,0,0,0,1
co,08035014505,08007974400,7,7,6,6,4,4,3,3
co,08035014506,08005080200,0,0,1,2,0,0,0,2
co,08035014603,08005006860,3,3,3,2,0,0,0,0
co,08035014603,08005081400,2,2,2,2,0,0,0,0
co,08035014603,08031004110,5,5,5,5,0,0,0,0
co,08035014604,08005006707,0,0,0,0,0,0,0,0
co,08037000401,08075966101,1,2,2,3,0,0,0,2
co,08037000404,08037000504,0,0,0,1,0,0,0,1
co,08037000501,08001008355,24,28,29,32,2,2,2,4
co,08037000502,08001009604,3,3,3,4,0,0,0,2
co,08037000504,08031005004,2,2,2,5,0,0,0,4
co,08037000505,08037000504,0,1,1,2,0,1,1,2
co,08039961100,08035014123,7,7,7,5,3,3,3,3
co,08039961204,08031001000,5,8,11,11,0,0,0,1
co,08039961204,08031980100,1,1,3,3,0,0,0,1
co,08039961204,08059011726,3,6,9,11,0,0,0,2
co,08039961205,08031003202,8,9,9,8,0,0,0,0
co,08039961206,08013013307,10,12,11,12,0,0,0,3
co,08039961206,08031980001,0,0,0,2,0,0,0,2
co,08039961207,08031002704,1,1,1,1,0,0,0,0
co,08039961207,08035014504,5,5,5,4,2,2,2,3
co,08039961208,08005081101,6,6,6,5,0,0,0,0
co,08039961208,08005081800,5,6,7,6,0,0,0,0
co,08039961208,08005087100,5,6,6,5,0,0,0,0
co,08039961208,08069001608,9,11,11,10,0,0,0,0
co,08039961208,08077000300,11,13,15,14,1,2,2,4
co,08039961209,08041003906,0,0,0,0,0,0,0,0
co,08041000102,08059011728,2,4,6,7,0,0,0,1
co,08041000103,08031002404,1,3,4,5,0,0,0,3
co,08041000104,08035013910,2,5,5,5,2,2,2,2
co,08041000202,08041003905,1,2,2,2,0,0,0,1
co,08041000400,08005006815,1,2,3,5,0,0,0,3
co,08041000400,08041007000,1,2,2,2,0,0,0,0
co,08041000500,08041003906,1,2,2,2,0,0,0,1
co,08041000600,08041005000,1,1,2,2,0,0,0,0
co,08041000700,08041007900,0,0,0,0,0,0,0,0
co,08041001000,08041000301,0,0,0,0,0,0,0,0
co,08041001301,08041004800,3,3,3,3,0,0,0,0
co,08041001302,08041002300,0,0,0,0,0,0,0,0
co,08041001600,08041002300,0,0,0,0,0,0,0,0
co,08041001700,08041003708,0,0,0,0,0,0,0,0
co,08041001901,08035014131,2,3,5,6,0,0,0,0
co,08041002000,08041000500,0,2,2,2,0,0,0,0
co,08041002102,08041002300,0,0,0,0,0,0,0,0
co,08041002501,08041002802,0,0,0,0,0,0,0,0
co,08041002502,08041002700,0,0,0,0,0,0,0,0
co,08041002700,08041005113,3,4,5,5,0,0,0,1
co,08041003002,08041003100,0,0,0,0,0,0,0,0
co,08041003305,08005006854,1,2,4,6,0,0,0,3
co,08041003308,08041002300,0,0,0,0,0,0,0,0
co,08041003308,08073961700,3,3,4,4,0,0,0,1
co,08041003705,08041000302,0,0,0,0,0,0,0,0
co,08041003707,08001008802,1,3,4,6,0,0,0,2
co,08041003708,08041002300,0,0,0,0,0,0,0,0
co,08041003708,08041007700,1,1,1,1,0,0,0,0
co,08041003710,08041007000,1,2,2,2,0,0,0,0
co,08041003712,08041004506,3,5,5,6,0,0,0,1
co,08041003713,08041003712,0,0,0,0,0,0,0,0
co,08041003713,08041005202,3,4,4,4,0,0,0,0
co,08041003905,08041000104,2,3,3,3,1,1,1,2
co,08041003905,08041003712,0,0,0,0,0,0,0,0
co,08041003905,08041003906,0,0,0,0,0,0,0,0
co,08041003911,08041002300,4,6,6,6,0,0,0,2
co,08041003911,08041003906,1,2,2,2,0,0,0,0
co,08041003912,08041000500,0,1,1,1,0,0,0,1
co,08041003912,08041006802,0,1,1,1,0,0,0,0
co,08041003912,08123002101,1,1,1,1,0,0,0,0
co,08041003914,08001015000,4,5,5,5,0,0,0,0
co,08041003914,08041000203,0,1,1,1,0,0,0,0
co,08041003914,08041003906,0,0,0,0,0,0,0,0
co,08041003914,08123002203,3,3,3,3,0,0,0,0
co,08041004200,08041006400,0,1,1,1,0,0,0,0
co,08041004402,08001008309,5,7,10,12,0,0,0,0
co,08041004404,08041007401,1,1,2,3,0,0,0,1
co,08041004406,08041002700,0,0,0,0,0,0,0,0
co,08041004406,08041007700,0,0,0,0,0,0,0,0
co,08041004501,08005005627,1,2,4,6,0,0,0,3
co,08041004502,08041001301,2,2,2,2,0,0,0,0
co,08041004502,08041004403,1,1,1,1,0,0,0,0
co,08041004502,08041006000,0,0,0,0,0,0,0,0
co,08041004506,08041002200,2,2,3,3,0,0,0,0
co,08041004513,08041000301,1,1,1,1,0,0,0,0
co,08041004519,08041001902,6,8,9,9,0,0,0,0
co,08041004519,08041003705,3,5,6,7,0,0,0,1
co,08041004520,08035013904,1,1,1,1,0,0,0,0
co,08041004601,08041003906,1,2,2,2,0,0,0,0
co,08041004601,08041007401,1,2,2,2,0,0,0,0
co,08041004603,08001015000,3,5,6,8,0,0,0,0
co,08041004603,08005006861,3,4,6,7,0,0,0,0
co,08041004603,08041004501,0,1,1,1,0,0,0,0
co,08041004603,08069002007,5,7,8,9,0,0,0,0
co,08041004701,08041003906,0,0,0,0,0,0,0,0
co,08041004702,08041001500,0,1,1,1,0,0,0,0
co,08041004706,08041002200,0,1,1,1,0,0,0,0
co,08041004706,08041002300,0,1,1,1,0,0,0,0
co,08041004707,08041005115,1,2,2,2,0,0,0,0
co,08041004708,08005006708,0,1,2,3,0,0,0,0
co,08041004901,08041002000,0,0,0,0,0,0,0,0
co,08041004901,08041008000,0,1,1,1,0,0,0,0
co,08041004901,08101002802,6,8,9,9,0,1,1,2
co,08041004902,08001009321,4,6,7,7,0,0,0,2
co,08041004902,08041003912,1,1,1,1,0,0,0,0
co,08041005000,08005006712,2,4,5,6,0,0,0,1
co,08041005000,08041007604,0,0,0,0,0,0,0,0
co,08041005110,08041005117,1,1,1,1,0,0,0,0
co,08041005112,08041007105,0,0,0,0,0,0,0,0
co,08041005112,08069001813,4,7,9,10,0,0,0,0
co,08041005113,08041001104,1,1,1,1,0,0,0,0
co,08041005113,08041004008,0,0,0,0,0,0,0,0
co,08041005114,08041003906,2,2,2,2,0,0,0,0
co,08041005115,08041003001,2,4,4,4,0,0,0,2
co,08041005117,08031003603,1,2,3,5,0,0,0,0
co,08041005117,08041002300,2,3,3,4,0,0,0,1
co,08041005117,08041002802,2,3,3,4,0,0,0,0
co,08041005119,08041005120,0,0,0,0,0,0,0,0
co,08041005121,08041003705,0,0,0,0,0,0,0,0
co,08041005122,08031006818,2,3,4,5,0,0,0,0
co,08041005122,08041000302,0,0,0,0,0,0,0,0
co,08041005124,08041001000,0,0,0,0,0,0,0,0
co,08041005201,08041004501,2,2,2,2,0,0,0,0
co,08041005201,08041005120,2,3,3,3,0,0,0,0
co,08041005300,08013013302,10,12,12,13,0,0,0,3
co,08041005400,08039961205,3,3,4,4,0,0,0,1
co,08041005501,08041000104,1,1,1,1,1,1,1,1
co,08041005501,08041002000,0,0,0,0,0,0,0,0
co,08041005501,08041004800,0,0,0,0,0,0,0,0
co,08041005501,08059011701,3,6,7,10,0,0,0,0
co,08041005502,08041004701,1,2,2,2,0,0,0,1
co,08041005502,08041008000,0,0,0,0,0,0,0,0
co,08041005602,08005005701,0,2,3,5,0,0,0,1
co,08041005800,08041002902,3,4,4,5,0,0,0,2
co,08041005800,08041003711,1,1,1,1,0,0,0,0
co,08041005900,08041003100,1,2,2,3,0,0,0,0
co,08041005900,08041007700,0,1,1,1,0,0,0,1
co,08041006000,08041003905,2,3,3,3,0,0,0,1
co,08041006000,08041006200,0,0,0,0,0,0,0,0
co,08041006000,08041006502,0,0,0,0,0,0,0,0
co,08041006200,08041007502,1,1,1,1,0,0,0,0
co,08041006301,08013012705,5,9,11,11,0,0,0,0
co,08041006302,08031005502,1,4,6,8,0,0,0,3
co,08041006302,08041005400,0,0,0,0,0,0,0,0
co,08041006302,08041007205,1,4,5,5,0,0,0,3
co,08041006400,08031002802,1,4,6,7,0,0,0,0
co,08041006400,08041003001,2,2,2,2,0,0,0,0
co,08041006502,08041005000,0,0,0,0,0,0,0,0
co,08041006502,08041007301,3,5,6,6,0,0,0,0
co,08041006502,08101002901,6,7,8,8,0,0,0,0
co,08041006600,08041006801,0,0,1,1,0,0,0,0
co,08041006701,08041007106,0,1,2,2,0,0,0,0
co,08041006801,08041002300,1,2,2,3,0,0,0,0
co,08041006801,08041006301,0,0,0,0,0,0,0,0
co,08041006802,08005004952,0,1,2,3,0,0,0,2
co,08041006901,08041007401,0,0,0,0,0,0,0,0
co,08041006902,08001008308,1,3,4,5,0,0,0,0
co,08041007000,08001008401,0,0,0,0,0,0,0,0
co,08041007103,08001008100,0,2,3,4,0,0,0,0
co,08041007104,08041007205,0,0,0,0,0,0,0,0
co,08041007106,08041001600,0,1,1,1,0,0,0,0
co,08041007106,08041007103,0,0,0,0,0,0,0,0
co,08041007203,08005080500,1,4,5,7,0,0,0,0
co,08041007203,08041006502,2,5,5,6,0,0,0,0
co,08041007204,08031004101,2,5,6,8,0,0,0,0
co,08041007204,08041000400,1,1,1,1,0,0,0,1
co,08041007206,08041003705,0,0,0,0,0,0,0,0
co,08041007302,08031001704,1,2,3,4,0,0,0,2
co,08041007401,08005006864,2,3,4,5,0,0,0,2
co,08041007502,08041002300,1,2,2,3,0,0,0,1
co,08041007502,08041007000,0,0,0,0,0,0,0,0
co,08041007603,08041004800,0,1,1,1,0,0,0,0
co,08041007603,08041005122,0,1,1,1,0,0,0,0
co,08041007603,08045951701,6,10,12,13,2,3,3,3
co,08041007604,08041004703,0,0,0,0,0,0,0,0
co,08041007604,08041008000,1,1,1,1,0,0,0,0
co,08043978100,08043978500,0,0,0,0,0,0,0,0
co,08043978400,08043978600,0,0,0,0,0,0,0,0
co,08043978500,08043978600,0,0,0,0,0,0,0,0
co,08043980100,08041004403,0,1,1,1,0,0,0,0
co,08045951701,08045951803,2,4,4,3,1,2,2,1
co,08045951701,08059011000,6,7,6,7,1,2,2,3
co,08045951702,08045951803,1,3,3,2,1,2,2,1
co,08045951804,08013012204,8,9,8,9,0,0,0,3
co,08045952001,08005006709,5,7,7,9,1,2,2,4
co,08045952003,08059011729,4,6,6,7,1,2,2,3
co,08045952004,08045951702,2,5,4,4,0,0,0,0
co,08047013802,08059009815,0,0,0,0,0,0,0,0
co,08049000203,08117000405,2,3,3,3,2,3,3,3
co,08049000205,08059060501,6,7,7,7,1,1,1,2
co,08051963602,08045951802,3,3,3,3,0,0,0,0
co,08051963701,08051963702,0,0,0,1,0,0,0,1
co,08051963702,08031002704,4,4,4,4,1,1,1,2
co,08055960901,08041005125,4,5,9,9,0,0,0,2
co,08059009806,08005006863,5,5,7,9,0,0,0,3
co,08059009807,08001008709,1,1,1,1,0,0,0,0
co,08059009807,08005005612,4,5,5,6,0,0,0,1
co,08059009807,08035014017,2,2,2,3,0,0,0,1
co,08059009815,08014030400,1,1,1,1,0,0,0,0
co,08059009823,08001008535,2,3,3,3,0,0,0,0
co,08059009823,08013012208,3,5,5,5,0,0,0,0
co,08059009823,08013013308,5,5,4,5,0,0,0,0
co,08059009823,08059010308,0,0,0,0,0,0,0,0
co,08059009824,08001060001,1,1,1,1,0,0,0,0
co,08059009827,08001009407,0,0,0,0,0,0,0,0
co,08059009827,08005081400,1,1,1,1,0,0,0,0
co,08059009827,08031003102,2,2,2,2,0,0,0,0
co,08059009830,08031005104,4,4,4,3,0,0,0,0
co,08059009831,08039961207,4,6,7,8,0,0,0,0
co,08059009832,08059010100,1,1,2,2,0,0,0,0
co,08059009833,08001009203,3,4,5,5,1,1,1,1
co,08059009833,08005006603,8,10,11,11,1,1,1,1
co,08059009833,08059010100,2,2,2,2,1,1,1,1
co,08059009834,08001015000,1,1,1,1,0,0,0,1
co,08059009834,08031015800,6,6,6,6,0,0,0,2
co,08059009836,08059009824,0,0,0,0,0,0,0,0
co,08059009837,08059010406,2,1,1,1,0,0,0,0
co,08059009838,08031980001,1,1,1,1,0,0,0,1
co,08059009838,08059011202,2,2,2,2,0,0,0,1
co,08059009840,08059009851,0,0,0,0,0,0,0,0
co,08059009841,08001009407,1,1,2,2,0,0,0,0
co,08059009841,08005080300,4,5,5,4,0,0,0,0
co,08059009841,08013012208,4,4,5,5,0,0,0,0
co,08059009841,08059011602,4,6,5,5,0,0,0,2
co,08059009842,08005006712,0,1,1,2,0,0,0,0
co,08059009845,08001008100,15,17,17,18,0,0,0,2
co,08059009851,08059010402,0,0,0,0,0,0,0,0
co,08059009853,08013012707,3,3,4,4,0,0,0,0
co,08059010100,08031001705,2,2,2,3,0,0,0,1
co,08059010205,08031001706,2,2,2,2,0,0,0,0
co,08059010208,08001009401,1,1,1,1,0,0,0,0
co,08059010209,08005004952,3,3,4,4,0,0,0,0
co,08059010210,08031003801,5,5,5,5,0,0,0,0
co,08059010212,08001009406,3,3,4,4,0,0,0,0
co,08059010212,08059010502,1,2,1,1,0,0,0,0
co,08059010213,08005081001,0,0,1,1,0,0,0,0
co,08059010213,08059010100,0,0,0,0,0,0,0,0
co,08059010303,08031003102,2,2,2,2,0,0,0,0
co,08059010303,08031004201,1,1,1,1,0,0,0,0
co,08059010303,08059010801,1,1,1,1,0,0,0,0
co,08059010303,08059012033,1,1,1,1,0,0,0,0
co,08059010304,08041003711,3,3,3,4,0,0,0,2
co,08059010304,08059009833,1,1,1,1,1,1,1,1
co,08059010308,08001009553,0,0,0,0,0,0,0,0
co,08059010308,08031001707,3,3,3,2,0,0,0,0
co,08059010308,08035014126,10,12,12,11,0,0,0,0
co,08059010405,08031001301,4,7,6,7,0,0,0,0
co,08059010405,08031001704,3,3,3,2,0,0,0,0
co,08059010405,08059009856,0,0,0,0,0,0,0,0
co,08059010406,08013012208,4,4,5,5,1,1,1,1
co,08059010502,08059010001,1,1,1,1,0,0,0,0
co,08059010503,08005087200,2,3,3,4,0,0,0,2
co,08059010503,08014031102,2,3,3,3,0,0,0,0
co,08059010503,08059011733,0,0,0,0,0,0,0,0
co,08059010701,08013012705,3,3,3,3,1,1,1,2
co,08059010702,08005005551,5,6,6,7,0,0,0,1
co,08059010702,08059009851,0,0,0,0,0,0,0,0
co,08059010801,08031001707,3,3,3,3,0,0,0,0
co,08059010901,08031015500,0,0,0,1,0,0,0,1
co,08059010902,08041003905,0,0,0,3,0,0,0,3
co,08059011000,08059009854,2,2,2,2,0,0,0,1
co,08059011101,08031004308,0,0,0,1,0,0,0,1
co,08059011102,08031004111,5,7,7,7,0,0,0,2
co,08059011402,08031005300,1,2,2,3,0,0,0,1
co,08059011551,08031002604,5,8,8,8,0,0,0,0
co,08059011551,08101003600,4,5,6,10,0,0,0,3
co,08059011702,08001015000,5,5,4,4,0,0,0,4
co,08059011702,08031001401,0,0,0,0,0,0,0,0
co,08059011711,08001008100,14,17,17,18,0,0,0,1
co,08059011711,08031003801,1,2,2,3,0,0,0,1
co,08059011712,08005006711,0,1,2,2,0,0,0,0
co,08059011712,08005006712,0,1,1,1,0,0,0,0
co,08059011712,08035014131,1,2,2,2,0,0,0,0
co,08059011720,08041004502,2,3,3,7,0,0,0,3
co,08059011723,08031001707,1,3,3,5,0,0,0,2
co,08059011723,08059060501,1,2,2,2,0,0,0,0
co,08059011724,08059009856,0,0,0,0,0,0,0,0
co,08059011724,08059010901,0,0,0,0,0,0,0,0
co,08059011724,08059011701,0,0,0,0,0,0,0,0
co,08059011726,08031001706,1,2,2,4,0,0,0,1
co,08059011727,08005005625,0,0,0,0,0,0,0,0
co,08059011729,08013060801,4,6,6,6,1,1,1,3
co,08059011729,08031003002,2,3,3,3,0,0,0,0
co,08059011730,08005006712,0,1,1,1,0,0,0,0
co,08059011732,08031004101,2,2,2,3,0,0,0,1
co,08059011733,08031002000,0,0,0,1,0,0,0,1
co,08059011803,08005006502,0,0,0,0,0,0,0,0
co,08059011803,08031002102,3,4,3,3,0,0,0,0
co,08059011804,08031004601,0,0,0,0,0,0,0,0
co,08059011806,08005080400,5,6,6,6,1,1,1,2
co,08059011904,08031001707,5,6,5,6,0,0,0,1
co,08059011904,08031005004,1,1,1,1,0,0,0,0
co,08059012022,08031980100,5,5,4,5,0,0,0,1
co,08059012024,08001008526,2,2,2,2,0,0,0,1
co,08059012026,08035014116,3,2,2,2,1,1,1,2
co,08059012027,08059012024,1,1,1,1,0,0,0,0
co,08059012038,08059011202,1,1,1,1,0,0,0,0
co,08059012042,08077000700,6,8,9,9,1,2,2,4
co,08059012043,08005005553,0,1,1,1,0,0,0,0
co,08059012043,08005080700,3,3,5,5,0,0,0,0
co,08059012043,08013012903,6,8,8,8,0,0,0,0
co,08059012043,08031004112,1,1,1,1,0,0,0,0
co,08059012043,08059011720,0,0,1,1,0,0,0,0
co,08059012043,08069001603,7,8,8,9,0,0,0,2
co,08059012044,08041006901,1,2,3,5,0,0,0,2
co,08059012045,08005005632,0,0,0,0,0,0,0,0
co,08059012045,08059010304,4,4,5,5,0,0,0,1
co,08059012047,08013060801,4,6,6,6,1,1,1,3
co,08059012047,08123002005,2,4,4,4,0,0,0,4
co,08059012049,08031006804,0,2,2,2,0,0,0,1
co,08059012050,08005006859,1,4,4,3,1,1,1,1
co,08059012053,08005006707,1,1,1,1,0,0,0,0
co,08059012054,08059011723,0,0,0,0,0,0,0,0
co,08059012055,08031000600,4,5,5,5,0,0,0,0
co,08059012055,08031002705,0,0,0,0,0,0,0,0
co,08059012057,08031003901,1,1,1,1,0,0,0,0
co,08059012057,08059009856,0,1,1,1,0,0,0,1
co,08059012057,08069001713,2,3,3,3,0,0,0,1
co,08059060300,08013060700,1,1,1,1,0,0,0,0
co,08059060400,08001008562,2,3,3,3,0,0,0,0
co,08059060501,08059010402,0,0,0,0,0,0,0,0
co,08065961701,08065961702,0,0,0,0,0,0,0,0
co,08065961702,08045951802,0,0,1,1,0,0,0,0
co,08065961702,08065961900,0,0,0,0,0,0,0,0
co,08067940400,08067971100,0,2,2,2,0,0,0,0
co,08067970601,08031001707,13,15,13,14,4,4,3,7
co,08067970800,08067971100,0,0,0,0,0,0,0,0
co,08069000100,08069001009,1,1,1,1,0,0,0,0
co,08069000300,08031004005,3,3,4,5,0,0,0,1
co,08069000300,08069001111,0,0,0,0,0,0,0,0
co,08069000401,08069000600,0,0,1,1,0,0,0,0
co,08069000504,08123002105,6,6,6,6,0,0,0,0
co,08069000505,08069000402,0,0,0,0,0,0,0,0
co,08069000600,08013013210,3,4,5,6,1,1,1,2
co,08069000600,08041003307,5,6,7,11,0,0,0,3
co,08069000600,08069001009,1,1,1,1,0,0,0,0
co,08069000700,08041002300,5,6,7,11,0,0,0,4
co,08069000801,08123001410,6,6,6,6,0,0,0,1
co,08069000902,08031980200,3,3,4,5,0,0,0,1
co,08069000902,08069001111,0,0,0,0,0,0,0,0
co,08069001003,08123000600,6,6,7,6,0,0,0,1
co,08069001007,08001008100,4,5,6,7,0,0,0,1
co,08069001009,08039961205,9,10,11,12,0,0,0,1
co,08069001010,08069000100,1,1,1,1,0,0,0,1
co,08069001104,08035014141,6,6,8,9,0,0,0,1
co,08069001104,08069001008,1,1,1,1,0,0,0,0
co,08069001112,08013013212,4,5,6,7,0,0,0,1
co,08069001113,08031008390,4,6,7,7,0,0,0,0
co,08069001301,08069002300,0,0,0,0,0,0,0,0
co,08069001304,08069001306,0,1,1,1,0,0,0,0
co,08069001305,08069001306,0,0,0,0,0,0,0,0
co,08069001306,08069000901,0,0,0,0,0,0,0,0
co,08069001306,08069001603,0,0,0,0,0,0,0,0
co,08069001308,08069000100,0,2,2,3,0,0,0,0
co,08069001308,08123002204,4,4,4,4,1,1,1,1
co,08069001602,08069001114,0,0,0,0,0,0,0,0
co,08069001602,08069001306,0,0,0,0,0,0,0,0
co,08069001603,08001009323,3,3,4,4,0,0,0,1
co,08069001606,08069001306,0,0,0,0,0,0,0,0
co,08069001607,08031006818,7,7,7,9,0,0,0,2
co,08069001607,08069001306,0,0,0,0,0,0,0,0
co,08069001608,08031002706,4,4,4,5,0,0,0,2
co,08069001608,08059060501,3,3,3,3,0,0,0,1
co,08069001608,08069001606,0,0,0,0,0,0,0,0
co,08069001608,08069001813,1,1,1,1,0,0,0,0
co,08069001706,08069001009,2,2,2,2,0,0,0,0
co,08069001707,08041007000,4,4,6,10,0,0,0,4
co,08069001711,08123002108,1,1,1,2,0,0,0,0
co,08069001713,08069001715,1,2,2,2,0,0,0,0
co,08069001714,08069002007,1,2,2,2,0,0,0,0
co,08069001715,08069002505,2,2,3,3,0,0,0,0
co,08069001807,08005080400,8,8,9,12,1,1,1,3
co,08069001808,08069001004,2,2,2,2,0,0,0,0
co,08069001808,08069001114,0,0,0,0,0,0,0,0
co,08069001808,08069001710,3,3,3,3,0,0,0,0
co,08069001808,08069001715,4,4,5,5,0,0,0,0
co,08069001810,08005004952,6,7,8,10,0,0,0,3
co,08069001810,08069001711,3,3,4,4,0,0,0,1
co,08069001811,08069000801,3,3,3,3,0,0,0,0
co,08069001813,08001008709,4,4,5,7,0,0,0,2
co,08069001902,08001008555,7,7,8,9,0,0,0,1
co,08069001902,08069002700,3,5,5,5,0,0,0,1
co,08069002008,08013012708,2,4,5,6,1,1,1,2
co,08069002403,08005006864,9,13,15,18,0,0,0,1
co,08069002505,08069000600,1,2,2,2,0,0,0,0
co,08069002505,08123002014,7,7,7,7,0,0,0,0
co,08069002507,08069001306,4,4,4,4,0,0,0,1
co,08069002602,08069002007,2,3,3,4,0,0,0,0
co,08069002700,08005081101,1,2,2,3,0,0,0,2
co,08069002700,08013012802,5,5,5,6,0,0,0,0
co,08069002700,08069001007,6,6,6,6,0,0,0,2
co,08069002700,08069001304,8,8,8,8,0,0,0,1
co,08069002801,08069002805,0,0,0,0,0,0,0,0
co,08069002804,08069002801,0,0,0,0,0,0,0,0
co,08071000200,08001008309,7,10,17,19,0,0,0,2
co,08075965900,08087000800,0,0,0,0,0,0,0,0
co,08075966102,08075966300,0,0,0,0,0,0,0,0
co,08077000200,08077000400,1,1,1,1,0,0,0,0
co,08077000400,08077001600,1,1,1,1,0,0,0,1
co,08077000602,08001061200,7,10,10,11,1,2,2,4
co,08077000602,08077000900,8,8,8,8,0,0,0,0
co,08077000700,08077001502,5,5,5,5,0,0,0,0
co,08077000801,08077001703,1,1,1,1,0,0,0,0
co,08077000900,08041003708,5,10,10,11,1,1,1,2
co,08077000900,08077000400,3,3,3,3,0,0,0,1
co,08077001002,08077001102,6,6,6,6,0,0,0,0
co,08077001102,08077000900,9,9,9,9,0,0,0,1
co,08077001104,08077000500,1,1,1,1,0,0,0,0
co,08077001302,08077000500,4,4,4,4,0,0,0,0
co,08077001304,08077000700,1,1,1,1,0,0,0,0
co,08077001304,08077000801,1,1,1,1,0,0,0,0
co,08077001402,08077000602,6,6,6,8,0,0,0,3
co,08077001402,08077000900,2,2,2,2,0,0,0,0
co,08077001403,08077000602,4,4,4,4,0,0,0,3
co,08077001403,08101003600,13,17,18,21,2,2,3,10
co,08077001404,08077001504,2,2,2,2,0,0,0,0
co,08077001503,08077000900,0,0,0,0,0,0,0,0
co,08077001600,08077000801,7,7,7,7,0,0,0,1
co,08077001600,08077001404,2,2,3,3,0,0,0,1
co,08077001705,08077000400,6,6,6,6,0,0,0,0
co,08077001705,08077001104,1,1,1,1,0,0,0,0
co,08077001706,08031001602,7,10,10,12,1,2,2,5
co,08077001707,08077000900,10,10,10,10,0,0,0,1
co,08077001800,08077000700,1,1,1,1,0,0,0,1
co,08077001900,08077001200,4,4,4,4,0,0,0,0
co,08081000400,08081000500,0,0,0,0,0,0,0,0
co,08083969301,08083969302,0,0,0,0,0,0,0,0
co,08083969400,08085966602,1,1,1,1,0,0,0,0
co,08083969600,08075966200,13,14,13,14,4,4,3,6
co,08085966302,08077001702,5,6,6,6,2,2,2,4
co,08085966502,08085966301,0,0,0,0,0,0,0,0
co,08087000100,08087000200,0,0,0,0,0,0,0,0
co,08087000100,08099000200,3,3,3,3,0,0,0,1
co,08087000200,08031001707,2,2,2,2,0,0,0,0
co,08087000200,08031002604,2,2,2,2,0,0,0,0
co,08087000300,08031008306,1,1,1,1,0,0,0,0
co,08087000500,08075966200,2,2,2,2,0,0,0,0
co,08087000700,08041003001,4,6,6,6,0,0,0,2
co,08087000800,08125963100,0,0,0,0,0,0,0,0
co,08089968000,08101002901,7,6,6,6,0,0,0,1
co,08089968500,08089968600,0,0,0,0,0,0,0,0
co,08089968600,08089968500,0,0,0,0,0,0,0,0
co,08093000500,08119010104,0,0,0,0,0,0,0,0
co,08097000101,08013012509,3,3,4,4,1,1,1,2
co,08097000403,08097000404,0,0,1,1,0,0,0,0
co,08099000100,08099000700,0,0,0,0,0,0,0,0
co,08099000200,08101002919,2,2,3,3,0,0,0,0
co,08101000200,08101003600,5,4,4,4,0,0,0,1
co,08101000400,08013012208,7,9,12,13,0,0,0,4
co,08101000800,08041003001,3,3,4,4,0,0,0,2
co,08101000902,08101003103,5,5,4,4,0,0,0,1
co,08101001200,08101002912,2,2,4,4,0,0,0,2
co,08101001500,08101000600,2,2,2,1,0,0,0,0
co,08101002100,08041001800,3,3,7,7,0,0,0,2
co,08101002200,08101001900,0,0,1,1,0,0,0,0
co,08101002300,08101003600,4,4,6,6,0,0,0,0
co,08101002802,08101002806,0,0,1,1,0,0,0,0
co,08101002806,08101003500,3,3,4,4,0,0,0,0
co,08101002807,08101000600,3,3,3,2,0,0,0,0
co,08101002808,08101001700,1,1,1,1,0,0,0,0
co,08101002913,08043980200,1,1,1,1,1,1,1,1
co,08101002913,08101000903,0,1,1,2,0,0,0,2
co,08101002919,08043979100,1,1,2,3,1,1,1,1
co,08101002919,08101003500,0,1,1,1,0,0,0,0
co,08101003004,08101003600,0,0,0,0,0,0,0,0
co,08101003104,08101000600,1,1,1,1,1,1,1,1
co,08101003105,08041002300,2,2,4,4,0,0,0,1
co,08107000200,08031001302,14,14,13,14,3,3,2,4
co,08119010109,08001008605,2,3,4,6,0,0,0,2
co,08119010110,08101003103,2,5,6,6,0,0,0,1
co,08119010112,08077000900,7,9,10,10,2,3,3,3
co,08121924100,08069001706,4,6,6,6,1,1,1,2
co,08121924200,08001008100,1,2,2,2,0,0,0,1
co,08123000100,08001009553,1,1,1,1,0,0,0,0
co,08123000100,08013013212,4,4,5,5,0,0,0,2
co,08123000200,08123002106,0,0,0,0,0,0,0,0
co,08123000401,08123000300,0,0,0,0,0,0,0,0
co,08123000402,08001008535,0,0,0,0,0,0,0,0
co,08123000502,08069001714,4,4,4,4,1,1,1,1
co,08123000704,08123000600,2,2,2,2,0,0,0,0
co,08123000705,08123001005,0,0,0,0,0,0,0,0
co,08123000800,08059009827,5,5,5,5,0,0,0,0
co,08123000900,08123002106,0,0,0,0,0,0,0,0
co,08123001003,08123002101,1,1,1,1,0,0,0,0
co,08123001004,08013013211,2,2,2,2,0,0,0,0
co,08123001005,08001008555,1,1,1,1,0,0,0,0
co,08123001005,08123001006,0,0,0,0,0,0,0,0
co,08123001006,08069001713,1,2,2,2,0,0,0,0
co,08123001100,08077000500,13,15,16,16,1,2,2,5
co,08123001100,08123002101,1,1,1,1,0,0,0,0
co,08123001300,08123001006,3,3,3,3,0,0,0,2
co,08123001300,08123001700,3,3,3,3,0,0,0,0
co,08123001406,08031015500,1,1,1,1,0,0,0,0
co,08123001406,08059010502,1,2,1,1,0,0,0,0
co,08123001408,08013013211,3,3,3,3,0,0,0,0
co,08123001409,08123000100,0,0,0,0,0,0,0,0
co,08123001412,08123002101,1,2,2,2,0,0,0,0
co,08123001414,08123001408,0,0,0,0,0,0,0,0
co,08123001414,08123002106,1,1,1,1,1,1,1,1
co,08123001415,08123000100,1,1,1,1,0,0,0,0
co,08123001416,08123002300,0,0,0,0,0,0,0,0
co,08123001417,08013012705,4,5,6,6,1,1,1,3
co,08123001800,08123001911,0,0,0,0,0,0,0,0
co,08123001906,08059012054,5,5,5,5,0,0,0,0
co,08123001911,08001008562,0,0,0,0,0,0,0,0
co,08123001912,08005006712,2,3,3,3,0,0,0,0
co,08123002004,08031002704,4,4,4,5,0,0,0,1
co,08123002005,08031005502,4,5,6,7,0,0,0,1
co,08123002007,08005006709,3,3,4,5,0,0,0,1
co,08123002007,08013060900,8,9,9,9,0,0,0,1
co,08123002008,08001008604,1,2,2,2,0,0,0,0
co,08123002008,08031001706,2,3,3,4,0,0,0,1
co,08123002009,08069002801,6,6,6,7,0,0,0,0
co,08123002009,08123002007,1,1,1,1,0,0,0,0
co,08123002014,08013012206,5,6,6,7,0,0,0,2
co,08123002014,08123002020,4,4,5,6,0,0,0,0
co,08123002015,08031001707,3,3,3,5,0,0,0,2
co,08123002016,08001008901,5,5,5,5,0,0,0,0
co,08123002016,08013013306,5,5,5,5,0,0,0,0
co,08123002019,08001008309,1,2,2,3,0,0,0,1
co,08123002019,08001008535,7,7,7,7,0,0,0,0
co,08123002105,08013013205,3,4,5,5,0,0,0,1
co,08123002105,08031004102,0,0,0,1,0,0,0,1
co,08123002106,08013013211,2,2,2,2,0,0,0,0
co,08123002106,08013013305,1,1,1,1,0,0,0,0
co,08123002107,08069001306,3,3,3,3,0,0,0,1
co,08123002204,08005006712,2,3,4,5,1,1,1,2
co,08123002206,08123002203,0,0,0,1,0,0,0,1
co,08123002207,08069001608,4,5,5,5,0,0,0,0
co,08123002210,08069002505,0,0,0,0,0,0,0,0
co,08123002300,08031003204,4,6,6,6,0,0,0,0
co,08123002300,08087000300,1,3,3,3,0,0,0,1
co,08123002501,08123001600,0,0,0,0,0,0,0,0
co,08125963200,08087000500,3,3,3,3,0,0,0,1
fl,12001000301,12001000500,0,0,0,0,0,0,0,0
fl,12001000600,12001000202,0,0,0,0,0,0,0,0
fl,12001000700,12001001819,0,1,1,1,0,0,0,0
fl,12001001201,12019030906,7,12,12,11,0,0,0,0
fl,12001001202,12001000301,0,0,0,0,0,0,0,0
fl,12001001203,12001001702,0,0,0,0,0,0,0,0
fl,12001001517,12001001802,7,9,9,10,1,1,1,1
fl,12001001802,12001002201,0,0,0,0,0,0,0,0
fl,12001002202,12001001203,1,1,2,2,0,0,0,1
fl,12001002208,12001000902,4,5,5,4,0,0,0,2
fl,12001002210,12057011611,4,4,5,6,0,1,2,2
fl,12001002217,12001001908,3,4,4,3,0,0,0,1
fl,12001002217,12001002204,5,5,5,5,0,0,0,0
fl,12001002221,12001001605,4,5,5,4,0,0,0,1
fl,12003040202,12003040102,3,2,2,2,1,1,1,1
fl,12005000203,12117021608,34,41,41,46,1,1,1,7
fl,12005000203,12131950305,7,7,8,8,1,1,1,1
fl,12005000401,12059960403,4,5,5,7,0,0,0,1
fl,12005001402,12005002712,4,7,8,8,0,0,0,3
fl,12005002200,12005001800,4,4,4,4,0,0,0,1
fl,12005002400,12005002200,4,4,4,4,0,0,0,1
fl,12005002606,12005001502,6,6,6,6,2,2,2,3
fl,12005002712,12005001302,5,7,7,7,2,2,2,7
fl,12009062106,12117021608,12,18,19,20,0,0,0,3
fl,12009062109,12009071339,4,5,5,5,0,0,0,1
fl,12009062115,12009063104,0,0,0,0,0,0,0,0
fl,12009062115,12117021317,3,4,4,5,0,2,2,3
fl,12009062800,12127090905,5,7,7,7,2,3,2,3
fl,12009063102,12009064702,2,2,2,2,0,0,0,0
fl,12009063104,12009071339,3,3,3,3,0,0,0,1
fl,12009063104,12095016503,0,1,1,1,0,0,0,0
fl,12009064129,12009065127,1,1,1,1,0,0,0,0
fl,12009064602,12009066301,3,3,3,3,2,2,2,3
fl,12009065001,12009064102,0,0,0,0,0,0,0,0
fl,12009065022,12095017011,8,13,15,17,0,0,0,0
fl,12009065201,12009065129,1,1,1,1,0,0,0,0
fl,12009065231,12009064902,0,0,0,0,0,0,0,0
fl,12009066101,12009064500,4,5,4,4,0,0,0,0
fl,12009066302,12009063105,0,1,1,1,0,1,1,1
fl,12009066900,12009066600,0,0,0,0,0,0,0,0
fl,12009069100,12009069905,3,6,7,7,0,0,0,3
fl,12009069100,12009071700,1,2,2,3,0,0,1,2
fl,12009069802,12095013507,1,2,2,2,0,0,0,1
fl,12009071100,12011040101,3,4,4,9,0,1,1,7
fl,12009071337,12009064602,5,6,6,6,0,0,0,0
fl,12009071345,12095017814,5,8,10,10,0,0,0,3
fl,12009071348,12131950604,48,57,58,59,2,4,4,13
fl,12009071351,12009064201,3,5,5,5,0,0,0,1
fl,12009071352,12009065231,2,2,2,3,0,0,0,1
fl,12009071602,12009069700,0,0,0,0,0,0,0,0
fl,12011010407,12099007818,0,1,1,1,0,0,0,0
fl,12011010502,12009062302,1,1,2,6,0,0,0,3
fl,12011010503,12011010104,1,2,2,2,0,0,0,0
fl,12011010503,12011060125,7,9,10,10,0,0,0,1
fl,12011010503,12086009102,0,0,0,1,0,0,0,1
fl,12011010503,12099006907,0,0,1,1,0,0,0,0
fl,12011010504,12011030100,1,1,1,4,0,0,0,3
fl,12011010604,12011010407,0,1,2,2,0,0,0,2
fl,12011010605,12011040204,5,7,7,10,0,1,1,4
fl,12011010701,12011010609,1,2,2,2,0,0,0,0
fl,12011010702,12011050309,5,5,5,8,0,0,0,2
fl,12011020101,12011060125,7,10,10,10,0,0,0,2
fl,12011020103,12011050207,0,1,1,2,0,0,0,2
fl,12011020209,12011030903,0,1,2,3,0,0,0,2
fl,12011020209,12011050208,0,1,1,2,0,0,0,2
fl,12011020210,12011020326,1,1,1,1,0,0,0,0
fl,12011020212,12011060113,3,5,5,7,0,0,0,0
fl,12011020302,12011060605,4,6,7,7,0,0,0,3
fl,12011020308,12061050102,8,10,11,12,1,1,1,4
fl,12011020309,12011050100,2,3,3,7,0,0,0,3
fl,12011020312,12115001505,5,8,10,14,4,7,8,12
fl,12011020326,12057011006,9,13,15,18,1,1,2,7
fl,12011020412,12011010701,2,4,4,4,0,0,0,1
fl,12011020418,12011080200,2,4,9,11,0,0,0,1
fl,12011020419,12073000200,15,27,30,29,0,0,0,5
fl,12011020421,12011050208,4,5,5,6,0,0,0,0
fl,12011020501,12011030904,0,1,2,3,0,1,1,2
fl,12011020501,12086009903,3,4,5,5,1,1,2,3
fl,12011030203,12099007501,0,2,3,3,0,0,0,0
fl,12011030301,12011060111,3,3,3,3,0,0,0,1
fl,12011030401,12099007205,2,2,2,3,0,0,0,0
fl,12011030601,12086009904,2,5,5,6,1,2,2,3
fl,12011030602,12011043302,3,5,6,7,0,0,0,1
fl,12011030602,12099007768,1,1,1,1,0,0,0,1
fl,12011030702,12011030500,1,1,1,2,0,0,0,1
fl,12011030704,12011042502,3,5,6,7,0,0,0,1
fl,12011030903,12011010604,1,1,7,8,0,0,0,1
fl,12011040205,12011060505,3,3,4,5,0,0,0,3
fl,12011040300,12095014202,2,4,5,5,0,0,0,1
fl,12011040506,12099007205,1,4,5,5,0,0,0,2
fl,12011040702,12011020314,3,4,4,4,0,0,0,1
fl,12011040801,12011042502,2,2,2,2,0,0,0,0
fl,12011040801,12011100103,2,4,7,8,0,0,0,1
fl,12011040801,12086004704,4,6,11,12,0,0,0,1
fl,12011040802,12086000128,6,7,7,10,0,0,0,3
fl,12011040902,12011042501,0,1,2,2,0,0,0,0
fl,12011041801,12011070204,1,2,2,2,0,0,0,1
fl,12011042501,12011020315,5,6,7,8,0,0,0,2
fl,12011042501,12011051001,2,2,1,1,1,1,1,1
fl,12011042502,12011042000,1,1,1,1,1,1,1,1
fl,12011042502,12011080200,2,2,2,2,0,0,0,0
fl,12011043301,12011110338,8,12,13,14,0,0,0,0
fl,12011050204,12099007205,3,4,4,8,0,0,0,0
fl,12011050206,12011040701,5,6,6,7,0,0,0,0
fl,12011050301,12086013700,5,5,6,11,0,0,0,2
fl,12011050311,12011110313,6,7,9,9,0,0,0,1
fl,12011050401,12086007709,3,4,5,10,0,0,0,0
fl,12011050601,12086009809,1,3,4,4,0,0,0,0
fl,12011050602,12011050900,2,1,1,1,0,0,0,3
fl,12011050602,12011060120,7,10,11,11,0,0,0,3
fl,12011050800,12011050309,1,2,2,2,0,0,0,0
fl,12011050900,12011050208,1,1,2,2,0,0,1,1
fl,12011051002,12071001602,7,10,13,15,4,5,5,15
fl,12011060107,12011091802,5,10,10,13,0,0,0,0
fl,12011060109,12011020309,3,3,4,4,0,0,0,2
fl,12011060115,12086007104,9,15,17,19,0,0,1,5
fl,12011060115,12086009312,8,14,14,16,0,0,0,0
fl,12011060117,12086980300,7,9,10,11,0,0,1,5
fl,12011060119,12099001002,8,9,11,11,0,0,0,0
fl,12011060126,12011060111,1,2,3,4,0,0,0,1
fl,12011060128,12011042601,4,8,10,10,0,0,0,0
fl,12011060129,12011061004,2,3,4,4,0,0,0,2
fl,12011060203,12011030500,2,2,2,2,0,0,0,1
fl,12011060209,12011060125,4,4,3,3,0,0,0,2
fl,12011060503,12111382122,12,16,20,18,0,0,0,1
fl,12011060606,12011050204,2,6,9,9,0,0,0,1
fl,12011060606,12011070210,0,0,0,0,0,0,0,0
fl,12011060607,12095017001,1,1,2,3,0,0,0,0
fl,12011060802,12011090102,3,3,5,6,0,0,0,1
fl,12011070104,12011090102,4,4,5,5,0,0,0,0
fl,12011070204,12011060127,4,5,8,8,0,0,0,2
fl,12011070204,12011090102,1,1,1,2,0,0,0,0
fl,12011070320,12011060125,5,7,6,8,0,0,0,1
fl,12011070324,12011060125,5,7,5,7,0,0,0,1
fl,12011070324,12086010201,3,3,3,3,0,0,0,1
fl,12011070327,12011060801,2,3,3,3,0,0,0,1
fl,12011070401,12086003919,4,10,10,12,0,0,0,2
fl,12011070401,12086004204,4,10,10,12,0,0,0,3
fl,12011070405,12086011406,3,6,7,8,0,1,1,3
fl,12011070601,12031014428,8,10,15,25,5,7,7,17
fl,12011080402,12011070204,3,6,8,8,0,0,0,0
fl,12011090301,12011090900,5,6,7,5,0,0,0,0
fl,12011090401,12011100201,0,0,0,1,0,0,0,1
fl,12011090403,12011010407,4,4,4,7,0,0,0,1
fl,12011090404,12086000109,1,1,1,3,0,0,0,1
fl,12011090602,12086000123,1,1,2,2,0,0,0,0
fl,12011090700,12011110600,2,3,8,9,0,0,0,0
fl,12011090900,12095017116,1,1,2,2,0,0,0,0
fl,12011091202,12011110600,3,4,9,10,0,0,0,0
fl,12011091500,12011041400,5,8,17,18,0,0,0,3
fl,12011091602,12011030500,0,0,0,1,0,0,0,1
fl,12011092000,12011060111,7,11,12,13,0,0,0,0
fl,12011092000,12086009102,4,4,10,11,0,0,0,1
fl,12011100203,12011070213,1,2,3,3,0,0,0,0
fl,12011100301,12011100204,0,0,0,0,0,0,0,0
fl,12011100700,12009068502,6,9,17,22,0,0,0,5
fl,12011110100,12086009504,3,6,6,9,0,0,0,2
fl,12011110307,12011110339,0,0,0,0,0,0,0,0
fl,12011110308,12011091903,4,6,6,7,0,0,0,1
fl,12011110326,12011050204,7,8,9,10,0,0,0,1
fl,12011110327,12086980500,0,1,2,2,0,1,1,3
fl,12011110341,12086002403,2,5,6,8,0,0,0,0
fl,12011110357,12011020414,0,1,1,1,0,0,0,0
fl,12011110357,12011100501,5,11,11,12,0,0,0,2
fl,12011110359,12086009101,4,5,5,5,0,0,0,0
fl,12011110600,12011042502,5,5,5,6,0,0,0,3
fl,12015010100,12015010505,0,3,3,3,0,0,0,0
fl,12015010200,12099006909,5,7,8,11,0,0,0,0
fl,12015010405,12071090100,3,4,5,6,0,0,0,2
fl,12015020700,12071001207,5,8,11,12,0,0,0,1
fl,12015020800,12071001502,7,8,10,11,0,0,0,1
fl,12015021003,12071010307,5,7,9,10,0,0,0,0
fl,12015030402,12057011605,4,6,6,6,0,1,1,4
fl,12015030501,12015020301,0,0,0,0,0,0,0,0
fl,12015030505,12071090100,0,0,0,0,0,0,0,0
fl,12017450305,12119911301,1,1,1,1,0,0,0,0
fl,12017450402,12017450902,1,1,1,1,0,0,0,0
fl,12019030103,12031015924,9,12,15,17,0,0,0,0
fl,12019030104,12019030600,10,15,18,18,1,1,1,3
fl,12019030105,12003040201,4,5,5,4,0,0,0,0
fl,12019030105,12103024412,10,14,14,13,0,0,0,2
fl,12019030206,12019031400,6,6,6,6,0,0,0,1
fl,12019030206,12117021307,16,24,24,24,1,2,1,5
fl,12019030208,12095017111,7,9,8,9,0,0,0,1
fl,12019030210,12031016605,10,12,15,17,2,2,2,4
fl,12019030210,12109020606,17,19,20,20,4,4,5,6
fl,12019030305,12117021321,11,13,18,23,1,2,1,7
fl,12019030701,12019030400,2,3,4,4,1,2,2,2
fl,12019030704,12031017101,4,6,8,9,0,0,0,0
fl,12019030707,12031014428,8,9,10,10,2,3,3,3
fl,12019031109,12007000100,0,0,0,0,0,0,0,0
fl,12019031202,12031014428,7,11,12,13,0,0,0,1
fl,12019031203,12031012900,12,14,17,18,0,0,0,0
fl,12019031400,12053041302,16,19,21,20,0,0,0,2
fl,12021000700,12057004700,6,10,10,14,0,0,0,1
fl,12021010114,12021010401,2,5,6,7,0,1,1,1
fl,12021010213,12021010416,2,2,2,5,1,1,1,1
fl,12021010401,12099000213,11,12,15,18,1,1,1,6
fl,12021010411,12021010602,3,4,8,8,0,0,0,0
fl,12021010420,12021010701,6,8,12,12,0,0,0,1
fl,12021010421,12095016802,18,23,26,28,2,2,2,4
fl,12021010425,12021010430,0,1,1,1,0,1,1,1
fl,12021010425,12057011304,1,2,3,3,0,0,0,0
fl,12021010429,12099007622,9,10,11,14,1,1,1,4
fl,12021010431,12021011213,0,1,2,3,0,1,2,3
fl,12021010438,12015030504,4,6,7,8,0,0,0,2
fl,12021010514,12021000102,1,1,1,1,0,0,0,0
fl,12021010606,12021010210,1,1,1,1,0,0,0,0
fl,12021010701,12021010215,3,4,4,4,0,0,0,1
fl,12021010702,12021000700,3,4,4,4,0,0,0,1
fl,12021011204,12021010213,7,8,12,10,1,1,1,1
fl,12021011209,12021010215,1,1,4,4,0,0,0,0
fl,12021011210,12021010904,2,3,5,5,0,1,1,2
fl,12021011212,12021010213,2,2,6,6,0,0,0,0
fl,12021011306,12071001204,1,2,3,6,0,1,1,4
fl,12021011306,12071010112,12,13,15,16,1,2,2,5
fl,12023110202,12121970200,3,4,4,4,0,0,0,0
fl,12023110604,12023110400,1,1,1,1,0,0,0,0
fl,12023110800,12031017102,3,3,4,4,1,1,1,1
fl,12023110901,12007000201,4,4,4,4,0,0,0,0
fl,12023110901,12083000904,3,3,3,4,1,1,1,2
fl,12027010101,12111381402,1,1,1,2,1,1,1,2
fl,12031000600,12019030304,2,6,7,8,0,0,0,1
fl,12031001401,12031015701,0,0,1,1,0,0,0,0
fl,12031001402,12073002505,2,4,6,6,0,0,0,0
fl,12031002501,12105011204,22,32,34,37,0,0,1,4
fl,12031002600,12031011905,0,0,0,0,0,0,0,0
fl,12031002801,12031014604,3,3,3,3,0,0,0,1
fl,12031010203,12019031400,6,12,15,18,0,0,0,2
fl,12031010301,12031001600,0,3,3,4,0,0,0,0
fl,12031010301,12031010202,0,3,3,4,0,0,0,0
fl,12031010301,12031010601,2,2,2,2,0,0,0,0
fl,12031010305,12109020605,3,5,6,6,1,1,2,2
fl,12031010308,12031000800,1,1,1,1,0,0,0,0
fl,12031011903,12031000800,1,1,2,2,0,0,0,0
fl,12031012000,12105012408,21,29,29,30,2,2,2,4
fl,12031012202,12031016725,0,1,1,1,0,0,0,1
fl,12031012300,12031017102,0,0,0,0,0,0,0,0
fl,12031012500,12031002600,1,1,2,3,0,0,0,0
fl,12031012500,12069031206,16,24,24,25,0,0,0,2
fl,12031012601,12031016725,0,1,1,1,0,0,0,1
fl,12031012702,12031013733,0,0,0,0,0,0,0,0
fl,12031013000,12031001000,0,0,0,0,0,0,0,0
fl,12031013302,12031010601,0,0,1,1,0,0,0,0
fl,12031013402,12031010104,1,1,2,3,0,0,0,2
fl,12031013522,12031000800,1,1,1,1,0,0,0,2
fl,12031013524,12031013526,2,2,2,3,0,0,0,1
fl,12031013524,12031016605,3,3,3,5,1,1,1,3
fl,12031013731,12031002200,1,1,1,1,0,0,0,0
fl,12031014101,12031015924,1,2,3,3,1,2,3,3
fl,12031014103,12031000800,5,6,7,7,0,0,0,1
fl,12031014312,12031017200,1,3,3,3,0,0,0,2
fl,12031014328,12031010202,0,0,0,0,0,0,0,0
fl,12031014340,12031013906,1,2,3,4,1,1,1,1
fl,12031014340,12031014415,1,1,1,2,0,0,0,2
fl,12031014342,12057014400,22,28,28,29,0,0,0,4
fl,12031014344,12031014414,0,0,0,0,0,0,0,0
fl,12031014408,12031014420,2,2,3,3,0,0,0,0
fl,12031014413,12031016500,0,0,1,1,0,0,0,0
fl,12031014416,12095018902,6,8,11,17,2,4,4,12
fl,12031014423,12019030204,14,17,17,19,0,0,0,0
fl,12031014423,12019030303,4,4,4,4,1,1,2,2
fl,12031014423,12031000800,0,0,0,1,0,0,0,1
fl,12031014423,12031013523,1,1,1,1,0,0,0,0
fl,12031014426,12031011800,0,0,0,0,0,0,0,0
fl,12031014426,12095015203,6,9,12,15,2,4,4,9
fl,12031014703,12031014414,3,3,3,2,0,0,0,0
fl,12031015702,12057011909,21,27,28,29,0,0,0,3
fl,12031015803,12117021708,9,12,16,21,2,4,4,10
fl,12031015926,12031014338,1,2,3,3,0,0,0,2
fl,12031015926,12031014417,0,0,0,0,0,0,0,0
fl,12031015927,12031014414,0,0,0,0,0,0,0,0
fl,12031015929,12031014428,0,0,0,0,0,0,0,0
fl,12031016400,12031010202,0,0,0,0,0,0,0,0
fl,12031016724,12031017200,0,0,1,1,0,0,0,0
fl,12031016725,12031016500,0,0,1,1,0,0,0,0
fl,12031016726,12031014414,1,2,3,3,0,0,0,2
fl,12031016803,12031016731,0,0,0,0,0,0,0,0
fl,12031016804,12031014344,0,0,0,1,0,0,0,1
fl,12031016804,12031016200,0,0,1,1,0,0,0,0
fl,12031016804,12127080101,5,7,10,12,2,4,4,7
fl,12031016807,12031016803,0,0,0,0,0,0,0,0
fl,12031016808,12031016726,0,0,0,0,0,0,0,0
fl,12031017102,12031016605,0,0,0,0,0,0,0,0
fl,12033001201,12086009010,15,18,25,33,1,2,4,10
fl,12033001300,12033001202,4,4,4,4,0,0,0,0
fl,12033001402,12033001300,3,3,3,4,0,0,0,0
fl,12033001402,12033003301,0,0,0,0,0,0,0,0
fl,12033002200,12033003607,3,4,4,4,0,0,0,1
fl,12033002701,12033002605,0,0,0,0,0,0,0,0
fl,12033002801,12113010813,9,9,11,11,2,4,4,9
fl,12033003400,12033003301,1,2,2,1,1,2,2,1
fl,12033003505,12033003507,0,0,0,0,0,0,0,0
fl,12033003509,12033000400,0,0,0,1,0,0,0,1
fl,12033003511,12033002500,10,11,12,12,4,4,4,5
fl,12033003512,12033003603,6,9,9,9,0,0,0,0
fl,12033003609,12033003603,2,3,3,3,1,1,1,2
fl,12033003900,12033003603,2,2,2,2,1,1,1,1
fl,12035060104,12035060301,1,1,1,1,1,1,1,1
fl,12035060206,12001001203,5,7,7,7,2,2,1,3
fl,12035060212,12109020907,6,8,9,10,6,8,8,7
fl,12035060214,12035060215,0,0,1,1,0,0,1,1
fl,12035060218,12001001203,7,9,9,9,2,2,1,3
fl,12035060304,12127080803,2,2,2,2,0,0,0,0
fl,12039020600,12073000906,6,7,8,7,0,0,0,3
fl,12041950203,12001001817,3,3,3,3,0,0,0,1
fl,12043000300,12103024412,7,7,7,7,0,0,0,4
fl,12047960101,12055961100,12,14,22,27,1,1,2,6
fl,12049970102,12027010200,1,1,1,2,0,0,0,1
fl,12053040301,12053040202,0,3,3,3,0,0,0,0
fl,12053040701,12117021705,9,13,17,15,0,0,0,0
fl,12053040702,12053041302,1,2,2,2,0,0,0,0
fl,12053040901,12083001204,5,6,6,5,0,0,0,0
fl,12053040906,12057007103,1,2,3,3,0,0,0,0
fl,12053040907,12053041502,2,2,2,2,0,0,0,1
fl,12053040908,12101032200,0,0,0,0,0,0,0,0
fl,12053040909,12081001908,5,5,5,7,0,0,0,2
fl,12053040911,12105011834,6,7,8,8,0,0,1,2
fl,12053040911,12119910602,1,2,2,1,0,0,0,0
fl,12053040912,12053040908,0,0,0,0,0,0,0,0
fl,12053041106,12031016605,22,26,30,31,0,0,0,2
fl,12053041203,12057011526,4,4,4,4,0,0,0,0
fl,12053041402,12101031406,2,2,2,2,0,0,0,0
fl,12055960102,12095015104,6,7,9,11,1,1,1,2
fl,12055961000,12055960800,2,2,3,3,0,0,0,0
fl,12055961000,12105012900,9,13,16,17,0,0,0,1
fl,12055961201,12099008203,5,6,9,11,0,0,0,0
fl,12055961301,12086011003,6,8,9,11,0,0,0,0
fl,12055961605,12043000300,1,1,1,2,0,0,0,0
fl,12057000102,12057010900,1,1,1,1,1,1,1,1
fl,12057000202,12057010821,1,1,1,1,0,0,0,0
fl,12057000301,12057013315,0,0,1,2,0,0,0,0
fl,12057000701,12057005401,1,1,1,2,0,0,0,1
fl,12057000701,12103024412,0,0,0,1,0,0,0,1
fl,12057001700,12057004200,0,0,0,1,0,0,0,1
fl,12057001900,12057004700,0,0,0,0,0,0,0,0
fl,12057002000,12103024412,0,1,2,2,0,0,0,0
fl,12057005000,12083001500,0,0,2,2,0,0,0,0
fl,12057005101,12057011206,0,0,1,1,0,0,0,1
fl,12057005302,12057000901,2,3,3,3,0,0,0,0
fl,12057005401,12103025011,2,3,3,3,0,0,0,0
fl,12057006000,12055961202,8,8,16,19,0,0,0,2
fl,12057006300,12057006101,1,1,1,1,0,0,0,0
fl,12057007001,12103021501,4,6,6,6,1,1,1,1
fl,12057010106,12057005101,0,0,0,0,0,0,0,0
fl,12057010203,12057011203,1,3,3,4,0,0,0,3
fl,12057010212,12005000804,32,40,38,41,0,0,0,4
fl,12057010212,12057005102,0,0,0,1,0,0,0,1
fl,12057010216,12057012103,0,0,0,0,0,0,0,0
fl,12057010218,12057011616,6,6,6,7,0,0,0,3
fl,12057010218,12101032013,0,0,0,0,0,0,0,0
fl,12057010805,12057012103,2,2,2,2,0,0,0,0
fl,12057010810,12103025004,1,1,1,1,0,0,0,0
fl,12057010823,12057011905,3,3,3,3,0,0,0,2
fl,12057011108,12057014400,1,2,2,2,0,0,0,1
fl,12057011205,12057000101,1,1,1,2,0,0,0,1
fl,12057011206,12086009065,16,18,26,30,0,0,0,3
fl,12057011303,12057011107,0,0,0,0,0,0,0,0
fl,12057011408,12057004901,0,2,3,3,0,0,0,0
fl,12057011414,12057012211,0,0,0,1,0,0,0,1
fl,12057011415,12103026819,4,4,4,4,1,1,1,2
fl,12057011510,12057004601,0,1,2,2,0,0,0,0
fl,12057011522,12105011902,2,2,2,2,0,0,0,1
fl,12057011524,12101031902,1,1,1,1,0,0,0,0
fl,12057011526,12057011415,1,1,1,1,1,1,1,1
fl,12057011605,12103025902,5,6,7,7,0,0,0,0
fl,12057011612,12011050207,6,7,9,14,1,1,1,3
fl,12057011616,12057005101,3,4,5,6,0,0,0,0
fl,12057011616,12057005401,4,5,6,7,0,0,0,0
fl,12057011616,12057011708,1,2,3,4,0,0,0,0
fl,12057011617,12057011506,0,0,0,0,0,0,0,0
fl,12057011712,12057011708,0,0,1,1,0,0,1,1
fl,12057011802,12057010211,4,4,4,5,0,0,0,1
fl,12057011908,12057004601,0,1,2,2,0,0,0,0
fl,12057012108,12057011303,1,3,3,4,0,1,1,4
fl,12057012208,12057005101,0,1,2,2,0,0,0,0
fl,12057012212,12057014122,0,0,0,1,0,0,0,1
fl,12057012503,12095018201,3,5,5,7,0,0,0,1
fl,12057012600,12105013500,5,9,9,9,0,0,0,1
fl,12057012900,12057012109,2,2,2,2,0,0,0,0
fl,12057013002,12057012103,1,4,4,4,0,0,0,0
fl,12057013206,12057005101,1,1,2,2,0,0,0,0
fl,12057013206,12057013311,1,1,2,2,0,0,0,0
fl,12057013311,12057005301,0,1,2,2,0,0,0,0
fl,12057013319,12105012004,4,6,6,7,0,0,0,0
fl,12057013407,12057011013,0,0,1,1,0,0,0,0
fl,12057013412,12057013923,1,1,2,2,0,0,0,0
fl,12057013413,12057013702,0,0,0,0,0,0,0,0
fl,12057013414,12057005800,1,1,1,1,0,0,0,0
fl,12057013702,12057005101,0,0,0,0,0,0,0,0
fl,12057013703,12053040801,1,1,3,4,1,1,1,2
fl,12057013703,12099007740,5,6,8,12,1,1,1,6
fl,12057013801,12057012501,1,1,1,2,0,0,0,0
fl,12057013912,12057005101,0,1,2,2,0,0,0,0
fl,12057013912,12057005700,0,1,2,2,0,0,0,0
fl,12057013912,12103021501,4,7,8,8,1,1,1,1
fl,12057013916,12057014009,3,4,4,4,0,0,0,1
fl,12057014014,12057010401,4,5,5,5,0,0,0,0
fl,12057014017,12057004601,2,4,4,4,0,0,0,0
fl,12057014104,12101032902,3,4,4,4,0,0,0,1
fl,12057014109,12057014008,0,1,1,1,0,0,0,0
fl,12057014109,12057014200,1,2,2,2,0,0,0,1
fl,12057014109,12103020800,3,3,3,3,1,1,1,1
fl,12057014117,12057005101,0,0,0,0,0,0,0,0
fl,12057014117,12057011017,2,3,3,2,0,0,0,0
fl,12057014400,12081000805,4,5,6,8,0,0,1,2
fl,12061050101,12061050808,4,5,6,6,0,0,0,3
fl,12061050402,12009071341,1,5,6,6,0,1,1,4
fl,12061050601,12061050305,1,2,2,2,0,0,0,0
fl,12061050607,12009065123,5,8,9,9,0,1,1,6
fl,12061050607,12061050201,2,2,2,2,0,0,0,2
fl,12061050704,12061050101,0,0,0,0,0,0,0,0
fl,12061050706,12111380400,10,12,12,12,1,1,1,2
fl,12061050809,12095014606,11,16,18,19,2,2,2,6
fl,12063210400,12133970103,1,1,1,1,0,0,0,0
fl,12065250200,12079110302,4,4,6,4,0,0,0,0
fl,12069030108,12117020904,2,3,3,3,0,0,0,0
fl,12069030210,12031012300,15,20,22,26,0,0,0,0
fl,12069030306,12001002204,2,4,4,6,1,1,1,1
fl,12069030307,12069030110,0,0,0,0,0,0,0,0
fl,12069030308,12071001203,27,30,30,32,2,2,2,7
fl,12069030406,12031014414,7,8,9,13,0,0,2,5
fl,12069030407,12117020805,4,5,5,5,0,0,0,1
fl,12069030409,12023110300,3,3,5,6,1,1,1,2
fl,12069030409,12127090402,5,4,4,4,0,0,0,0
fl,12069030507,12057010824,6,7,7,7,0,0,0,0
fl,12069030701,12031002701,13,19,22,28,0,0,0,3
fl,12069030804,12069030110,0,1,2,2,0,0,0,0
fl,12069030915,12069030803,0,0,0,0,0,0,0,0
fl,12069030916,12069030408,2,5,6,8,0,1,1,4
fl,12069030916,12069030914,2,4,4,4,0,0,0,0
fl,12069030918,12095016301,2,2,2,4,0,0,0,1
fl,12069031202,12031016300,11,14,16,17,0,0,0,2
fl,12069031203,12069030206,1,1,1,1,0,0,0,0
fl,12069031207,12095013604,7,10,11,9,0,0,0,1
fl,12069031306,12069031320,3,2,2,1,0,0,0,0
fl,12069031306,12095015901,6,10,11,10,0,0,0,1
fl,12069031306,12095017302,4,5,6,5,0,0,0,0
fl,12069031308,12031014417,13,16,16,20,0,0,1,5
fl,12069031309,12095012600,3,5,5,5,0,0,0,0
fl,12069031309,12097040808,6,10,12,12,1,1,1,1
fl,12069031309,12117020601,1,3,3,3,0,0,0,2
fl,12069031312,12069031317,2,2,3,3,0,0,0,0
fl,12069031312,12095017110,5,7,8,6,0,0,0,1
fl,12069031312,12095017402,4,6,7,5,0,0,0,1
fl,12069031317,12117021705,1,1,2,2,0,0,0,0
fl,12069031318,12083001403,3,3,3,4,0,0,0,1
fl,12069031319,12019031104,3,4,4,4,0,0,0,1
fl,12069031322,12033001202,16,21,25,30,2,2,2,10
fl,12071000306,12085001806,13,14,18,18,6,6,6,8
fl,12071000600,12071050205,3,3,4,4,0,0,0,3
fl,12071001206,12101032804,18,23,28,30,0,0,0,0
fl,12071001208,12071001206,0,0,0,0,0,0,0,0
fl,12071001208,12071010307,2,4,4,5,1,1,1,1
fl,12071001601,12071001206,2,2,2,2,0,0,0,0
fl,12071001709,12095017018,20,26,28,30,1,1,1,1
fl,12071001917,12071020801,12,12,12,13,1,1,1,3
fl,12071010109,12086000711,12,16,18,18,0,0,0,1
fl,12071010208,12095014804,26,34,35,37,1,1,1,2
fl,12071010306,12071010303,0,0,0,0,0,0,0,0
fl,12071010307,12071001300,2,4,4,5,0,0,0,0
fl,12071010421,12071001401,2,4,4,6,0,0,0,0
fl,12071010802,12071000800,6,6,6,6,2,2,2,5
fl,12071020502,12071010307,2,2,2,2,0,0,0,0
fl,12071040123,12071001206,0,1,1,1,0,0,0,0
fl,12071040124,12086018100,7,8,7,9,0,1,1,1
fl,12071040127,12071000700,3,3,3,3,0,0,0,0
fl,12071040212,12021010807,6,6,9,9,0,1,1,2
fl,12071040302,12021000101,5,10,16,18,0,1,2,2
fl,12071050205,12071010303,4,9,12,13,3,3,3,4
fl,12071050311,12071040139,0,0,0,0,0,0,0,0
fl,12071050317,12071050601,1,3,3,4,0,0,0,0
fl,12071050318,12071050317,0,0,0,0,0,0,0,0
fl,12071050401,12071050317,1,2,3,3,0,0,0,0
fl,12071050604,12009065001,14,17,21,28,4,4,4,12
fl,12071070202,12105012002,20,26,27,29,3,3,3,5
fl,12073001401,12001001819,9,10,11,13,1,1,1,5
fl,12073001601,12095014703,5,5,8,12,1,1,1,3
fl,12073001803,12073000907,3,3,3,3,0,0,0,0
fl,12073002101,12073002103,1,1,1,1,0,0,0,1
fl,12073002105,12073000502,1,1,2,3,0,0,0,1
fl,12073002201,12073002103,1,1,1,1,0,0,0,1
fl,12073002205,12039020800,3,4,4,4,0,0,0,0
fl,12073002205,12073000200,2,2,2,2,0,0,0,0
fl,12073002206,12073000302,2,2,2,2,1,1,1,1
fl,12073002416,12073001902,8,9,9,9,0,0,0,1
fl,12073002420,12073000200,2,2,2,2,0,0,0,0
fl,12073002512,12073000302,4,5,5,5,0,0,0,1
fl,12073002514,12073000905,1,1,1,1,0,0,0,0
fl,12073002701,12073002603,0,0,0,0,0,0,0,0
fl,12075970200,12081001916,3,4,5,7,0,1,2,4
fl,12077950202,12013010100,2,3,3,3,0,0,0,0
fl,12081000103,12081000406,0,0,0,0,0,0,0,0
fl,12081000204,12057004601,1,3,4,5,0,0,0,0
fl,12081000307,12081000805,0,0,0,0,0,0,0,0
fl,12081000313,12057010820,5,9,11,11,0,0,0,0
fl,12081000501,12115000102,5,7,7,8,0,0,0,2
fl,12081000603,12081001701,1,2,2,2,0,0,0,0
fl,12081001502,12103025009,3,5,6,7,1,1,1,5
fl,12081001908,12081000101,2,2,2,2,0,0,0,2
fl,12081001911,12057012211,3,5,5,5,0,0,0,0
fl,12081001916,12081000703,2,2,2,3,0,0,0,2
fl,12081002003,12115002013,0,1,3,3,0,0,0,0
fl,12081002019,12081000805,2,2,3,4,0,0,0,1
fl,12081002023,12021010905,1,2,3,3,0,0,0,0
fl,12081002023,12115000501,2,3,3,4,0,0,0,0
fl,12081002025,12115001801,1,1,1,2,0,0,0,1
fl,12083000201,12069030803,3,3,3,4,0,0,0,1
fl,12083000605,12017450305,0,0,0,0,0,0,0,0
fl,12083000803,12069030505,1,1,1,2,0,0,0,1
fl,12083001013,12083000302,0,0,0,0,0,0,0,0
fl,12083001209,12083002505,0,0,0,0,0,0,0,0
fl,12083001403,12103024512,2,2,2,3,0,0,0,0
fl,12083002202,12069031315,3,3,3,4,0,0,0,0
fl,12083002402,12083001105,2,2,2,1,0,0,0,0
fl,12083002607,12083001010,0,0,0,0,0,0,0,0
fl,12083002704,12117022006,5,5,6,8,0,0,0,0
fl,12085000604,12085000800,0,0,0,0,0,0,0,0
fl,12085000610,12085000100,1,1,1,1,0,0,0,1
fl,12085000701,12085000200,1,1,1,1,0,0,0,0
fl,12085001000,12085001408,2,2,2,2,0,0,0,2
fl,12085001107,12085000800,1,1,1,2,0,0,0,0
fl,12085001107,12099000410,3,4,4,4,0,0,0,1
fl,12085001404,12086009010,3,5,7,8,0,0,0,2
fl,12085001406,12099000102,0,0,0,0,0,0,0,0
fl,12085001408,12101031701,7,9,14,20,1,1,2,11
fl,12085001410,12085000800,2,3,3,4,0,0,0,2
fl,12086000115,12086000718,1,1,1,1,0,0,0,0
fl,12086000120,12086013700,2,2,2,2,0,0,0,0
fl,12086000204,12086004205,3,5,5,6,0,0,0,1
fl,12086000206,12057013002,12,17,25,29,0,0,0,4
fl,12086000215,12086000504,0,0,0,0,0,0,0,0
fl,12086000215,12086000505,1,1,1,1,0,0,0,0
fl,12086000218,12086009065,11,11,11,13,0,0,0,1
fl,12086000219,12086004000,6,6,6,7,1,1,1,1
fl,12086000219,12086980500,11,11,11,13,0,0,0,1
fl,12086000220,12086004206,6,6,7,9,0,0,0,0
fl,12086000222,12086000508,0,0,0,0,0,0,0,0
fl,12086000223,12011020313,5,5,7,8,0,0,0,4
fl,12086000226,12086000145,0,0,1,1,0,0,0,1
fl,12086000228,12086980300,6,6,7,10,0,0,0,1
fl,12086000306,12011042200,1,2,3,4,0,0,0,2
fl,12086000307,12086006607,2,2,3,6,0,0,0,1
fl,12086000308,12011080200,1,1,2,3,0,0,0,2
fl,12086000402,12086981100,0,0,0,0,0,0,0,0
fl,12086000408,12086003919,3,4,4,4,0,0,0,1
fl,12086000414,12099000803,3,4,7,11,0,0,0,2
fl,12086000419,12011060125,12,15,15,16,0,0,0,4
fl,12086000601,12095017001,2,3,4,6,0,0,0,1
fl,12086000603,12086000508,0,0,0,0,0,0,0,0
fl,12086000611,12086005805,3,3,3,4,0,0,0,3
fl,12086000612,12086009029,0,0,0,0,0,0,0,0
fl,12086000715,12086009010,2,3,3,3,0,0,0,0
fl,12086000717,12086000705,0,0,0,0,0,0,0,0
fl,12086000720,12086980500,5,6,6,6,0,0,0,0
fl,12086001004,12086001701,3,3,3,3,0,0,0,0
fl,12086001101,12086003706,3,4,4,4,0,0,0,0
fl,12086001102,12086003400,2,2,3,3,0,0,0,1
fl,12086001204,12011043301,2,2,2,3,0,0,0,2
fl,12086001302,12086000719,2,3,3,3,0,0,0,0
fl,12086001401,12086009010,11,11,11,13,0,0,0,0
fl,12086001603,12011110309,2,4,4,4,0,0,0,1
fl,12086001603,12086004301,3,4,4,4,0,1,1,1
fl,12086001802,12086002600,1,1,1,1,0,0,0,0
fl,12086001901,12086007403,2,2,3,6,0,0,0,0
fl,12086001904,12086000109,2,3,4,4,0,0,0,0
fl,12086002404,12086007805,5,5,5,5,1,1,1,3
fl,12086002501,12086006206,1,2,3,3,0,0,0,0
fl,12086002702,12086004404,0,1,1,1,0,1,1,1
fl,12086002705,12086003710,1,1,1,1,1,2,2,2
fl,12086002708,12086007104,2,2,2,3,0,0,0,1
fl,12086003603,12086002800,2,2,2,2,1,1,1,1
fl,12086003605,12086005600,1,2,2,2,0,0,0,1
fl,12086003906,12086000134,2,2,2,2,0,0,0,1
fl,12086003912,12086003703,3,4,4,4,0,0,0,2
fl,12086003914,12086006716,3,3,3,3,0,0,0,2
fl,12086003918,12086019100,7,8,8,9,0,0,0,4
fl,12086004403,12086002201,1,1,1,1,1,1,1,1
fl,12086004405,12086004206,0,0,0,0,0,0,0,0
fl,12086004901,12086001608,0,1,1,1,0,1,1,1
fl,12086004904,12086000410,10,11,11,11,0,0,0,1
fl,12086005004,12099000410,7,8,14,18,3,3,3,6
fl,12086005405,12086006801,1,1,1,1,0,0,0,0
fl,12086005701,12086008904,0,0,0,0,0,0,0,0
fl,12086005803,12033000801,15,21,25,30,2,2,2,13
fl,12086005806,12011080500,4,5,9,10,0,0,0,2
fl,12086005903,12086003606,5,6,7,6,0,0,0,0
fl,12086005903,12095014202,1,4,5,5,0,0,0,1
fl,12086005904,12086003710,1,1,1,2,0,0,0,0
fl,12086006002,12086006402,0,0,0,0,0,0,0,0
fl,12086006004,12086003001,3,2,2,2,0,0,0,0
fl,12086006004,12086008805,0,0,0,0,0,0,0,0
fl,12086006402,12086003703,1,1,1,1,0,0,0,0
fl,12086006504,12086003704,2,2,2,2,1,1,1,1
fl,12086006902,12086009010,4,5,5,4,0,0,0,0
fl,12086007007,12086009040,6,6,8,8,0,0,0,0
fl,12086007200,12011090602,3,4,7,8,0,1,1,4
fl,12086007402,12011110345,4,5,6,6,0,0,1,1
fl,12086007610,12011110321,4,4,3,3,0,0,0,1
fl,12086007704,12099007421,9,12,18,22,0,0,0,1
fl,12086007705,12086017300,0,0,0,0,0,0,0,0
fl,12086007805,12086007403,1,2,2,2,0,0,0,1
fl,12086007805,12099007301,8,11,17,21,0,0,0,1
fl,12086007808,12086008419,0,0,0,0,0,0,0,0
fl,12086008309,12086008603,2,2,2,2,0,0,0,0
fl,12086008309,12099002701,9,12,18,22,0,0,0,2
fl,12086008314,12086004000,5,6,7,8,1,2,2,5
fl,12086008425,12086008421,0,0,0,0,0,0,0,0
fl,12086008428,12086003001,6,5,5,6,0,0,0,2
fl,12086008428,12099004500,6,8,14,18,0,0,0,1
fl,12086008601,12086010707,0,0,0,0,0,0,0,0
fl,12086008907,12011060303,0,0,1,2,0,0,0,1
fl,12086009015,12086009010,0,0,0,0,0,0,0,0
fl,12086009021,12086004704,2,2,2,2,0,0,0,0
fl,12086009027,12086004704,2,2,2,2,0,0,0,0
fl,12086009030,12086009010,0,0,0,0,0,0,0,0
fl,12086009049,12086001701,1,1,2,2,0,0,0,0
fl,12086009049,12086980500,1,1,1,1,0,0,0,1
fl,12086009052,12086981100,0,0,0,0,0,0,0,0
fl,12086009066,12086009010,0,0,0,0,0,0,0,0
fl,12086009200,12011070314,0,0,0,0,0,0,0,0
fl,12086009320,12086004000,4,4,5,5,1,1,1,2
fl,12086009703,12011070210,0,0,0,2,0,0,0,2
fl,12086009705,12086004103,1,1,1,1,0,0,0,0
fl,12086009810,12011090502,1,1,1,1,0,0,0,0
fl,12086009903,12011060125,11,14,14,15,0,0,0,4
fl,12086009907,12086003606,3,4,5,8,0,0,1,5
fl,12086010018,12086007805,0,0,0,0,0,0,0,0
fl,12086010026,12086981000,1,2,3,4,0,0,0,1
fl,12086010201,12086012001,1,1,1,1,0,0,0,0
fl,12086010205,12031002801,10,12,15,27,5,7,7,18
fl,12086010303,12086010301,0,0,0,0,0,0,0,0
fl,12086010400,12021010805,2,2,2,2,0,0,0,0
fl,12086010502,12086011409,0,0,0,0,0,0,0,0
fl,12086010609,12086010610,0,0,0,0,0,0,0,0
fl,12086010619,12086007610,0,0,0,0,0,0,0,0
fl,12086010620,12086004206,9,11,11,12,0,1,1,4
fl,12086010622,12086002702,4,5,5,6,0,0,0,3
fl,12086010622,12086003606,4,5,5,6,0,0,0,3
fl,12086010705,12086017902,1,2,2,2,0,0,0,1
fl,12086010709,12086008419,0,0,0,0,0,0,0,0
fl,12086010710,12086009040,0,0,0,0,0,0,0,0
fl,12086010805,12011060120,0,0,0,0,0,0,0,0
fl,12086010900,12086015501,0,0,0,0,0,0,0,0
fl,12086010900,12103021501,3,4,4,4,2,2,2,2
fl,12086011010,12086010207,0,0,0,0,0,0,0,0
fl,12086011014,12087970500,4,5,5,5,0,0,0,1
fl,12086011103,12086004103,12,14,14,15,0,1,1,4
fl,12086011203,12095017111,3,7,11,12,0,0,0,1
fl,12086011205,12086003001,7,6,6,7,0,0,0,2
fl,12086011409,12086009010,0,0,0,0,0,0,0,0
fl,12086011900,12086009102,0,0,0,0,0,0,0,0
fl,12086012103,12011070312,1,1,2,2,1,1,2,2
fl,12086012103,12031011901,9,11,14,26,5,7,7,18
fl,12086012402,12086000143,1,1,2,2,0,0,0,1
fl,12086012502,12086000903,0,0,0,0,0,0,0,0
fl,12086012601,12011110360,1,1,2,2,0,0,1,2
fl,12086012702,12099007622,2,3,6,9,0,0,0,1
fl,12086013000,12086000306,3,4,4,4,0,0,0,0
fl,12086013000,12086009065,0,0,0,0,0,0,0,0
fl,12086013100,12011070319,1,1,2,2,0,0,0,3
fl,12086013201,12086013202,0,0,0,0,0,0,0,0
fl,12086014200,12086012900,0,0,0,0,0,0,0,0
fl,12086015201,12086002702,0,0,0,0,0,0,0,0
fl,12086016200,12086009066,0,0,0,0,0,0,0,0
fl,12086017000,12117020601,3,5,7,8,0,0,0,5
fl,12086017300,12086009066,0,0,0,0,0,0,0,0
fl,12086017600,12086008904,1,1,1,1,0,0,0,0
fl,12086018002,12086008429,0,0,0,0,0,0,0,0
fl,12086018100,12086007104,3,4,4,4,0,0,0,1
fl,12086018700,12086003606,3,4,4,5,0,0,0,3
fl,12086018700,12086019301,1,2,2,2,0,0,0,0
fl,12086018801,12086008805,1,1,1,1,0,0,0,0
fl,12086018902,12086003704,4,5,5,6,1,1,1,4
fl,12086018902,12086008422,0,0,0,0,0,0,0,0
fl,12086018902,12086019100,0,0,0,0,0,0,0,0
fl,12086019000,12086000505,2,2,2,2,0,0,0,0
fl,12086019200,12086008904,0,0,0,0,0,0,0,0
fl,12086019502,12086014100,0,0,0,0,0,0,0,0
fl,12086019600,12086003606,3,4,4,5,0,0,0,3
fl,12086019902,12011080102,3,4,5,6,0,0,0,2
fl,12086020100,12086006203,1,2,2,2,0,0,0,1
fl,12086020300,12095017111,3,7,11,12,0,0,0,1
fl,12087971900,12086000126,12,14,17,18,2,2,2,8
fl,12087971900,12087972800,0,0,0,0,0,0,0,0
fl,12089050102,12089050204,0,0,0,0,0,0,0,0
fl,12089050305,12089050102,3,4,4,4,0,0,0,0
fl,12089050307,12031016725,2,6,6,7,1,2,2,2
fl,12089050308,12031014104,6,7,7,7,2,2,1,3
fl,12089050308,12031014415,5,5,5,6,2,2,1,2
fl,12089050310,12019030500,5,10,12,15,2,2,1,4
fl,12089050310,12089050102,2,2,2,2,0,0,0,0
fl,12089050401,12031016725,6,8,8,6,1,2,2,2
fl,12089050504,12031014428,2,3,3,3,0,0,0,0
fl,12089050505,12031014203,8,12,12,10,1,2,2,3
fl,12089050505,12069030407,8,12,12,11,1,2,2,4
fl,12089050508,12031012100,1,2,2,1,0,0,0,0
fl,12091020101,12091023308,5,7,7,8,4,6,6,8
fl,12091020400,12033001402,12,14,17,20,3,3,3,7
fl,12091020500,12131950501,9,9,11,14,1,1,3,5
fl,12091020601,12091020400,2,2,2,2,0,0,0,0
fl,12091020602,12091023303,6,9,9,10,4,6,6,8
fl,12091021102,12091022300,1,4,4,5,1,1,1,4
fl,12091021501,12091023307,4,5,5,5,1,2,3,5
fl,12091021902,12091020400,5,9,10,10,0,0,0,1
fl,12091022700,12091021801,2,3,4,4,0,0,0,1
fl,12093910201,12043000300,3,3,3,3,2,2,2,2
fl,12095010201,12095018902,0,0,0,0,0,0,0,0
fl,12095011701,12095014606,1,1,1,1,0,0,0,0
fl,12095012303,12086980500,2,3,3,3,0,0,0,2
fl,12095012305,12095016302,2,2,2,3,0,0,0,1
fl,12095012305,12095018000,1,3,2,2,0,0,0,1
fl,12095012306,12069030915,0,0,0,0,0,0,0,0
fl,12095012306,12083001900,1,3,3,5,0,0,0,3
fl,12095012307,12127080600,4,7,7,7,2,3,2,1
fl,12095012403,12095014703,1,1,1,1,0,0,0,0
fl,12095013300,12095017001,2,2,2,2,0,0,0,0
fl,12095013512,12097041600,2,3,5,6,0,0,0,0
fl,12095013513,12095015802,2,2,3,3,0,0,0,1
fl,12095013604,12095016902,2,2,2,2,0,0,0,2
fl,12095013606,12095013507,0,0,0,0,0,0,0,0
fl,12095014302,12095014000,2,2,2,2,0,0,0,0
fl,12095014601,12095010300,0,0,0,0,0,0,0,0
fl,12095014705,12095017110,1,1,2,2,1,1,1,1
fl,12095014706,12021010215,21,29,34,38,0,0,0,6
fl,12095014811,12095012900,0,0,1,1,0,0,0,0
fl,12095014811,12095014703,0,0,0,0,0,0,0,0
fl,12095014812,12095015203,2,3,3,3,0,0,0,0
fl,12095014812,12105011300,4,5,6,6,0,0,0,0
fl,12095014814,12095013801,0,0,0,0,0,0,0,0
fl,12095015003,12095017001,4,4,5,5,0,0,0,2
fl,12095015006,12095016902,0,0,0,0,0,0,0,0
fl,12095015202,12095017011,1,2,2,2,0,0,0,0
fl,12095015801,12117021504,6,6,6,6,0,0,0,0
fl,12095015901,12095016741,1,1,1,1,0,0,0,0
fl,12095016301,12095015203,2,3,3,3,0,0,0,1
fl,12095016406,12095016902,0,0,0,0,0,0,0,0
fl,12095016407,12095014805,5,5,5,5,0,0,0,0
fl,12095016407,12095018901,3,3,3,3,0,0,0,1
fl,12095016411,12095016741,0,1,1,1,0,0,0,1
fl,12095016513,12095016728,1,1,1,1,0,0,0,1
fl,12095016513,12103027207,7,9,11,12,0,0,0,1
fl,12095016709,12095016802,0,0,0,0,0,0,0,0
fl,12095016714,12009068601,2,2,4,3,1,1,2,2
fl,12095016716,12086013100,4,7,9,9,0,0,0,5
fl,12095016723,12095016724,2,2,2,2,0,0,0,0
fl,12095016735,12127090307,2,3,5,5,2,3,2,4
fl,12095016736,12057012213,5,6,7,8,0,0,0,2
fl,12095016747,12095016604,2,2,2,2,0,0,0,0
fl,12095016748,12095016503,0,1,1,1,0,1,1,1
fl,12095016748,12127080808,2,5,6,6,2,3,2,2
fl,12095016749,12057012109,5,6,7,7,1,1,1,4
fl,12095016750,12057011418,10,13,14,14,0,0,0,0
fl,12095016750,12095017503,2,4,5,5,0,0,0,1
fl,12095016750,12095017703,2,4,5,5,0,0,0,1
fl,12095016750,12095018300,0,0,0,0,0,0,0,0
fl,12095016751,12095015203,6,9,9,10,0,0,0,1
fl,12095016751,12095016503,1,2,2,3,0,0,0,2
fl,12095016756,12095018500,3,3,3,3,0,0,0,0
fl,12095016756,12095018902,2,4,5,6,0,0,0,1
fl,12095016802,12011080406,4,5,6,7,0,0,0,1
fl,12095016802,12069031319,2,2,3,3,0,0,0,0
fl,12095016802,12095017110,1,1,1,1,1,1,1,1
fl,12095016810,12095016802,0,0,0,0,0,0,0,0
fl,12095016811,12095017110,1,1,1,1,1,1,1,1
fl,12095016907,12117021307,4,4,4,4,0,0,0,0
fl,12095016911,12095017022,0,0,1,1,0,0,0,0
fl,12095016911,12095018500,1,1,1,1,0,0,0,1
fl,12095017022,12095016735,0,0,0,0,0,0,0,0
fl,12095017108,12095016803,0,0,0,0,0,0,0,0
fl,12095017111,12095017110,1,1,1,1,1,1,1,1
fl,12095017113,12095017110,0,0,0,0,0,0,0,0
fl,12095017114,12086006719,3,4,6,13,0,0,1,6
fl,12095017114,12095014812,0,1,1,2,0,0,0,2
fl,12095017114,12095017024,0,0,1,1,0,0,0,0
fl,12095017116,12095017118,0,0,0,0,0,0,0,0
fl,12095017117,12095017116,0,0,0,0,0,0,0,0
fl,12095017118,12095018902,1,1,1,2,0,0,0,0
fl,12095017120,12095014606,2,3,3,4,0,0,0,3
fl,12095017123,12095017110,1,1,2,2,1,1,1,1
fl,12095017200,12095017111,2,2,2,2,0,0,0,0
fl,12095017302,12095017110,1,1,1,1,0,0,0,0
fl,12095017401,12091021802,42,52,51,51,1,1,1,8
fl,12095017402,12095014904,2,3,3,4,0,0,0,1
fl,12095017503,12095017506,0,0,0,0,0,0,0,0
fl,12095017504,12033001402,18,25,29,35,2,2,2,12
fl,12095017504,12095014701,0,0,0,0,0,0,0,0
fl,12095017504,12095017110,7,9,9,11,0,0,0,0
fl,12095017505,12095017001,3,3,3,3,0,0,0,0
fl,12095017506,12009060302,7,7,7,7,0,0,0,0
fl,12095017506,12095012800,4,4,4,4,0,0,0,1
fl,12095017506,12095017108,6,8,8,10,2,2,2,2
fl,12095017600,12095017505,2,2,2,2,0,0,0,0
fl,12095017702,12095017011,4,4,4,4,0,0,0,1
fl,12095017703,12095015901,1,3,2,2,0,0,0,1
fl,12095017808,12117020704,1,2,3,3,0,0,0,2
fl,12095017811,12086009305,0,0,0,2,0,0,0,2
fl,12095017811,12117021705,3,3,4,5,0,0,0,2
fl,12095017813,12095016406,7,8,9,9,0,0,0,1
fl,12095017901,12011110349,3,6,7,9,0,0,0,2
fl,12095017902,12095016406,6,7,8,9,0,0,0,1
fl,12095018000,12117021901,3,3,5,6,0,0,0,1
fl,12095018201,12095018700,3,3,3,4,0,0,0,0
fl,12095018202,12095015103,0,0,1,1,0,0,0,1
fl,12095018500,12001000302,1,1,1,1,0,0,0,0
fl,12095018700,12095018901,0,0,0,0,0,0,0,0
fl,12095018800,12115001404,4,5,6,7,0,0,0,2
fl,12095018901,12095015901,2,4,4,4,0,0,0,1
fl,12095019000,12095011200,0,0,0,0,0,0,0,0
fl,12097040811,12095017110,1,2,2,2,0,0,0,0
fl,12097040904,12095016802,3,5,5,6,0,0,0,1
fl,12097040904,12095017022,2,3,4,4,0,0,0,0
fl,12097041006,12095014606,4,9,9,11,0,0,0,0
fl,12097041502,12095017004,2,5,5,7,0,0,0,2
fl,12097041600,12095017402,1,2,2,2,0,0,0,1
fl,12097042000,12095017110,2,2,3,3,1,1,1,1
fl,12097042000,12097042901,0,0,0,1,0,0,0,1
fl,12097042201,12097042500,0,0,0,1,0,0,0,1
fl,12097042400,12095017110,3,3,3,4,1,1,1,1
fl,12097042400,12099007763,4,4,5,6,0,0,0,1
fl,12097042500,12109021301,9,12,14,16,6,8,7,10
fl,12097042601,12097042800,0,0,0,0,0,0,0,0
fl,12097042603,12097041004,4,4,5,5,0,0,0,1
fl,12097042800,12095018700,4,4,5,6,0,0,0,1
fl,12097042902,12097042300,0,3,4,5,0,0,0,1
fl,12097042904,12095018901,1,1,1,1,0,0,0,0
fl,12097043304,12095013201,2,3,4,5,0,0,0,1
fl,12099000104,12057011528,4,10,14,18,1,1,2,9
fl,12099000202,12061050401,4,7,10,11,1,1,2,6
fl,12099000214,12099004300,1,1,1,1,0,0,0,0
fl,12099000303,12099000410,1,1,1,1,0,0,0,0
fl,12099000902,12099003400,1,3,3,3,0,0,0,0
fl,12099000904,12099000902,0,0,0,0,0,0,0,0
fl,12099001004,12099004010,1,1,1,1,0,0,0,0
fl,12099001101,12099001402,0,1,1,1,0,0,0,0
fl,12099001801,12099002200,0,0,0,0,0,0,0,0
fl,12099001904,12099001003,2,2,3,3,1,1,1,1
fl,12099001918,12099000902,2,2,2,2,1,1,1,1
fl,12099001920,12099003513,6,7,8,8,1,1,1,1
fl,12099002100,12099000202,4,6,7,7,0,0,0,4
fl,12099002800,12011070330,5,6,10,15,0,0,0,6
fl,12099002800,12019030303,12,15,18,29,6,8,9,20
fl,12099003101,12103027202,3,8,13,16,1,1,2,8
fl,12099003400,12099003514,1,1,1,1,1,1,1,1
fl,12099003801,12099006910,1,1,1,2,0,0,0,1
fl,12099003901,12099005821,0,0,1,1,0,0,0,0
fl,12099004011,12011040701,3,4,4,5,0,0,0,0
fl,12099004205,12099002703,1,1,1,1,0,0,0,1
fl,12099004207,12099003600,4,4,4,4,1,1,1,2
fl,12099004401,12099002005,2,2,2,2,2,2,2,2
fl,12099004402,12099006906,1,2,1,2,1,1,1,2
fl,12099004500,12011020104,1,1,1,3,0,0,0,2
fl,12099004500,12103021501,11,12,12,13,2,2,3,8
fl,12099004810,12099003512,4,4,5,5,1,1,1,1
fl,12099004816,12099003513,4,4,4,4,1,1,1,1
fl,12099004816,12099004101,0,0,0,0,0,0,0,0
fl,12099004904,12031017400,9,12,17,29,5,7,7,18
fl,12099005000,12099007763,0,0,0,0,0,0,0,0
fl,12099005204,12099003513,6,6,5,4,3,3,3,4
fl,12099005300,12099001301,3,3,3,4,2,2,2,4
fl,12099005501,12099007301,3,3,2,2,0,0,0,0
fl,12099005502,12099000202,4,7,6,7,0,0,0,2
fl,12099005702,12099006502,2,3,4,5,0,0,0,1
fl,12099005811,12099007202,0,0,0,1,0,0,0,1
fl,12099005814,12111381402,8,9,10,10,0,0,0,2
fl,12099005815,12099007768,1,1,1,1,0,0,0,1
fl,12099005818,12099001917,2,3,3,4,2,2,2,4
fl,12099005820,12099005203,2,2,1,1,0,0,0,0
fl,12099005821,12099007012,0,0,0,0,0,0,0,0
fl,12099005931,12086003704,2,3,4,8,1,1,1,3
fl,12099005959,12086009010,1,1,1,2,0,0,0,1
fl,12099005959,12099007301,1,1,1,1,0,0,0,0
fl,12099005960,12099001402,2,2,2,2,0,0,0,1
fl,12099006012,12099006401,4,5,6,6,0,0,0,0
fl,12099006012,12099007202,2,5,5,6,0,0,0,1
fl,12099006301,12099006502,1,2,3,3,0,0,0,0
fl,12099006301,12099007008,2,3,4,4,0,0,0,0
fl,12099006607,12011031207,4,5,6,6,2,2,2,1
fl,12099006907,12099007610,0,0,0,0,0,0,0,0
fl,12099006907,12099007612,0,0,0,0,0,0,0,0
fl,12099007009,12099007202,0,0,0,1,0,0,0,1
fl,12099007202,12011042502,7,7,8,11,0,0,0,0
fl,12099007205,12057004901,3,8,11,15,1,1,2,7
fl,12099007604,12011050100,6,7,7,9,0,0,0,0
fl,12099007605,12099007501,0,0,0,0,0,0,0,0
fl,12099007612,12099007412,0,0,0,0,0,0,0,0
fl,12099007710,12099003700,3,3,3,3,1,1,1,2
fl,12099007724,12086003004,4,4,5,8,0,0,0,2
fl,12099007724,12099002600,3,4,4,4,1,1,1,2
fl,12099007730,12011010305,2,2,3,3,0,0,0,0
fl,12099007740,12011010605,1,1,1,1,1,1,1,1
fl,12099007750,12011020104,2,2,2,7,0,0,0,5
fl,12099007763,12099007705,2,3,3,3,0,0,0,0
fl,12099007773,12099004101,0,0,0,1,0,0,0,1
fl,12099007776,12011050207,0,0,0,0,0,0,0,0
fl,12099007778,12099007752,2,2,2,2,0,0,0,0
fl,12099007843,12099000507,6,7,8,9,4,3,3,4
fl,12099007843,12099007841,0,0,0,0,0,0,0,0
fl,12099007844,12099007838,2,1,1,1,0,0,0,1
fl,12099007915,12085001103,2,2,2,2,1,1,1,2
fl,12099007916,12099007848,0,0,0,0,0,0,0,0
fl,12099007919,12099001301,2,3,5,5,0,0,0,1
fl,12099008101,12071050205,10,13,16,17,1,3,4,7
fl,12101030102,12017450104,2,3,3,5,0,0,0,2
fl,12101031003,12103025902,6,6,7,7,1,1,2,2
fl,12101031208,12101032013,3,3,3,4,1,1,1,3
fl,12101031602,12109021301,13,16,17,15,3,3,4,3
fl,12101031604,12115000406,2,2,2,4,0,0,0,6
fl,12101031701,12101031602,1,1,1,1,0,0,0,0
fl,12101031703,12095016503,14,20,24,22,1,1,1,4
fl,12101031706,12101030303,3,3,3,3,1,1,1,1
fl,12101031807,12069030408,2,3,5,5,0,0,0,2
fl,12101031808,12101031705,3,3,3,3,0,0,0,2
fl,12101031903,12095014202,9,15,16,14,0,0,0,1
fl,12101032104,12057010502,1,1,1,1,0,0,0,0
fl,12101032106,12031016300,20,24,28,28,0,0,0,2
fl,12101032113,12069031206,1,3,3,3,0,0,0,0
fl,12101033005,12103025009,4,4,4,4,0,0,0,0
fl,12101033005,12103025209,5,6,6,5,0,0,0,0
fl,12101033014,12101030502,2,3,4,4,0,0,0,1
fl,12103020105,12103025111,2,4,5,5,0,0,0,4
fl,12103020106,12103028601,2,2,2,2,1,1,1,1
fl,12103020201,12103024413,2,2,2,2,0,0,0,0
fl,12103020302,12103025603,2,3,3,3,0,0,0,0
fl,12103020700,12103022801,0,0,0,2,0,0,0,2
fl,12103021900,12103028602,2,2,2,2,0,0,0,0
fl,12103022000,12103028005,3,2,3,3,2,1,1,1
fl,12103022503,12095016802,3,4,7,9,1,1,1,2
fl,12103022503,12103027801,0,1,1,1,0,0,0,1
fl,12103022801,12081001405,1,2,3,3,1,1,1,2
fl,12103023800,12103024512,0,2,2,2,0,0,0,1
fl,12103024302,12103024408,0,0,0,0,0,0,0,0
fl,12103024410,12099001002,11,13,13,13,1,1,1,3
fl,12103024505,12103024908,0,0,0,1,0,0,0,1
fl,12103024509,12103026705,1,2,2,2,1,2,2,2
fl,12103024601,12057005302,3,5,6,6,0,0,0,0
fl,12103024803,12103028002,2,1,1,1,2,1,1,1
fl,12103024905,12101030406,2,2,3,6,0,0,0,3
fl,12103024908,12103024516,0,0,0,0,0,0,0,0
fl,12103025007,12103024908,0,0,1,1,0,0,0,1
fl,12103025013,12057012001,0,0,3,3,0,0,0,0
fl,12103025014,12057012001,0,0,3,3,0,0,0,0
fl,12103025121,12103027801,0,0,0,0,0,0,0,0
fl,12103025122,12103025009,2,2,2,2,0,0,0,0
fl,12103025204,12103028002,5,7,7,6,2,1,1,1
fl,12103025205,12103026003,2,2,2,2,2,2,2,2
fl,12103025207,12103024505,0,0,0,0,0,0,0,0
fl,12103025209,12103025112,0,0,0,0,0,0,0,0
fl,12103025211,12103028002,4,6,6,5,2,1,1,1
fl,12103025307,12086009014,3,3,5,6,1,1,1,4
fl,12103025401,12103025501,0,0,0,0,0,0,0,0
fl,12103025407,12093910201,11,11,13,14,1,1,1,2
fl,12103025407,12103025902,0,0,0,0,0,0,0,0
fl,12103025509,12103024412,1,1,1,3,0,0,0,0
fl,12103025602,12103025021,0,0,0,0,0,0,0,0
fl,12103025800,12031017200,13,17,22,26,0,0,0,5
fl,12103026001,12057005101,8,8,9,10,1,1,1,4
fl,12103026101,12103026703,1,1,2,3,0,0,0,1
fl,12103026102,12103024005,1,2,2,3,1,1,1,3
fl,12103026300,12103021502,2,4,5,6,0,0,0,2
fl,12103026402,12103024512,2,2,3,3,0,0,0,2
fl,12103026701,12017450306,4,5,7,9,0,0,0,0
fl,12103026813,12103026704,1,1,1,1,0,0,0,0
fl,12103026817,12071040135,3,3,4,5,1,1,1,1
fl,12103026818,12011060120,7,9,11,16,2,2,2,5
fl,12103026818,12095015203,7,8,8,10,0,0,0,2
fl,12103026820,12009064602,14,24,26,29,1,1,1,2
fl,12103026913,12103026911,0,0,0,0,0,0,0,0
fl,12103026915,12103025507,0,0,1,1,0,0,0,0
fl,12103027000,12103026909,0,0,0,0,0,0,0,0
fl,12103027325,12103027105,0,0,0,0,0,0,0,0
fl,12103027333,12101031704,3,6,6,5,0,0,0,1
fl,12103027404,12011010407,6,9,11,16,1,1,1,3
fl,12103027801,12103025009,0,0,0,0,0,0,0,0
fl,12103028300,12103024510,2,3,5,5,0,0,0,1
fl,12105010300,12095013507,3,5,5,7,0,0,0,0
fl,12105010603,12105011732,1,1,1,1,0,0,0,0
fl,12105011704,12031002801,22,28,31,36,1,1,1,6
fl,12105011704,12105012411,2,2,2,3,1,1,2,2
fl,12105011731,12061050708,10,14,16,18,3,3,3,5
fl,12105011834,12095015202,3,7,8,10,0,1,1,3
fl,12105011836,12105015101,4,5,5,5,0,0,0,0
fl,12105011838,12105010601,0,2,2,2,0,0,0,0
fl,12105011908,12031017200,29,35,41,42,1,1,1,6
fl,12105011912,12057005401,5,8,9,9,0,0,0,0
fl,12105012001,12057012103,0,0,0,0,0,0,0,0
fl,12105012124,12071030205,17,21,22,24,0,0,0,4
fl,12105012126,12105016400,1,1,2,2,0,0,0,1
fl,12105012133,12095017110,5,6,7,9,0,0,0,0
fl,12105012209,12105011902,2,2,3,3,0,0,0,1
fl,12105012209,12105013701,5,5,7,7,0,0,0,3
fl,12105012304,12057013602,1,2,2,2,0,0,0,0
fl,12105012307,12101032804,0,0,0,0,0,0,0,0
fl,12105012408,12105011000,3,3,3,4,0,0,0,0
fl,12105012411,12095017001,2,3,3,4,1,1,1,1
fl,12105012411,12095017110,2,3,3,4,2,2,2,2
fl,12105012502,12095018500,2,2,3,3,1,1,1,1
fl,12105012502,12105012404,4,6,6,6,0,0,0,0
fl,12105012506,12105014121,1,1,1,1,0,0,0,0
fl,12105012510,12097041004,0,1,1,1,0,1,1,1
fl,12105012510,12097042905,4,8,9,11,0,1,1,1
fl,12105012514,12103025419,4,6,8,7,0,0,0,1
fl,12105012702,12095017001,2,2,3,4,0,0,0,0
fl,12105012702,12095017004,1,1,2,3,0,0,0,0
fl,12105012803,12095017001,3,3,4,5,0,0,0,0
fl,12105012900,12105013901,1,2,2,2,0,0,0,0
fl,12105013102,12105013802,1,1,1,1,0,0,0,0
fl,12105013300,12057011008,5,6,7,7,0,0,0,1
fl,12105013902,12095017506,3,3,5,6,0,0,0,1
fl,12105014124,12083000707,8,11,13,16,0,0,0,4
fl,12105014126,12057011708,11,14,15,16,0,0,0,2
fl,12105014128,12105013901,1,2,2,2,0,0,0,0
fl,12105014129,12105014131,1,1,1,1,0,0,0,0
fl,12105014131,12095013507,1,2,3,4,0,0,0,0
fl,12105014201,12095014812,3,3,4,5,0,0,0,0
fl,12105014202,12105015000,1,2,3,5,0,0,1,4
fl,12105014501,12117021802,11,14,15,16,0,0,0,0
fl,12105014802,12105012601,4,5,5,5,0,0,0,0
fl,12105014803,12057013907,1,1,1,1,0,0,0,0
fl,12105014905,12105011902,4,4,4,4,0,0,0,0
fl,12105014906,12057011410,5,8,10,10,0,0,0,3
fl,12105014906,12105015101,2,2,2,2,0,0,0,0
fl,12105015200,12095016802,6,9,11,12,1,1,1,2
fl,12105015302,12055960200,0,0,2,3,0,0,1,2
fl,12105015401,12095017122,11,12,13,14,4,4,4,4
fl,12107950500,12031001600,9,14,18,23,0,0,0,0
fl,12107951200,12107950600,2,2,1,1,2,2,1,1
fl,12109020606,12019030600,4,6,6,7,1,1,1,3
fl,12109020606,12109021301,7,9,9,9,0,0,0,1
fl,12109020706,12031014422,3,4,5,6,3,4,5,5
fl,12109020707,12031014204,4,4,4,4,2,2,2,2
fl,12109020710,12031014417,5,9,9,10,3,4,5,5
fl,12109020712,12031014425,4,6,6,7,1,1,1,1
fl,12109020804,12107950600,3,5,5,5,2,2,2,2
fl,12109020905,12031014423,6,7,7,8,0,0,0,2
fl,12109020907,12031000600,3,4,4,6,0,0,0,3
fl,12109020907,12031014422,2,4,4,5,0,0,0,2
fl,12109020908,12031016603,3,4,4,5,0,0,0,2
fl,12109021408,12109020200,3,4,4,4,0,0,0,1
fl,12109021408,12109020400,3,4,4,4,0,0,0,0
fl,12111380700,12011040702,5,5,5,7,0,0,0,2
fl,12111381401,12111380700,1,1,1,1,0,0,0,1
fl,12111381507,12085001701,3,4,4,4,1,1,1,2
fl,12111381602,12055961303,4,4,4,4,1,1,1,1
fl,12111381802,12071010303,17,23,24,24,7,9,9,11
fl,12111381804,12061050601,9,12,14,14,1,1,2,4
fl,12111382015,12111382012,0,0,0,0,0,0,0,0
fl,12111382016,12111380500,6,8,8,8,2,2,2,3
fl,12111382114,12011030500,2,3,3,4,1,2,2,3
fl,12111382117,12085000502,2,3,3,3,0,0,0,0
fl,12111382119,12111380400,5,8,8,7,0,0,0,1
fl,12111382120,12011050208,4,4,4,5,2,1,1,3
fl,12111382121,12095015001,4,4,3,3,1,1,1,1
fl,12111382124,12011110309,12,14,16,17,1,1,1,4
fl,12111382125,12071040117,13,17,18,18,6,8,8,10
fl,12111382129,12086007807,8,9,10,15,2,1,1,3
fl,12111382201,12061050504,10,10,10,10,1,1,1,1
fl,12113010506,12091022600,6,8,8,8,3,4,4,5
fl,12113010601,12091021002,5,6,8,8,2,2,2,3
fl,12113010708,12033001201,5,6,6,6,2,2,2,2
fl,12113010708,12035060103,16,22,30,35,1,5,6,11
fl,12113010708,12131950502,10,15,17,17,1,1,1,1
fl,12113010809,12113010821,4,4,3,3,3,3,3,3
fl,12113010812,12101032106,44,54,57,61,1,3,5,16
fl,12113010821,12091023304,5,8,8,9,2,5,5,7
fl,12113010823,12033001201,9,9,9,9,3,4,4,4
fl,12113010828,12033003400,12,14,14,15,2,2,3,5
fl,12113010828,12091022900,2,4,4,4,1,2,2,3
fl,12115001000,12081000810,2,2,2,3,0,0,0,1
fl,12115001402,12115001509,1,1,1,1,0,0,0,0
fl,12115001505,12115000501,0,0,0,0,0,0,0,0
fl,12115001602,12115000102,3,3,3,3,0,0,0,0
fl,12115002003,12115001101,3,3,4,4,0,0,0,0
fl,12115002507,12105012804,7,10,12,12,0,1,1,3
fl,12115002507,12115002101,2,4,4,4,0,1,1,3
fl,12115002511,12115000102,5,7,7,7,0,1,1,5
fl,12115002511,12115002012,3,5,5,5,0,1,1,4
fl,12115002605,12011060121,11,13,16,20,1,1,1,7
fl,12115002605,12115002505,1,1,1,1,0,0,0,0
fl,12115002721,12115002726,0,1,1,1,0,0,0,0
fl,12115002724,12103025509,3,6,7,8,1,2,2,6
fl,12115002726,12115002008,0,0,0,0,0,0,0,0
fl,12115002726,12115002401,5,6,7,7,0,0,0,1
fl,12115002734,12115002505,0,0,0,0,0,0,0,0
fl,12115002737,12115000501,6,8,8,7,1,1,1,1
fl,12115002740,12115002505,3,3,3,3,1,1,1,1
fl,12115002748,12015020301,2,4,5,5,0,0,0,0
fl,12117020101,12117021506,0,0,0,0,0,0,0,0
fl,12117020201,12117020904,1,1,1,1,0,0,0,0
fl,12117020202,12117021902,4,5,5,5,0,0,0,1
fl,12117020402,12103021501,7,9,11,11,1,1,1,2
fl,12117020703,12057005401,4,5,7,7,0,0,0,2
fl,12117020704,12095016503,2,2,3,3,0,0,0,0
fl,12117020705,12117021901,1,1,1,1,0,0,0,0
fl,12117020706,12095018902,3,3,3,4,0,0,0,2
fl,12117020707,12117020704,2,2,2,1,0,0,0,0
fl,12117020805,12095017110,3,3,5,5,1,1,1,3
fl,12117020805,12099003514,6,8,8,11,1,1,1,4
fl,12117020806,12086980500,8,8,11,15,0,0,0,5
fl,12117020807,12095018902,7,9,9,10,0,0,0,2
fl,12117020807,12117020706,5,5,5,4,0,0,0,0
fl,12117020807,12117020805,1,1,1,1,0,0,0,0
fl,12117020810,12083001403,5,7,7,11,0,0,0,5
fl,12117020904,12117020602,0,0,0,0,0,0,0,0
fl,12117021000,12095016509,3,3,4,4,0,0,0,1
fl,12117021000,12117020102,1,1,1,1,0,0,0,0
fl,12117021306,12117020904,1,1,1,1,0,0,0,0
fl,12117021306,12117021307,0,0,0,0,0,0,0,0
fl,12117021307,12095018901,5,6,6,6,0,0,0,0
fl,12117021311,12095012800,4,7,7,7,0,0,0,0
fl,12117021314,12095016407,4,8,8,8,0,0,0,1
fl,12117021318,12095017401,2,4,5,5,0,0,0,0
fl,12117021320,12099002600,4,4,6,9,0,0,0,4
fl,12117021320,12117020812,1,2,2,2,0,0,0,1
fl,12117021401,12095018901,8,9,9,10,0,0,0,1
fl,12117021606,12009062112,5,6,6,6,0,0,0,1
fl,12117021606,12127091018,2,5,5,5,2,3,2,1
fl,12117021613,12095014607,1,2,2,2,0,0,0,0
fl,12117021705,12095012800,1,1,2,2,0,0,0,1
fl,12117022006,12095014812,5,6,6,6,0,0,0,0
fl,12117022106,12009063109,4,5,5,5,0,0,0,1
fl,12117022106,12095013702,2,3,3,3,0,0,0,1
fl,12117022205,12095016804,3,5,6,6,0,0,0,2
fl,12117022205,12117021902,3,3,3,3,0,0,0,1
fl,12117022208,12095016409,0,0,0,0,0,0,0,0
fl,12119910701,12097040807,9,15,16,16,1,1,1,1
fl,12119911703,12071001913,30,37,38,40,0,0,0,1
fl,12119980100,12057011003,1,1,1,1,0,0,0,0
fl,12121970100,12121970304,1,1,1,1,0,0,0,0
fl,12121970301,12121970501,0,0,0,0,0,0,0,0
fl,12125960202,12023110300,6,6,6,6,0,0,0,0
fl,12127080700,12127082606,4,5,5,6,1,1,1,2
fl,12127080806,12119911205,8,8,8,9,0,0,0,1
fl,12127080806,12127090401,1,1,2,3,0,0,0,1
fl,12127081001,12127081201,2,2,2,2,0,0,0,0
fl,12127081201,12127081800,0,0,0,0,0,0,0,0
fl,12127082100,12127082302,0,0,0,0,0,0,0,0
fl,12127082405,12127090401,3,3,4,4,0,0,0,0
fl,12127082410,12127083009,3,3,4,5,0,0,0,1
fl,12127082413,12127092500,1,1,1,1,0,0,0,0
fl,12127082503,12127082404,1,1,1,2,0,0,0,0
fl,12127082503,12127092500,1,1,1,2,0,0,0,0
fl,12127082508,12127082511,0,0,0,0,0,0,0,0
fl,12127082606,12127082513,3,4,6,6,1,1,3,3
fl,12127082703,12127082904,3,3,3,3,0,0,0,0
fl,12127082802,12127090806,7,9,11,13,0,0,0,0
fl,12127082903,12127081800,3,3,3,3,0,0,0,0
fl,12127082904,12095012403,15,20,20,21,0,1,1,5
fl,12127083005,12127082802,3,4,4,4,0,0,0,2
fl,12127083005,12131950604,43,52,55,60,2,4,4,14
fl,12127083006,12127090500,10,12,14,15,0,0,0,0
fl,12127083203,12127080808,0,0,0,2,0,0,0,2
fl,12127083203,12127090401,5,6,6,6,0,0,0,0
fl,12127090804,12105010604,6,11,12,12,0,0,0,3
fl,12127090806,12117020704,2,2,2,2,0,0,0,1
fl,12127090806,12127090804,0,0,0,0,0,0,0,0
fl,12127090807,12117022207,5,9,8,8,0,0,0,1
fl,12127090903,12127091017,7,7,7,7,0,0,0,0
fl,12127090905,12117020201,2,5,4,4,0,0,0,1
fl,12127090906,12127082703,8,11,14,14,0,0,0,1
fl,12127091001,12103024410,6,8,10,11,0,0,0,2
fl,12127091017,12095018500,2,3,4,5,0,0,0,4
fl,12127091018,12095014804,6,8,8,11,0,0,0,2
fl,12127091020,12127082302,2,2,2,2,0,0,0,0
fl,12127091028,12117020805,1,2,2,3,0,0,0,2
fl,12127091036,12127090307,3,5,7,7,0,0,0,1
fl,12127091037,12127090401,5,7,6,6,0,0,0,3
fl,12129010209,12073002201,3,3,5,5,0,0,0,1
fl,12131950605,12131950606,1,1,2,3,1,1,1,1
fl,12131950610,12063211000,10,13,14,14,2,2,2,10
ga,13001950201,13107970602,0,3,3,3,0,1,1,1
ga,13001950301,13215000300,8,16,17,20,1,1,1,6
ga,13001950302,13109970300,0,0,0,0,0,0,0,0
ga,13001950500,13001950100,0,0,0,0,0,0,0,0
ga,13003960300,13069010200,0,0,0,0,0,0,0,0
ga,13009970101,13009970502,3,5,6,5,0,0,0,1
ga,13009970301,13009970501,1,1,1,1,0,0,0,0
ga,13009970600,13009970701,0,0,0,0,0,0,0,0
ga,13011970200,13139000902,3,4,4,5,0,0,0,2
ga,13013180103,13135050521,10,11,11,11,2,2,2,4
ga,13013180104,13135050569,5,5,5,5,1,1,2,4
ga,13013180104,13139001004,8,9,11,11,1,1,1,2
ga,13013180105,13135050105,5,7,7,7,1,1,1,1
ga,13013180107,13013180104,1,2,2,2,0,0,0,0
ga,13013180107,13217100301,21,22,22,24,3,2,2,3
ga,13013180204,13135050238,7,9,11,11,0,1,2,5
ga,13013180205,13013180503,6,6,6,5,0,0,0,0
ga,13013180301,13157010704,0,0,0,0,0,0,0,0
ga,13013180402,13059140500,5,5,5,5,0,0,0,1
ga,13015960301,13117130506,13,16,18,20,1,1,2,2
ga,13015960301,13129970602,3,3,3,3,0,0,0,0
ga,13015960404,13067030361,4,6,5,5,0,0,0,0
ga,13015960407,13015960804,4,4,4,4,0,0,0,0
ga,13015960501,13015960407,0,1,1,1,0,0,0,0
ga,13015960601,13015960901,0,0,0,0,0,0,0,0
ga,13015960701,13121007705,4,5,7,8,0,0,0,2
ga,13015960702,13067030278,2,3,3,3,0,1,1,1
ga,13015960801,13067030800,4,4,5,5,1,1,1,3
ga,13015960804,13121001902,6,9,10,15,1,1,1,5
ga,13015961001,13015960702,4,4,5,5,1,1,1,1
ga,13015961001,13067030700,7,10,10,11,0,0,0,0
ga,13015961002,13245001000,11,16,25,28,0,0,0,5
ga,13019970400,13153021206,3,4,4,5,1,1,1,3
ga,13019970400,13185011402,2,2,2,2,0,0,0,0
ga,13019970600,13019970400,0,0,0,0,0,0,0,0
ga,13019970600,13173950201,0,0,0,0,0,0,0,0
ga,13021010100,13021011500,1,1,1,1,0,0,0,0
ga,13021011001,13153021117,8,7,7,7,0,0,0,1
ga,13021011702,13021013411,1,3,4,4,0,0,0,1
ga,13021011900,13121007705,37,64,73,82,0,0,0,4
ga,13021011900,13121009103,29,44,49,54,0,0,0,4
ga,13021012200,13021013701,2,2,1,1,0,0,0,0
ga,13021012500,13021013701,4,4,3,3,0,0,0,0
ga,13021013102,13067031325,33,47,51,54,0,0,0,6
ga,13021013201,13139001102,23,29,29,32,1,1,1,7
ga,13021013202,13067030342,32,47,51,54,0,0,0,6
ga,13021013302,13021011900,4,5,5,5,0,0,0,3
ga,13021013409,13095000400,3,5,5,7,1,3,3,5
ga,13021013409,13103030205,5,7,8,11,0,0,0,3
ga,13021013502,13021011001,5,5,5,5,1,1,1,1
ga,13021013506,13207050301,2,2,3,3,0,0,0,1
ga,13021013506,13215010401,12,14,13,14,0,1,1,3
ga,13021013605,13153021501,7,10,11,12,0,1,1,3
ga,13025960101,13127000602,4,4,3,3,2,2,2,2
ga,13029920104,13117130613,39,56,59,65,1,1,1,5
ga,13029920301,13051010701,1,1,1,1,0,0,0,0
ga,13029920308,13135050521,35,47,56,59,0,0,0,4
ga,13031110202,13109970200,4,5,5,6,0,0,0,0
ga,13031110407,13291000207,12,15,19,23,0,0,0,1
ga,13031110603,13051003400,11,17,18,19,0,0,0,1
ga,13031110603,13051011700,12,16,16,17,0,0,0,1
ga,13031110702,13031110603,1,2,2,2,0,0,0,0
ga,13031110800,13031110401,0,0,0,0,0,0,0,0
ga,13031110800,13051004207,8,14,14,17,3,3,3,7
ga,13031110800,13107970601,0,0,0,2,0,0,0,2
ga,13031110901,13031110603,2,4,4,5,1,1,1,2
ga,13031110901,13051011008,6,12,12,12,0,0,0,1
ga,13031110902,13103030309,4,5,5,5,1,1,1,1
ga,13033950500,13067030405,9,11,13,20,2,2,2,11
ga,13035150102,13035150201,0,0,0,0,0,0,0,0
ga,13035150102,13063040204,38,58,66,71,0,0,0,0
ga,13035150201,13207050200,1,1,1,1,0,0,0,0
ga,13035150300,13159010501,4,4,5,4,2,2,2,1
ga,13039010603,13039010303,0,0,0,0,0,0,0,0
ga,13043950200,13153020110,3,4,4,4,0,0,0,2
ga,13045910103,13063040203,5,8,13,14,0,1,1,3
ga,13045910103,13067031207,8,9,10,11,0,1,2,2
ga,13045910105,13063040310,4,3,4,5,0,0,0,2
ga,13045910106,13077170404,11,12,13,14,1,1,1,2
ga,13045910201,13097080104,5,5,6,6,0,0,1,2
ga,13045910202,13045910704,5,6,6,6,0,0,0,0
ga,13045910203,13089021607,4,4,5,6,1,1,1,6
ga,13045910302,13117130601,14,17,20,25,2,2,3,7
ga,13045910400,13045910600,3,3,3,4,0,0,0,1
ga,13045910600,13045910503,2,2,2,2,0,0,0,1
ga,13045910704,13045910201,4,4,4,5,0,0,0,1
ga,13045910704,13045911002,0,0,0,0,0,0,0,0
ga,13045910705,13097080403,2,5,5,5,0,0,0,0
ga,13045910708,13045910504,5,7,7,7,0,0,0,1
ga,13045910709,13045910503,2,2,2,2,0,0,0,1
ga,13045911001,13215002300,11,13,13,13,1,1,1,1
ga,13045911101,13121011660,19,23,28,34,1,1,1,6
ga,13045911201,13045911101,1,1,1,1,0,0,0,0
ga,13047030100,13313000801,1,1,1,1,0,0,0,0
ga,13047030202,13313001500,1,1,1,1,0,0,0,0
ga,13047030303,13313001200,2,2,2,2,0,0,0,0
ga,13047030306,13063040202,10,11,13,16,1,1,1,4
ga,13049010200,13185011600,2,6,6,6,0,0,0,0
ga,13051002200,13051011700,1,2,2,2,0,0,0,1
ga,13051002600,13051010102,1,1,1,2,0,0,0,1
ga,13051002700,13051011700,2,3,3,3,0,0,0,1
ga,13051003301,13051003400,2,2,2,3,0,0,0,1
ga,13051003400,13121001902,39,57,67,72,1,1,1,7
ga,13051003501,13089021230,52,72,84,89,1,1,1,13
ga,13051004002,13051011114,3,3,3,3,1,1,1,2
ga,13051004209,13051011800,5,5,5,5,0,0,0,0
ga,13051004212,13051003501,1,1,1,1,0,0,0,0
ga,13051004500,13319960300,13,16,22,23,0,0,0,3
ga,13051010200,13051004002,1,1,1,1,0,0,0,1
ga,13051010701,13173950201,10,13,15,15,0,0,0,0
ga,13051010703,13103030303,7,7,7,8,0,0,1,1
ga,13051010707,13051010701,4,3,3,3,0,0,1,2
ga,13051010806,13051010701,3,5,5,6,2,2,2,2
ga,13051010806,13051010811,7,9,9,9,5,5,5,5
ga,13051010810,13051010701,2,3,3,3,0,0,0,1
ga,13051010814,13051003301,3,3,3,4,0,0,0,1
ga,13051010814,13051004207,0,0,0,1,0,0,0,1
ga,13051010815,13063040310,41,68,82,90,2,2,2,6
ga,13051010817,13051003501,4,4,4,4,2,1,1,2
ga,13051010817,13051010102,4,4,4,4,2,1,1,1
ga,13051011008,13031110500,13,16,20,21,1,1,1,2
ga,13051011008,13051010806,2,2,2,2,0,0,0,0
ga,13051011008,13051011700,7,8,8,8,0,0,0,0
ga,13051011114,13051003502,2,2,2,2,1,1,1,2
ga,13051011114,13245001000,15,19,20,20,4,3,3,4
ga,13055010100,13115001100,2,2,3,3,1,1,1,1
ga,13055010202,13067031215,8,11,15,16,1,2,2,5
ga,13055010202,13115002100,6,6,7,7,1,1,1,1
ga,13055010202,13129970602,5,5,6,6,0,0,0,0
ga,13055010300,13295020601,1,1,1,1,0,0,0,1
ga,13055010502,13115000500,2,2,3,3,1,1,1,1
ga,13057090202,13057090605,6,6,7,7,0,0,0,0
ga,13057090202,13067031216,12,13,14,15,1,2,2,6
ga,13057090202,13157010706,17,20,23,26,1,2,3,7
ga,13057090301,13117130205,7,8,9,9,3,3,3,3
ga,13057090301,13151070204,8,10,13,16,2,3,3,6
ga,13057090401,13089022501,6,7,9,12,1,2,2,5
ga,13057090402,13117130303,5,5,5,5,0,0,1,1
ga,13057090402,13139001304,8,8,9,9,1,1,2,2
ga,13057090503,13121010006,8,9,12,12,2,2,2,6
ga,13057090506,13063980000,17,19,23,24,0,0,0,5
ga,13057090507,13057090606,3,3,3,3,0,0,0,0
ga,13057090507,13227050201,5,5,5,5,1,1,1,1
ga,13057090604,13135050336,14,18,18,18,4,4,4,4
ga,13057090704,13121001001,7,8,8,10,0,0,0,2
ga,13057090705,13135050205,20,27,29,28,2,3,3,7
ga,13057090707,13057091108,2,5,6,6,2,3,3,3
ga,13057090708,13227050601,3,3,3,3,1,1,1,2
ga,13057090805,13121010133,10,11,12,12,1,2,2,4
ga,13057090806,13067030248,5,6,6,6,0,0,1,1
ga,13057090806,13067030278,7,8,8,8,0,0,0,1
ga,13057090910,13067030344,3,5,5,6,0,0,0,1
ga,13057090911,13057090605,4,4,4,4,0,0,0,0
ga,13057091009,13063980000,3,3,5,7,0,0,0,4
ga,13057091010,13067030247,2,2,2,2,0,0,0,1
ga,13057091010,13121010127,7,10,10,11,2,3,3,3
ga,13057091011,13043950200,39,48,53,60,0,0,0,5
ga,13057091011,13097080602,23,26,29,29,0,0,0,2
ga,13057091012,13057090708,3,4,4,4,3,3,3,4
ga,13057091012,13067031216,4,4,5,6,0,0,0,3
ga,13057091101,13057091007,2,2,3,3,1,1,1,1
ga,13057091101,13057091011,1,1,2,2,1,1,1,1
ga,13057091101,13067030247,5,5,6,6,1,1,1,2
ga,13057091101,13067031216,7,7,9,10,1,1,1,4
ga,13057091104,13067030344,3,3,6,7,0,0,0,2
ga,13057091105,13067030247,3,3,3,3,0,0,0,0
ga,13057091108,13067030247,4,4,5,4,0,0,0,0
ga,13057091108,13067031216,4,4,6,7,0,0,0,2
ga,13059000402,13063040410,14,16,17,17,0,0,0,6
ga,13059001900,13059000900,1,1,1,1,0,0,0,0
ga,13059001900,13121011306,13,12,14,17,0,0,0,6
ga,13059030102,13121011306,14,13,15,18,0,0,0,6
ga,13059030200,13059130701,1,1,1,2,0,0,0,1
ga,13059130300,13059001800,0,0,0,0,0,0,0,0
ga,13059130400,13211010302,3,3,3,3,0,0,0,0
ga,13059130500,13059000900,0,0,0,0,0,0,0,0
ga,13059130500,13151070411,21,24,25,26,0,1,1,4
ga,13059130601,13121011641,17,26,29,28,1,2,4,10
ga,13059130702,13119890402,6,6,6,6,0,0,0,0
ga,13059140300,13059140400,0,0,0,0,0,0,0,0
ga,13059140400,13135050633,10,13,14,15,0,0,0,3
ga,13059140500,13059150701,2,2,2,2,0,0,0,0
ga,13059150400,13157010500,7,7,8,7,0,0,0,0
ga,13059150600,13219030201,0,0,0,0,0,0,0,0
ga,13059150900,13121010313,6,9,15,18,0,0,0,5
ga,13063040203,13121010133,4,7,7,8,1,1,1,2
ga,13063040302,13089023410,2,1,1,1,0,0,0,0
ga,13063040407,13121010604,4,6,7,7,0,0,0,0
ga,13063040410,13135050113,2,2,2,5,1,1,1,4
ga,13063040421,13089021204,12,14,15,15,0,0,0,3
ga,13063040423,13089023410,0,0,0,0,0,0,0,0
ga,13063040425,13063040609,0,0,0,0,0,0,0,0
ga,13063040427,13121003500,3,4,4,4,0,0,0,0
ga,13063040509,13121003500,6,6,6,7,0,0,0,1
ga,13063040509,13121011647,5,6,6,10,2,2,2,6
ga,13063040510,13113140210,8,12,12,12,1,1,1,1
ga,13063040512,13067031221,7,7,7,8,0,0,0,2
ga,13063040518,13119890101,4,4,4,10,0,0,0,7
ga,13063040519,13063040202,1,1,1,1,0,0,0,0
ga,13063040519,13067030278,4,6,6,6,0,0,0,3
ga,13063040519,13121000400,9,9,9,9,0,0,0,1
ga,13063040522,13121003800,4,5,5,5,0,0,0,0
ga,13063040523,13151070313,2,2,2,2,0,0,0,2
ga,13063040525,13063040309,3,5,5,5,0,0,0,0
ga,13063040529,13021013407,17,24,27,32,1,1,1,1
ga,13063040531,13063980000,2,2,2,2,0,0,0,0
ga,13063040606,13121011901,7,8,10,10,0,0,0,0
ga,13063040615,13063040422,7,11,12,14,0,0,0,0
ga,13063040615,13255161100,5,7,7,7,0,0,0,1
ga,13063040617,13121001102,5,5,5,5,1,1,1,1
ga,13063040626,13121010533,3,4,4,4,0,0,0,1
ga,13063040627,13067031216,8,8,9,10,0,0,0,1
ga,13063040630,13063040417,0,0,0,0,0,0,0,0
ga,13063040630,13121010520,4,5,5,5,0,0,0,0
ga,13063040630,13121010604,6,6,7,7,0,0,0,0
ga,13063040631,13121010132,5,8,10,11,0,0,0,4
ga,13063040633,13121009202,8,8,8,8,0,0,0,0
ga,13063040636,13063040302,3,5,7,7,0,0,0,0
ga,13063040636,13089023444,5,6,6,6,0,0,0,0
ga,13067030104,13121011306,5,6,9,10,1,1,1,5
ga,13067030109,13121010223,7,9,9,12,2,2,2,5
ga,13067030110,13073030105,9,14,22,26,1,1,1,5
ga,13067030111,13067030108,3,3,3,3,0,0,0,0
ga,13067030111,13089021226,8,9,10,15,4,3,3,9
ga,13067030112,13121011445,3,3,3,3,1,1,1,1
ga,13067030235,13015960801,9,9,11,11,3,3,3,3
ga,13067030240,13117130603,12,16,18,17,0,0,1,3
ga,13067030244,13067030247,3,3,3,3,0,0,0,1
ga,13067030245,13067030348,2,3,3,3,1,1,1,2
ga,13067030245,13121010133,5,8,10,11,2,2,2,5
ga,13067030246,13067030278,1,1,1,1,0,0,0,0
ga,13067030247,13121011618,7,10,11,11,0,0,1,3
ga,13067030252,13067031516,1,1,1,1,0,0,0,0
ga,13067030253,13067031215,5,5,5,5,0,0,0,0
ga,13067030253,13121001802,12,14,14,17,0,0,0,3
ga,13067030255,13067030334,2,6,8,7,0,0,0,0
ga,13067030258,13015960804,3,3,5,5,0,0,1,1
ga,13067030258,13067031216,15,20,20,21,0,0,0,2
ga,13067030259,13057091001,2,3,5,5,0,1,1,1
ga,13067030259,13067030248,4,4,4,4,0,0,0,1
ga,13067030259,13121011639,9,11,11,10,0,0,1,4
ga,13067030260,13113140303,14,23,25,25,0,0,0,5
ga,13067030262,13067030368,2,2,3,2,0,0,0,0
ga,13067030265,13121011901,4,5,6,10,0,0,0,3
ga,13067030268,13067030602,6,7,6,6,0,0,1,1
ga,13067030271,13215010108,9,10,13,13,0,0,0,1
ga,13067030273,13067030414,4,5,6,8,0,0,0,5
ga,13067030273,13067030507,0,0,1,1,0,0,0,0
ga,13067030275,13067030327,0,0,0,0,0,0,0,0
ga,13067030276,13067030602,6,7,6,6,0,0,1,1
ga,13067030324,13097080107,15,17,20,20,0,0,0,1
ga,13067030324,13121001002,3,2,3,5,0,0,0,2
ga,13067030326,13067030340,0,0,0,0,0,0,0,0
ga,13067030326,13121011647,4,5,5,4,1,1,1,2
ga,13067030327,13067031216,1,3,4,5,0,0,0,3
ga,13067030327,13067031412,10,14,15,15,0,0,0,2
ga,13067030334,13121011636,10,11,11,12,0,0,1,3
ga,13067030337,13121005800,23,26,29,29,0,0,0,2
ga,13067030342,13089021415,14,17,18,19,0,0,0,3
ga,13067030342,13121011646,2,4,4,3,0,0,0,2
ga,13067030343,13277960402,41,54,60,65,0,0,0,7
ga,13067030345,13063980000,1,1,3,4,1,1,1,3
ga,13067030345,13067031216,2,2,3,3,1,1,1,3
ga,13067030350,13067030344,0,0,1,2,0,0,0,1
ga,13067030350,13121001002,4,5,5,7,0,0,0,2
ga,13067030351,13067030319,0,0,0,0,0,0,0,0
ga,13067030351,13121009504,4,4,4,5,0,0,0,2
ga,13067030354,13121011649,17,20,25,25,2,2,2,5
ga,13067030356,13067030355,1,1,1,1,1,1,1,1
ga,13067030356,13151070114,10,11,13,18,1,1,1,2
ga,13067030361,13067030332,0,1,2,2,0,0,0,0
ga,13067030369,13121010133,2,4,5,5,1,2,2,4
ga,13067030370,13067031322,12,15,16,18,1,1,1,4
ga,13067030370,13121001205,23,25,27,27,1,1,1,5
ga,13067030409,13067030506,3,3,3,4,0,0,0,0
ga,13067030410,13121001902,2,3,4,6,0,0,0,2
ga,13067030410,13121010132,6,8,8,9,1,1,1,4
ga,13067030414,13121010204,3,3,3,6,1,1,1,5
ga,13067030507,13121980000,8,11,12,15,0,0,0,3
ga,13067030509,13067031001,6,6,6,7,0,0,0,0
ga,13067030603,13067030247,1,1,2,2,0,0,0,0
ga,13067030603,13135050627,3,4,8,15,0,0,0,6
ga,13067030604,13121011901,6,8,9,13,0,0,0,2
ga,13067030908,13223120205,1,1,1,1,0,0,0,0
ga,13067030911,13067030505,4,4,4,4,0,0,0,0
ga,13067030912,13057090301,5,7,9,9,4,4,4,5
ga,13067030912,13057091001,4,4,4,4,0,0,0,1
ga,13067031005,13067031411,2,3,4,5,0,1,1,1
ga,13067031101,13089021415,18,23,23,23,0,0,0,3
ga,13067031101,13135050326,19,23,25,29,0,0,0,5
ga,13067031115,13067031001,8,9,9,9,0,0,0,0
ga,13067031115,13121011901,8,8,8,8,0,0,0,2
ga,13067031117,13121001102,5,6,6,7,0,0,0,1
ga,13067031119,13067030345,8,11,11,11,0,0,0,0
ga,13067031214,13089021816,4,4,7,11,0,0,0,2
ga,13067031215,13121001902,7,7,7,7,0,0,0,0
ga,13067031216,13117130601,7,10,13,17,2,2,2,5
ga,13067031217,13067030603,10,12,13,12,0,0,0,0
ga,13067031217,13135050520,5,8,11,16,0,0,0,4
ga,13067031220,13121006400,2,2,3,3,0,0,0,2
ga,13067031221,13067030111,10,12,15,15,2,2,2,4
ga,13067031221,13121010006,6,7,8,7,1,1,1,3
ga,13067031308,13063040410,5,6,6,6,0,0,0,1
ga,13067031308,13067031120,0,1,1,1,0,0,0,0
ga,13067031314,13089021712,12,12,12,13,0,0,0,1
ga,13067031317,13067030700,3,4,4,5,0,0,0,1
ga,13067031319,13067030278,6,8,8,8,0,0,0,3
ga,13067031320,13067031216,7,9,9,10,0,0,0,0
ga,13067031320,13067031321,1,1,1,1,0,0,0,0
ga,13067031323,13123080301,17,21,25,27,1,1,1,3
ga,13067031324,13067030355,2,2,5,6,0,0,0,2
ga,13067031409,13067030332,8,10,10,10,0,0,0,1
ga,13067031409,13067030345,13,18,19,20,1,1,1,3
ga,13067031410,13121010312,16,20,22,22,0,0,0,2
ga,13067031416,13067030278,3,3,3,3,0,0,0,0
ga,13067031511,13121011634,27,32,32,32,2,2,2,8
ga,13067031513,13067030247,2,2,2,2,0,0,0,0
ga,13067031516,13067030912,2,3,3,3,0,0,0,0
ga,13069010100,13155950201,0,0,0,0,0,0,0,0
ga,13069010402,13069010401,0,0,0,0,0,0,0,0
ga,13069010600,13069010500,0,0,0,0,0,0,0,0
ga,13069010801,13069010401,5,5,5,5,0,0,0,0
ga,13069010801,13069010802,0,0,0,0,0,0,0,0
ga,13071970500,13071970601,2,2,3,3,0,0,0,0
ga,13071970602,13275960900,5,6,8,8,0,0,0,0
ga,13071970703,13275960300,1,2,4,4,0,0,0,0
ga,13071970704,13071970602,2,2,2,2,0,0,0,0
ga,13071970901,13071970602,2,2,2,2,0,0,0,0
ga,13073030105,13245010203,7,7,8,8,0,0,0,1
ga,13073030108,13073030103,0,0,0,0,0,0,0,0
ga,13073030304,13059130500,5,6,7,7,0,0,0,2
ga,13073030304,13073030105,3,3,3,3,0,0,0,0
ga,13073030304,13121010004,43,44,45,48,3,3,3,11
ga,13073030304,13245010802,6,6,6,6,0,0,0,0
ga,13073030308,13001950100,13,16,16,16,0,1,1,1
ga,13073030308,13245001000,2,2,3,3,0,0,0,3
ga,13073030313,13245001000,5,6,9,9,0,0,0,1
ga,13073030503,13073030504,0,0,0,0,0,0,0,0
ga,13077170101,13077170404,4,6,10,10,2,2,2,2
ga,13077170102,13077170307,2,2,2,2,0,0,0,0
ga,13077170102,13077170308,1,1,1,1,0,0,0,0
ga,13077170102,13077170310,2,4,7,7,1,1,1,2
ga,13077170200,13247060305,6,9,14,15,2,2,3,3
ga,13077170200,13255161202,12,14,15,16,4,4,4,4
ga,13077170303,13077170304,0,0,0,0,0,0,0,0
ga,13077170307,13089021227,3,6,8,11,1,1,1,5
ga,13077170308,13077170307,1,1,1,1,0,0,0,0
ga,13077170308,13077170310,3,5,8,8,1,2,4,5
ga,13077170405,13077170308,7,7,7,8,0,0,0,0
ga,13077170406,13089022404,5,6,6,6,2,2,2,4
ga,13077170408,13121007711,1,2,2,2,2,2,2,2
ga,13077170408,13285961000,3,3,3,3,0,0,0,2
ga,13077170501,13077170404,2,2,2,2,0,0,0,0
ga,13077170502,13077170603,2,2,2,3,0,0,0,0
ga,13077170503,13113140404,4,4,5,5,0,0,0,0
ga,13077170605,13045910103,5,6,6,6,1,2,2,2
ga,13077170606,13135050453,9,11,12,15,2,3,3,4
ga,13077170702,13077170308,2,2,2,2,1,1,1,1
ga,13077170702,13077170701,1,1,1,1,1,1,1,1
ga,13077170801,13067030700,11,17,18,21,2,3,3,6
ga,13077170801,13077170307,0,0,0,0,0,0,0,0
ga,13077170802,13145120198,1,2,2,2,0,0,0,0
ga,13079070201,13067031207,36,48,52,57,1,2,2,5
ga,13081010201,13081010202,0,0,0,0,0,0,0,0
ga,13081010400,13081010300,0,0,0,0,0,0,0,0
ga,13083040200,13121009601,11,12,13,14,1,1,1,4
ga,13085970103,13121011901,6,9,13,17,1,1,1,4
ga,13085970203,13117130202,2,2,5,4,0,0,0,0
ga,13085970206,13121010133,1,3,6,8,1,1,1,2
ga,13085970206,13121011652,0,2,4,4,0,0,0,0
ga,13087970200,13153021204,13,18,18,20,0,0,0,1
ga,13089020802,13089023801,0,0,0,0,0,0,0,0
ga,13089021103,13121011802,19,19,19,20,1,1,1,2
ga,13089021210,13135050205,11,11,11,11,1,1,1,7
ga,13089021217,13135050241,8,8,10,13,2,2,2,8
ga,13089021219,13121010133,8,7,7,5,0,0,0,0
ga,13089021221,13121009104,21,22,23,23,2,2,2,5
ga,13089021224,13121007705,16,18,20,21,1,1,1,3
ga,13089021226,13121011421,8,9,10,11,2,2,3,7
ga,13089021226,13121011652,8,8,9,11,1,1,2,6
ga,13089021227,13089021230,1,1,1,1,0,0,0,0
ga,13089021301,13121002100,11,13,14,15,0,0,0,3
ga,13089021305,13121010127,9,11,12,12,1,1,1,5
ga,13089021305,13121010204,0,1,1,5,1,1,1,5
ga,13089021307,13121008802,7,11,10,10,0,0,0,2
ga,13089021308,13051003301,42,56,61,68,0,0,1,7
ga,13089021410,13089021226,14,16,16,16,3,2,2,10
ga,13089021417,13089022404,3,3,4,4,0,0,0,1
ga,13089021419,13067031207,18,18,18,18,0,0,0,0
ga,13089021502,13135050537,5,5,5,8,0,0,0,3
ga,13089021503,13089022404,1,1,1,1,0,0,0,0
ga,13089021503,13121010007,10,10,8,8,0,0,0,1
ga,13089021606,13089021301,8,10,10,10,0,0,0,3
ga,13089021710,13121009606,3,4,5,5,0,0,0,1
ga,13089021712,13135050308,6,8,8,8,1,1,1,7
ga,13089021813,13121011100,9,12,14,15,0,0,0,4
ga,13089021818,13121008905,7,7,7,7,0,0,0,0
ga,13089021821,13135050529,4,7,8,7,0,0,0,2
ga,13089021910,13089021908,2,3,3,3,0,0,0,1
ga,13089021912,13121005000,15,16,16,19,0,0,0,1
ga,13089022001,13089021506,2,2,2,2,0,0,0,0
ga,13089022005,13121009405,12,13,13,13,0,0,0,5
ga,13089022010,13089023214,17,17,17,18,0,0,0,2
ga,13089022010,13135050437,13,14,14,12,0,0,0,2
ga,13089022100,13121010603,5,5,5,5,0,0,0,2
ga,13089022302,13121010006,17,17,15,13,0,0,0,1
ga,13089022302,13121010133,22,22,20,20,1,1,1,6
ga,13089022403,13121000400,4,4,4,4,0,0,0,0
ga,13089022502,13089023444,4,4,3,4,0,0,0,0
ga,13089022700,13067031216,8,9,9,10,0,0,0,2
ga,13089023112,13121009202,12,12,12,12,0,0,0,1
ga,13089023211,13089021415,32,33,32,30,0,0,0,5
ga,13089023211,13089022014,8,9,9,9,0,0,0,4
ga,13089023213,13121007603,8,8,8,8,0,0,0,1
ga,13089023214,13089022501,18,18,18,19,0,0,0,2
ga,13089023214,13121001802,4,4,4,5,0,0,0,2
ga,13089023215,13121011647,16,17,17,18,2,2,2,9
ga,13089023217,13089022404,18,18,18,18,0,0,0,3
ga,13089023221,13089021823,5,7,7,7,0,0,0,0
ga,13089023222,13121001902,11,15,15,17,0,0,0,3
ga,13089023311,13121011901,12,15,15,17,0,0,0,4
ga,13089023317,13121011434,23,25,26,24,2,2,2,9
ga,13089023318,13089023434,1,1,1,1,0,0,0,0
ga,13089023319,13059150500,8,9,12,13,0,0,0,1
ga,13089023319,13063040522,2,2,2,2,0,0,0,1
ga,13089023319,13121005300,2,2,2,2,0,0,0,1
ga,13089023323,13121008802,15,19,19,19,0,0,0,4
ga,13089023325,13063040410,1,1,1,2,0,0,0,1
ga,13089023325,13089021230,10,10,10,19,0,0,0,7
ga,13089023325,13135050556,8,8,8,8,0,0,0,4
ga,13089023328,13135050459,4,4,4,4,0,0,0,1
ga,13089023332,13089020901,12,12,12,12,0,0,0,2
ga,13089023332,13089021818,3,3,3,3,0,0,0,1
ga,13089023411,13067030278,4,6,6,6,0,0,0,3
ga,13089023411,13089023410,0,0,0,0,0,0,0,0
ga,13089023425,13121009606,17,19,19,19,0,1,1,4
ga,13089023427,13121008500,2,2,3,4,0,0,0,2
ga,13089023434,13121009504,20,23,25,25,0,0,0,3
ga,13089023442,13121011901,3,3,3,4,0,0,0,3
ga,13089023443,13089021301,3,3,3,4,0,0,0,3
ga,13089023501,13089023214,15,15,15,15,0,0,0,0
ga,13089023504,13151070114,2,2,3,6,0,0,0,0
ga,13089023506,13121010129,28,28,27,26,0,0,0,6
ga,13089023507,13135050415,10,13,13,13,1,1,1,5
ga,13089023603,13067030334,36,38,37,35,0,0,0,2
ga,13089023603,13121005501,3,3,3,3,0,0,0,0
ga,13089023802,13247060311,4,4,7,7,0,0,0,1
ga,13091960100,13261950700,2,2,2,2,0,0,0,0
ga,13091960301,13023790301,1,1,1,1,0,0,0,0
ga,13091960301,13069010801,3,3,3,3,0,0,0,0
ga,13091960301,13185010302,4,4,5,6,0,0,0,2
ga,13093970100,13153021502,0,0,0,0,0,0,0,0
ga,13093970200,13215010304,6,7,7,7,2,2,2,3
ga,13093970300,13177020302,1,2,3,2,0,1,1,1
ga,13095000101,13121011644,41,59,64,71,3,5,5,15
ga,13095000400,13095000502,0,1,1,1,0,0,0,0
ga,13095000400,13095011400,1,1,1,1,0,0,0,0
ga,13095000400,13177020102,3,3,3,3,1,2,2,3
ga,13095001100,13095001403,0,0,0,0,0,0,0,0
ga,13095010302,13095011400,1,1,1,1,0,0,0,0
ga,13095010403,13095011200,2,2,2,2,0,0,0,0
ga,13097080107,13021012600,33,46,60,67,0,0,0,3
ga,13097080201,13057090704,7,9,12,11,0,0,0,2
ga,13097080203,13063040306,3,5,9,10,2,2,2,3
ga,13097080203,13121007805,3,3,4,5,1,1,1,3
ga,13097080204,13135050306,20,22,24,26,1,1,1,4
ga,13097080304,13015960701,6,7,9,10,0,0,1,2
ga,13097080304,13217100400,6,7,13,13,1,1,1,5
ga,13097080306,13097080304,1,1,1,1,0,0,0,0
ga,13097080306,13097080605,4,6,6,5,0,0,0,0
ga,13097080405,13063040417,8,8,10,10,0,1,1,1
ga,13097080405,13135050461,27,27,29,30,3,2,2,9
ga,13097080407,13121008202,2,3,6,7,1,1,1,5
ga,13097080505,13045910203,3,4,4,4,1,1,1,1
ga,13097080505,13067031417,4,4,5,5,0,0,0,0
ga,13097080508,13067030700,15,17,19,21,0,0,1,2
ga,13097080512,13067030602,21,23,25,27,0,0,2,3
ga,13097080602,13121000202,4,5,5,5,0,0,0,0
ga,13097080602,13135050752,32,35,35,35,0,0,0,3
ga,13097080605,13089023506,3,3,4,5,1,1,1,4
ga,13097080607,13045910900,5,8,9,10,1,1,1,2
ga,13097080608,13215010205,6,6,7,8,0,0,0,0
ga,13099090400,13045910708,15,17,19,21,1,1,1,3
ga,13099090400,13099090200,2,2,2,2,0,0,0,0
ga,13103030204,13051004500,8,11,11,12,1,1,1,4
ga,13103030301,13031110301,7,7,7,7,1,1,1,2
ga,13103030301,13103030207,2,2,2,2,1,1,1,1
ga,13103030301,13103030309,3,3,3,5,0,0,0,0
ga,13103030303,13103030205,1,1,1,1,0,0,0,0
ga,13103030308,13067030278,41,59,65,71,2,2,2,12
ga,13103030309,13121011627,20,27,30,31,2,4,5,10
ga,13103030403,13103030401,0,0,0,0,0,0,0,0
ga,13105000300,13105000400,0,0,0,0,0,0,0,0
ga,13105000300,13255160500,23,27,29,29,1,3,4,7
ga,13109970300,13057091001,35,51,56,61,0,0,0,6
ga,13113140204,13067031207,2,2,2,3,0,0,0,1
ga,13113140207,13077170406,3,5,5,5,1,1,1,1
ga,13113140207,13285960600,6,8,8,11,2,4,4,4
ga,13113140305,13255160701,1,2,2,2,0,0,0,0
ga,13113140309,13121004300,8,10,11,12,0,0,0,0
ga,13113140404,13063040306,3,4,5,5,0,0,0,0
ga,13113140404,13067030353,14,14,14,20,0,0,0,3
ga,13113140404,13121010133,6,9,10,11,1,1,1,2
ga,13113140405,13113140404,2,2,2,2,0,0,0,0
ga,13113140406,13089023444,7,7,9,9,0,0,0,0
ga,13113140408,13113140303,4,4,5,6,0,0,0,0
ga,13113140410,13121003500,6,7,7,7,0,0,0,0
ga,13115000100,13115000500,1,1,1,1,0,0,0,0
ga,13115000202,13129970601,2,2,2,2,0,0,0,0
ga,13115000204,13129970400,3,4,5,5,0,0,0,0
ga,13115000500,13129970602,1,2,4,4,0,0,0,1
ga,13115000600,13115000100,0,0,1,1,0,0,0,1
ga,13115000600,13223120110,4,6,7,8,0,0,0,1
ga,13115000700,13121010312,16,20,21,24,0,0,0,2
ga,13115000700,13129970602,1,2,3,3,0,0,0,0
ga,13115000800,13115002100,3,3,3,3,0,0,0,0
ga,13115000800,13143010100,3,4,5,5,0,0,0,1
ga,13115001400,13067031412,15,22,22,21,0,0,0,2
ga,13115001600,13121009105,11,15,15,20,0,1,1,5
ga,13115001704,13115001800,0,0,0,0,0,0,0,0
ga,13115001705,13115001800,0,0,0,0,0,0,0,0
ga,13117130101,13121011652,0,2,2,3,0,0,0,0
ga,13117130103,13089021230,2,4,6,10,0,0,0,2
ga,13117130103,13121011416,4,7,7,8,0,0,0,1
ga,13117130104,13117130105,0,0,0,0,0,0,0,0
ga,13117130201,13051010704,29,37,42,41,2,3,4,8
ga,13117130202,13135050542,24,32,35,37,0,0,0,3
ga,13117130202,13135050627,10,13,15,15,1,2,2,4
ga,13117130205,13121011652,0,2,2,3,0,0,0,0
ga,13117130301,13117130410,0,0,0,0,0,0,0,0
ga,13117130301,13121009504,9,11,14,16,1,1,1,5
ga,13117130301,13135050215,21,27,30,31,1,1,2,7
ga,13117130305,13057090708,6,6,6,6,2,2,2,2
ga,13117130307,13067031101,20,22,24,28,0,0,0,4
ga,13117130307,13117130601,3,3,3,3,0,0,0,0
ga,13117130307,13135050437,28,34,39,40,1,1,1,6
ga,13117130307,13135050449,27,36,41,39,2,2,2,7
ga,13117130406,13117130509,0,0,0,0,0,0,0,0
ga,13117130409,13117130613,9,13,13,14,0,0,0,1
ga,13117130410,13067031116,18,20,22,26,0,0,0,4
ga,13117130412,13057090503,1,1,1,2,1,1,1,2
ga,13117130412,13121001205,10,12,16,18,1,1,1,5
ga,13117130412,13121008903,15,17,21,23,1,1,1,5
ga,13117130414,13135050324,19,25,28,29,1,1,2,3
ga,13117130505,13135050234,18,24,27,29,0,1,2,2
ga,13117130508,13117130409,1,1,1,1,0,0,0,0
ga,13117130512,13121010133,2,4,5,7,1,1,1,2
ga,13117130512,13121011652,1,3,3,3,0,0,0,0
ga,13117130512,13121011901,5,8,12,15,1,1,1,4
ga,13117130602,13121011647,5,5,5,5,0,0,0,1
ga,13117130603,13121011652,1,3,3,3,0,0,0,0
ga,13117130604,13067031207,15,17,20,24,2,2,2,8
ga,13117130606,13067030278,22,29,30,27,0,0,1,8
ga,13117130607,13067030110,21,27,30,27,0,0,0,2
ga,13117130608,13121001001,16,19,24,25,2,2,3,10
ga,13117130611,13089021230,15,15,19,19,0,0,0,1
ga,13117130614,13135050308,7,7,10,10,1,1,2,3
ga,13119890201,13067030800,3,4,6,17,1,1,1,12
ga,13119890202,13119890101,1,1,1,1,0,0,0,1
ga,13119890401,13121000400,6,7,9,12,1,1,1,6
ga,13121001001,13121010133,12,14,15,14,1,1,1,2
ga,13121001102,13121010006,4,5,6,6,0,0,0,0
ga,13121001206,13067030353,1,2,2,4,0,0,0,2
ga,13121001206,13089022404,3,3,3,3,0,0,0,1
ga,13121001206,13121009802,0,0,0,0,0,0,0,0
ga,13121001502,13121001302,1,1,1,1,0,0,0,0
ga,13121001702,13121001501,0,0,0,0,0,0,0,0
ga,13121002500,13121001902,1,1,1,1,0,0,0,0
ga,13121002900,13067030345,1,2,2,3,0,0,0,1
ga,13121003100,13121000400,2,2,2,2,0,0,0,1
ga,13121004200,13089021708,4,4,3,3,0,0,0,0
ga,13121005000,13121005200,1,1,1,1,0,0,0,0
ga,13121006300,13121008905,4,4,4,4,0,0,0,0
ga,13121006500,13067030345,9,11,11,11,0,0,0,0
ga,13121006500,13121000501,9,9,9,9,0,0,0,0
ga,13121007001,13151070113,2,4,4,4,0,0,0,2
ga,13121007400,13121010521,0,0,1,1,0,0,1,1
ga,13121007604,13121005504,3,4,4,4,0,0,0,0
ga,13121008103,13021013603,24,34,48,56,0,0,0,2
ga,13121008302,13121003500,4,4,4,4,0,0,0,0
ga,13121008500,13121009606,12,12,13,12,0,0,0,1
ga,13121008500,13121011306,2,3,3,3,0,0,0,1
ga,13121008801,13015960602,5,6,5,8,0,0,0,3
ga,13121008906,13135050437,9,9,9,10,2,2,2,5
ga,13121009002,13121010003,2,2,2,3,0,0,0,1
ga,13121009002,13129970301,5,6,6,7,0,0,0,2
ga,13121009103,13121001902,1,2,2,3,0,0,0,0
ga,13121009105,13217100302,5,8,13,14,1,2,2,4
ga,13121009106,13067031207,5,5,5,5,1,1,1,1
ga,13121009405,13089020901,6,6,6,6,0,0,0,0
ga,13121009405,13121000501,0,0,0,0,0,0,0,0
ga,13121009405,13121007705,2,3,5,6,0,0,0,0
ga,13121009406,13067030344,9,11,13,13,0,0,0,0
ga,13121009406,13089021711,0,0,0,1,0,0,0,1
ga,13121009410,13121011637,10,11,11,12,1,1,1,6
ga,13121009411,13089021226,15,15,16,18,1,1,1,4
ga,13121009504,13067030235,14,16,18,19,0,0,0,1
ga,13121009504,13121009803,2,2,2,2,0,0,0,0
ga,13121009604,13121009607,5,5,5,4,1,1,1,1
ga,13121009605,13089023441,15,16,17,17,0,0,1,4
ga,13121009605,13121006900,5,5,5,5,0,0,0,1
ga,13121009607,13067030355,16,16,16,17,0,0,0,1
ga,13121009700,13121010003,5,5,5,6,0,0,0,1
ga,13121009803,13089021208,16,18,18,19,0,0,0,3
ga,13121009804,13121001102,2,2,2,2,0,0,0,0
ga,13121010004,13121010217,11,12,13,14,1,1,1,5
ga,13121010006,13121010127,1,2,2,3,1,1,1,2
ga,13121010133,13121001001,13,13,14,13,0,0,0,2
ga,13121010133,13135050441,8,11,14,17,2,2,2,7
ga,13121010204,13135050520,3,4,6,10,1,1,1,4
ga,13121010217,13121000400,8,11,16,17,1,1,1,5
ga,13121010217,13121011649,14,16,17,18,4,4,5,7
ga,13121010218,13121011636,4,4,4,5,1,1,2,3
ga,13121010219,13089022404,7,9,13,14,0,0,0,3
ga,13121010222,13121011510,14,16,17,18,3,3,4,6
ga,13121010305,13121006900,1,1,1,1,0,0,0,0
ga,13121010306,13067030344,1,1,1,4,0,0,0,3
ga,13121010309,13063980000,0,0,1,2,0,0,0,1
ga,13121010310,13063040512,5,5,6,7,0,0,0,0
ga,13121010311,13121001101,3,3,3,3,1,1,1,1
ga,13121010311,13121010007,8,8,9,8,1,1,1,1
ga,13121010314,13089022203,6,6,6,7,0,0,0,2
ga,13121010315,13089023108,1,2,3,4,0,1,1,1
ga,13121010517,13063040202,3,3,3,4,0,0,0,0
ga,13121010519,13067031321,4,5,6,7,0,0,0,2
ga,13121010520,13121009606,15,16,17,18,0,0,0,1
ga,13121010523,13121012300,4,4,5,5,0,0,0,1
ga,13121010526,13151070316,16,21,32,36,0,1,1,4
ga,13121010529,13057090807,5,7,9,12,0,0,0,4
ga,13121010531,13089023218,8,9,9,9,3,3,3,4
ga,13121010532,13097080304,2,2,2,2,0,0,0,0
ga,13121010533,13067030700,11,14,14,16,0,0,0,3
ga,13121010535,13121980000,3,3,3,3,0,0,0,0
ga,13121010536,13067030602,23,29,31,34,0,0,1,5
ga,13121010601,13121005501,1,1,1,1,0,0,0,0
ga,13121010601,13135050336,16,19,20,22,0,0,0,6
ga,13121011100,13121009700,1,1,1,2,0,0,0,1
ga,13121011301,13063040407,4,5,5,6,0,0,0,0
ga,13121011301,13121010313,2,2,2,2,0,0,0,0
ga,13121011307,13067031221,3,3,3,4,0,0,0,1
ga,13121011310,13121007705,1,2,2,2,0,0,0,1
ga,13121011416,13067031119,14,19,20,21,0,0,0,1
ga,13121011416,13121011901,7,9,13,15,1,1,1,5
ga,13121011417,13121010204,7,8,8,8,1,1,1,3
ga,13121011419,13089021708,17,17,18,19,1,1,1,4
ga,13121011421,13121011510,4,4,4,3,0,0,0,0
ga,13121011421,13121011640,2,3,4,4,0,0,1,1
ga,13121011423,13117130406,5,7,7,9,0,0,1,3
ga,13121011423,13121010127,5,5,5,5,0,0,0,2
ga,13121011423,13121011901,11,13,16,18,0,1,1,5
ga,13121011426,13121003000,13,15,19,20,2,2,2,5
ga,13121011428,13121011416,8,8,8,8,0,0,0,2
ga,13121011434,13135050306,10,11,11,11,3,3,3,5
ga,13121011435,13121010137,15,15,17,19,4,4,4,7
ga,13121011439,13067031216,13,14,15,17,3,3,3,13
ga,13121011444,13121010003,20,25,24,24,1,2,2,5
ga,13121011446,13135050520,19,26,26,26,1,1,1,7
ga,13121011507,13117130601,2,2,2,2,0,0,0,1
ga,13121011507,13121011642,2,2,2,2,0,0,0,0
ga,13121011510,13135050205,11,16,18,17,1,1,1,1
ga,13121011514,13121008905,17,16,20,22,2,2,2,5
ga,13121011624,13121011637,11,14,14,12,0,0,1,5
ga,13121011628,13121010129,7,9,12,17,0,0,0,5
ga,13121011629,13089021230,11,11,14,14,0,0,0,2
ga,13121011632,13089021301,5,7,11,12,3,3,3,8
ga,13121011635,13121001902,13,17,22,24,3,3,3,10
ga,13121011638,13067031216,15,14,17,20,2,2,2,8
ga,13121011642,13089021230,7,6,8,11,0,0,0,1
ga,13121011642,13121011646,3,3,3,5,0,0,0,0
ga,13121011643,13139001607,10,12,13,14,0,0,0,2
ga,13121011645,13121001902,1,2,6,9,1,1,1,4
ga,13121011647,13121000400,6,9,13,14,2,2,2,5
ga,13121011651,13121011637,2,2,2,2,0,0,0,0
ga,13121011657,13067030602,14,20,23,27,1,2,3,5
ga,13121011658,13121009606,16,22,25,28,1,1,1,8
ga,13121011658,13121009803,22,27,30,32,1,1,1,7
ga,13121011659,13121011642,5,8,9,9,0,0,0,0
ga,13121011660,13121001002,8,7,10,13,2,2,2,5
ga,13121011802,13135050744,20,22,22,22,0,0,0,3
ga,13123080200,13111050500,2,3,3,3,0,0,0,0
ga,13123080301,13297110102,26,31,35,35,1,1,1,1
ga,13123080302,13123080301,2,3,3,3,0,0,0,0
ga,13127000301,13001950301,12,13,13,13,6,7,7,7
ga,13127000303,13127000501,3,3,3,3,1,2,2,3
ga,13127000403,13051010821,7,9,10,11,0,0,0,0
ga,13127000403,13089022601,47,63,67,72,1,1,1,3
ga,13127000403,13127000503,0,0,0,0,0,0,0,0
ga,13127000409,13021012600,13,15,15,16,1,1,1,1
ga,13127000504,13277960500,15,14,15,15,1,1,1,1
ga,13127000601,13127000405,2,2,2,2,0,0,0,0
ga,13127000702,13127000202,2,3,3,3,1,2,2,2
ga,13129970202,13123080402,0,0,0,0,0,0,0,0
ga,13129970901,13115001100,2,4,4,4,0,0,0,0
ga,13133950301,13063040529,11,16,19,21,2,2,2,8
ga,13133950302,13133950305,0,0,0,0,0,0,0,0
ga,13135050112,13135050529,3,4,4,4,0,1,1,1
ga,13135050115,13115001100,19,29,33,34,0,0,1,10
ga,13135050118,13089021301,4,9,9,12,1,2,2,8
ga,13135050118,13117130609,1,2,3,3,0,0,0,0
ga,13135050215,13135050219,6,7,7,7,0,0,0,1
ga,13135050221,13121011647,11,17,18,17,0,1,2,4
ga,13135050223,13117130608,1,1,1,1,0,0,0,0
ga,13135050223,13121011631,3,3,4,4,0,0,0,0
ga,13135050223,13135050750,9,12,12,14,0,0,0,4
ga,13135050225,13089022401,2,4,6,8,1,1,1,3
ga,13135050225,13135050569,3,4,4,4,1,1,1,3
ga,13135050226,13121011652,11,14,15,14,1,1,1,1
ga,13135050227,13135050324,1,1,1,1,0,0,0,0
ga,13135050229,13089022502,3,3,4,7,2,2,2,4
ga,13135050231,13067031207,9,13,14,21,1,1,1,13
ga,13135050231,13117130410,3,3,4,4,1,1,1,1
ga,13135050231,13117130604,8,9,9,8,1,1,1,1
ga,13135050231,13121010133,12,15,15,18,2,2,2,11
ga,13135050232,13135050231,0,0,0,0,0,0,0,0
ga,13135050233,13121011640,7,11,12,12,0,1,2,2
ga,13135050234,13135050229,5,6,7,8,0,0,1,4
ga,13135050234,13135050521,10,13,13,13,0,1,2,2
ga,13135050235,13135050229,5,6,6,7,0,0,0,3
ga,13135050242,13067030414,8,15,16,27,2,3,3,14
ga,13135050243,13135050542,5,4,4,6,1,1,1,5
ga,13135050244,13135050114,1,2,2,2,0,0,0,0
ga,13135050311,13121001902,3,6,9,10,1,1,1,6
ga,13135050311,13135050238,6,6,6,6,0,0,0,3
ga,13135050321,13121000201,11,14,15,16,1,1,1,7
ga,13135050321,13121010133,7,8,8,8,1,1,1,3
ga,13135050322,13121000501,11,14,15,17,1,1,1,8
ga,13135050322,13135050563,9,13,13,14,1,1,1,9
ga,13135050326,13135050311,2,2,2,2,1,1,1,1
ga,13135050327,13247060311,18,19,22,19,1,1,1,5
ga,13135050330,13135050323,2,2,2,2,0,0,0,1
ga,13135050331,13121010133,12,13,13,15,2,2,2,7
ga,13135050333,13077170501,12,25,30,33,1,1,1,4
ga,13135050415,13135050425,8,8,8,8,0,0,0,0
ga,13135050425,13121010006,15,15,16,18,0,0,0,0
ga,13135050427,13121001902,6,8,7,8,0,0,0,3
ga,13135050430,13121010133,12,12,13,16,1,1,1,7
ga,13135050430,13121011441,21,23,24,23,1,1,1,8
ga,13135050438,13179010302,36,46,49,53,0,0,0,2
ga,13135050440,13135050105,11,11,11,11,2,2,2,3
ga,13135050440,13135050205,6,10,10,11,2,2,2,6
ga,13135050441,13135050562,5,6,6,6,2,2,2,4
ga,13135050444,13067030345,3,3,3,11,0,0,0,7
ga,13135050444,13089021229,9,9,9,11,1,1,1,2
ga,13135050448,13067030353,8,8,8,16,0,0,0,10
ga,13135050452,13089021411,7,8,8,8,2,3,3,5
ga,13135050452,13121001902,5,8,10,11,1,1,1,2
ga,13135050457,13095010702,16,23,25,29,0,0,0,4
ga,13135050457,13135050464,6,7,7,7,0,0,0,2
ga,13135050461,13121010130,13,11,13,23,2,1,1,8
ga,13135050463,13135050105,7,8,8,7,2,2,2,6
ga,13135050520,13121008802,5,11,13,16,0,1,1,2
ga,13135050520,13135050306,8,12,12,12,1,1,1,3
ga,13135050521,13077170309,15,17,18,21,1,1,2,5
ga,13135050526,13063040202,10,13,16,20,1,1,1,4
ga,13135050526,13135050633,7,7,7,8,1,1,1,3
ga,13135050526,13139001405,6,6,6,6,1,1,1,2
ga,13135050528,13135050521,4,5,5,6,0,0,0,2
ga,13135050530,13121010115,14,17,19,20,1,1,1,9
ga,13135050536,13139001606,4,5,5,5,2,2,2,6
ga,13135050537,13089021819,10,12,14,12,1,1,1,2
ga,13135050537,13089022203,6,6,8,11,1,1,1,3
ga,13135050537,13135050205,2,3,3,3,0,1,1,3
ga,13135050537,13135050225,1,2,1,1,0,0,0,0
ga,13135050537,13135050324,6,9,9,9,0,1,1,2
ga,13135050539,13067031221,5,6,8,18,1,1,2,3
ga,13135050539,13135050229,4,5,5,5,1,1,1,3
ga,13135050542,13015960405,3,3,4,16,2,2,2,13
ga,13135050542,13067030278,4,5,6,16,2,2,2,13
ga,13135050549,13117130603,11,13,15,14,1,1,1,1
ga,13135050550,13135050229,5,6,6,6,1,1,1,3
ga,13135050551,13135050306,14,16,18,18,1,1,1,6
ga,13135050553,13135050521,4,5,5,5,0,0,0,0
ga,13135050554,13121011421,21,29,30,29,1,2,3,8
ga,13135050555,13121010133,13,13,14,20,3,2,3,9
ga,13135050562,13135050224,2,5,5,6,1,1,1,3
ga,13135050562,13135050238,3,7,8,8,0,2,2,4
ga,13135050565,13135050564,2,3,3,3,0,0,0,0
ga,13135050566,13121011639,14,21,23,22,1,1,2,7
ga,13135050567,13121008802,14,17,19,19,0,0,0,1
ga,13135050568,13135050536,4,5,5,4,0,0,0,2
ga,13135050573,13135050564,2,2,2,2,0,0,0,0
ga,13135050575,13089021708,1,1,2,5,1,1,1,3
ga,13135050579,13139001607,6,8,9,7,1,2,2,3
ga,13135050590,13135050562,2,4,4,4,1,1,1,4
ga,13135050612,13117130406,9,13,15,15,1,2,2,2
ga,13135050616,13121009104,6,7,10,13,1,1,1,7
ga,13135050619,13121011642,12,15,17,16,2,2,2,2
ga,13135050620,13117130608,3,4,5,5,1,2,2,3
ga,13135050623,13089021310,4,5,6,7,2,2,2,4
ga,13135050623,13121001001,2,3,5,8,0,1,1,4
ga,13135050625,13135050542,5,9,11,11,2,1,1,2
ga,13135050630,13139001304,5,6,6,6,0,0,0,2
ga,13135050631,13139001405,0,0,0,0,0,0,0,0
ga,13135050634,13063980000,8,10,14,17,1,1,1,7
ga,13135050634,13135050617,3,3,3,3,0,0,0,0
ga,13135050634,13139001204,2,2,2,2,0,0,0,0
ga,13135050634,13151070307,9,14,13,14,0,0,0,3
ga,13135050719,13113140303,19,25,25,24,0,0,0,6
ga,13135050719,13121010133,20,22,22,26,1,1,1,7
ga,13135050719,13135050234,9,15,15,16,0,1,2,4
ga,13135050725,13089021823,9,10,10,9,0,0,0,1
ga,13135050725,13135050231,8,12,13,13,0,1,1,4
ga,13135050734,13121003500,21,22,22,24,0,0,0,4
ga,13135050735,13135050537,9,11,11,11,0,0,0,3
ga,13135050737,13121011421,26,28,29,27,1,2,3,9
ga,13135050738,13139001102,9,12,12,12,1,1,1,5
ga,13135050740,13121010115,17,19,21,22,1,1,1,11
ga,13135050744,13121010115,21,25,27,28,0,1,1,10
ga,13135050746,13121010221,16,18,20,32,1,2,2,10
ga,13135050750,13121000501,14,16,16,16,1,1,1,2
ga,13135050751,13135050456,13,16,16,16,0,0,0,3
ga,13135050752,13311950206,11,13,14,14,1,1,1,6
ga,13135050757,13121011637,22,28,28,27,1,2,3,6
ga,13135050758,13121010126,16,16,18,29,0,1,1,7
ga,13135050758,13135050521,5,5,6,5,0,0,0,0
ga,13135050758,13135050569,2,2,2,2,1,1,1,1
ga,13135050760,13135050437,7,8,8,8,0,0,0,1
ga,13135050761,13135050558,2,2,2,2,0,0,0,0
ga,13137000100,13067030332,13,20,20,24,0,0,1,11
ga,13137000203,13121003500,8,10,15,20,1,1,1,13
ga,13137000300,13067030104,22,29,32,33,0,1,2,15
ga,13137000300,13117130307,7,8,8,10,0,0,0,3
ga,13137000601,13297110506,8,10,13,13,0,0,0,4
ga,13139000102,13121001205,1,2,5,8,1,1,1,7
ga,13139000204,13151070315,12,19,21,20,0,0,0,3
ga,13139000303,13139001101,3,2,2,2,0,0,0,0
ga,13139000304,13117130409,1,1,4,3,0,0,0,0
ga,13139000305,13139001404,1,1,1,1,0,0,0,0
ga,13139000401,13135050329,4,4,5,5,1,1,1,3
ga,13139000401,13139000307,2,2,2,2,0,0,0,0
ga,13139000402,13139001008,3,4,5,5,0,0,0,0
ga,13139000402,13139001612,6,8,9,9,0,0,0,0
ga,13139000501,13045910502,10,15,20,25,2,2,2,14
ga,13139000902,13223120207,25,33,34,37,0,0,1,9
ga,13139001005,13135050569,8,10,13,12,1,1,1,3
ga,13139001006,13121009104,11,13,17,19,1,1,2,9
ga,13139001006,13139001304,3,3,3,3,0,0,0,1
ga,13139001007,13089023214,19,22,25,24,1,1,1,4
ga,13139001101,13139001304,2,2,2,2,0,0,0,0
ga,13139001102,13223120507,15,17,21,33,1,1,1,12
ga,13139001202,13139000800,1,1,1,2,1,1,1,2
ga,13139001203,13139001606,1,1,1,1,0,0,0,0
ga,13139001204,13139000502,0,0,0,0,0,0,0,0
ga,13139001303,13135050521,5,7,11,9,0,0,0,2
ga,13139001304,13139001101,2,2,2,2,0,0,0,0
ga,13139001404,13121001902,0,2,7,10,1,1,1,7
ga,13139001406,13135050215,1,2,3,3,1,2,2,4
ga,13139001501,13139001304,2,2,2,2,0,0,0,0
ga,13139001603,13139001607,3,3,4,4,0,0,0,0
ga,13139001605,13135050241,5,5,7,7,1,1,1,1
ga,13139001606,13139000502,1,1,1,1,0,0,0,0
ga,13139001607,13063980000,8,10,16,18,1,1,1,7
ga,13139001607,13121010133,9,8,11,16,2,2,2,10
ga,13139001609,13121011650,16,21,23,22,0,0,1,6
ga,13139001609,13135050306,7,8,9,9,1,1,1,3
ga,13139001611,13135050435,9,9,9,9,3,2,2,3
ga,13139001611,13157010200,3,2,2,2,2,1,1,1
ga,13141480300,13089023318,12,16,18,24,0,0,0,0
ga,13143010100,13121010529,9,11,15,15,0,0,0,1
ga,13143010303,13067030278,7,9,10,10,0,0,0,2
ga,13143010303,13067031101,10,11,11,11,0,0,0,1
ga,13143010303,13143010401,2,2,2,2,0,0,0,0
ga,13143010304,13045910600,5,6,7,7,0,0,0,0
ga,13143010304,13097080105,3,4,6,8,2,2,2,5
ga,13143010402,13143010100,1,1,1,1,0,0,0,0
ga,13145120200,13215000200,4,5,6,5,0,0,0,0
ga,13145120302,13311950102,9,12,12,20,3,4,4,8
ga,13147960102,13147960503,2,2,2,2,1,1,1,1
ga,13147960300,13111050400,11,11,11,11,0,0,0,3
ga,13147960402,13147960502,0,0,0,0,0,0,0,0
ga,13151070109,13121001802,6,6,6,6,0,0,0,0
ga,13151070123,13113140303,8,10,11,10,0,0,0,0
ga,13151070123,13121010604,16,31,36,39,0,0,0,0
ga,13151070204,13151070316,2,3,3,3,0,0,0,0
ga,13151070204,13219030202,9,11,12,13,0,0,1,2
ga,13151070206,13063040308,12,21,24,26,0,0,0,0
ga,13151070207,13089021506,10,10,11,11,0,0,0,4
ga,13151070207,13089022203,15,15,15,14,0,0,0,1
ga,13151070209,13121010313,29,44,48,51,0,0,0,0
ga,13151070210,13121009202,13,14,14,14,0,0,0,2
ga,13151070215,13063040424,14,22,26,27,0,0,0,0
ga,13151070307,13121001101,11,12,12,12,0,0,0,3
ga,13151070310,13255161202,1,3,3,5,1,1,1,3
ga,13151070312,13097080107,33,53,57,61,1,1,1,5
ga,13151070313,13021013503,12,18,22,29,0,0,0,0
ga,13151070313,13121000501,18,23,23,23,0,0,0,0
ga,13151070313,13121010527,3,3,3,3,0,0,0,2
ga,13151070315,13097080105,22,38,42,45,1,1,1,2
ga,13151070322,13121000501,21,24,24,24,1,1,1,2
ga,13151070405,13217100302,2,2,2,2,2,2,2,2
ga,13151070407,13151070114,5,5,5,5,0,0,0,0
ga,13151070408,13063980000,29,44,48,51,0,0,0,0
ga,13151070408,13113140102,15,17,17,19,1,1,1,2
ga,13151070409,13089023214,5,6,8,11,0,0,0,0
ga,13151070409,13151070411,3,4,4,5,0,0,0,0
ga,13151070410,13151070325,2,3,3,3,0,0,0,1
ga,13151070411,13089023802,27,34,37,39,1,1,1,3
ga,13151070411,13291000206,53,64,65,67,1,1,1,7
ga,13151070412,13121008500,25,33,37,38,0,0,0,0
ga,13151070503,13135050542,7,8,10,14,1,1,1,5
ga,13151070503,13151070210,1,3,3,3,0,0,0,0
ga,13151070505,13063980000,9,10,11,11,0,0,0,0
ga,13151070505,13151070325,4,4,4,4,0,0,0,2
ga,13153020113,13121010003,39,53,57,61,2,2,1,5
ga,13153020301,13225040103,4,5,5,5,0,1,1,3
ga,13153020400,13287970201,11,13,13,16,0,0,0,2
ga,13153021108,13153020900,2,2,2,2,0,0,0,0
ga,13153021114,13153020700,0,0,1,1,0,0,0,0
ga,13153021115,13153021401,5,6,6,6,0,0,0,0
ga,13153021116,13225040104,2,2,2,2,0,0,0,1
ga,13153021118,13153020400,2,2,2,2,0,0,0,0
ga,13153021120,13021013201,4,5,5,5,0,0,0,2
ga,13153021120,13153021501,2,1,1,1,0,0,0,0
ga,13153021124,13069010701,2,3,4,4,0,0,0,0
ga,13153021205,13153021125,1,1,1,1,0,0,0,0
ga,13153021300,13121000501,33,46,50,53,2,3,3,5
ga,13153021401,13059000900,10,16,17,19,0,0,0,3
ga,13153021502,13113140207,11,15,17,21,0,0,0,4
ga,13157010104,13121011434,17,22,24,23,1,3,4,8
ga,13157010105,13135050520,8,11,11,11,2,2,2,6
ga,13157010105,13157010200,0,0,1,1,0,0,0,0
ga,13157010601,13157010104,4,4,5,5,0,0,0,0
ga,13157010602,13135050225,2,3,4,3,1,1,2,3
ga,13157010602,13139001611,4,4,5,7,1,1,1,3
ga,13159010501,13095001000,12,15,17,17,3,4,4,5
ga,13159010501,13159010502,0,0,0,0,0,0,0,0
ga,13161960202,13051004001,9,13,14,14,0,0,0,0
ga,13167960100,13151070128,27,40,45,50,0,0,0,1
ga,13169030105,13021012102,7,7,7,6,0,0,0,0
ga,13169030200,13021013502,10,10,11,11,2,1,1,1
ga,13171970201,13059000900,9,11,11,11,1,1,1,1
ga,13171970201,13255161202,2,2,3,5,0,0,0,2
ga,13175950100,13121011901,30,45,51,55,0,0,0,5
ga,13175950300,13035150201,0,1,3,4,0,0,0,1
ga,13175950600,13175950500,0,0,0,0,0,0,0,0
ga,13175950800,13135050224,29,38,40,43,1,1,1,6
ga,13175951400,13095011300,3,5,5,5,1,1,1,1
ga,13177020302,13273120500,0,0,0,0,0,0,0,0
ga,13177020403,13095000101,2,2,2,2,0,0,0,0
ga,13177020403,13095000502,1,2,3,3,0,0,0,0
ga,13177020403,13095011300,2,2,2,2,1,1,1,1
ga,13177020404,13273120200,4,7,8,9,0,0,0,0
ga,13177020405,13261950700,0,0,0,0,0,0,0,0
ga,13179010204,13179010504,2,2,2,2,0,0,0,2
ga,13179010205,13051010504,3,3,3,5,0,0,0,1
ga,13179010205,13179010501,3,4,4,4,0,0,0,2
ga,13179010206,13017960300,0,1,1,2,0,0,0,1
ga,13179010208,13127000503,0,3,3,4,0,0,0,0
ga,13179010302,13223120603,44,78,88,98,1,1,1,5
ga,13181970200,13073030313,7,7,7,8,0,0,0,2
ga,13183970102,13183970201,0,0,0,0,0,0,0,0
ga,13185010203,13185010302,0,0,0,0,0,0,0,0
ga,13185010601,13185010102,0,0,0,0,0,0,0,0
ga,13185010900,13185010604,2,2,2,2,0,0,0,0
ga,13185011200,13185010302,0,0,0,0,0,0,0,0
ga,13185011200,13277960900,1,1,1,1,0,0,0,0
ga,13185011301,13185010204,0,0,0,0,0,0,0,0
ga,13185011500,13185011301,0,0,0,0,0,0,0,0
ga,13187960103,13059000900,7,8,10,9,1,1,1,1
ga,13187960105,13085970206,3,4,4,5,0,0,0,1
ga,13189950200,13121011306,6,7,10,15,2,2,2,9
ga,13189950500,13135050743,5,8,9,10,0,0,0,0
ga,13195020400,13059000900,1,2,3,3,0,0,1,1
ga,13195020400,13059130500,1,2,3,3,0,0,1,1
ga,13195020502,13059130702,0,0,0,0,0,0,0,0
ga,13195020502,13195020400,0,0,0,0,0,0,0,0
ga,13199970600,13015960901,17,23,23,23,1,1,1,1
ga,13201950100,13067031114,4,6,8,10,0,0,0,1
ga,13201950300,13121011652,7,9,10,16,1,1,1,5
ga,13207050101,13207050200,0,0,0,0,0,0,0,0
ga,13207050200,13153021115,7,9,10,11,0,0,0,2
ga,13207050301,13035150300,0,0,0,0,0,0,0,0
ga,13207050302,13113140406,15,23,25,28,0,0,0,0
ga,13209950300,13279970400,0,1,1,1,0,0,0,0
ga,13211010100,13211010302,0,0,0,0,0,0,0,0
ga,13211010301,13073030603,5,6,7,7,1,1,1,3
ga,13211010302,13133950305,1,1,1,1,0,0,0,1
ga,13211010302,13257970302,11,12,15,14,0,0,0,0
ga,13211010400,13051004207,12,22,25,29,1,1,1,4
ga,13213010203,13313001200,2,2,2,2,0,0,0,0
ga,13213010300,13313000502,2,3,3,3,0,0,0,0
ga,13213010401,13213010402,0,0,0,0,0,0,0,0
ga,13215000900,13215002500,1,1,1,1,0,0,0,0
ga,13215001400,13215000800,0,0,0,0,0,0,0,0
ga,13215001600,13121008909,12,14,16,20,0,0,0,3
ga,13215001600,13215011100,0,0,0,0,0,0,0,0
ga,13215002000,13215011100,2,2,2,2,0,0,0,0
ga,13215002000,13285961000,1,2,3,3,0,1,1,1
ga,13215002901,13215010207,2,2,2,2,0,0,0,0
ga,13215003000,13215010209,2,3,3,3,0,0,0,1
ga,13215003302,13215001600,1,1,2,2,0,0,0,0
ga,13215010106,13135050445,19,23,24,25,1,3,3,3
ga,13215010110,13215011100,2,2,2,2,0,0,0,0
ga,13215010111,13063040635,10,11,12,14,0,0,0,0
ga,13215010208,13135050113,5,7,8,13,1,1,1,4
ga,13215010208,13215000900,1,3,3,3,0,0,0,0
ga,13215010209,13063040424,5,7,9,10,0,0,0,0
ga,13215010303,13145120401,3,3,4,4,1,1,1,1
ga,13215010704,13215010304,1,1,1,1,0,0,0,0
ga,13217100101,13217100600,5,6,6,6,1,1,1,1
ga,13217100102,13121008801,7,7,7,11,0,0,0,5
ga,13217100202,13135050739,3,4,5,5,0,0,0,0
ga,13217100203,13135050556,18,21,21,21,0,0,0,2
ga,13217100400,13135050215,16,21,21,21,0,1,1,3
ga,13217100503,13121010533,10,12,13,13,1,1,1,6
ga,13217100507,13219030201,8,12,12,12,1,1,1,2
ga,13217100702,13139001402,19,23,24,23,1,1,1,5
ga,13217100801,13217100400,3,5,5,5,2,2,2,2
ga,13217100904,13121005700,4,4,5,7,0,0,0,3
ga,13217100904,13121008906,8,8,9,12,0,0,0,4
ga,13217100905,13121009605,18,21,23,24,0,0,0,3
ga,13217100905,13247060312,3,3,3,3,0,0,0,0
ga,13219030104,13059001700,0,1,1,1,0,0,0,0
ga,13219030402,13059001200,1,2,2,2,0,0,0,0
ga,13219030402,13219030201,0,1,1,1,0,0,0,0
ga,13223120104,13089021213,15,19,20,23,2,2,2,7
ga,13223120107,13067030414,11,13,13,14,0,0,0,3
ga,13223120107,13215001600,10,14,17,18,0,0,0,3
ga,13223120108,13015960407,3,4,6,6,0,0,1,1
ga,13223120108,13067030414,9,12,11,12,0,0,0,3
ga,13223120108,13121011647,20,26,25,25,0,0,0,2
ga,13223120109,13121001205,1,1,1,4,0,0,0,3
ga,13223120110,13021010800,43,57,71,80,0,0,0,5
ga,13223120110,13135050229,6,8,12,19,1,1,1,8
ga,13223120205,13135050627,20,24,27,32,0,0,0,4
ga,13223120207,13223120208,0,0,0,0,0,0,0,0
ga,13223120208,13063040310,10,12,12,12,0,0,0,3
ga,13223120401,13067031321,12,16,17,17,0,0,0,1
ga,13223120403,13067031511,3,5,5,5,0,0,0,2
ga,13223120403,13135050238,24,30,32,37,0,1,1,9
ga,13223120403,13135050564,22,27,29,34,0,0,0,5
ga,13223120505,13067030508,6,9,8,8,0,0,0,0
ga,13223120505,13121011421,20,27,26,26,0,0,0,2
ga,13223120506,13015960405,1,3,5,5,0,0,1,2
ga,13223120506,13313001200,1,3,5,6,0,0,1,3
ga,13223120507,13067030248,2,3,3,3,0,0,0,0
ga,13223120507,13213010402,3,5,7,8,0,0,1,2
ga,13223120604,13121002100,1,3,4,4,0,0,0,2
ga,13223120604,13121011643,23,27,27,27,0,0,0,3
ga,13223120607,13135050564,19,25,28,34,0,0,0,4
ga,13225040105,13153021125,7,7,7,7,0,0,0,1
ga,13227050300,13015960702,3,4,4,4,0,0,0,1
ga,13227050300,13057090402,2,4,4,4,1,1,1,1
ga,13227050500,13057090909,7,8,8,8,1,2,2,3
ga,13227050500,13227050202,0,0,0,0,0,0,0,0
ga,13227050601,13139001101,5,6,7,7,0,0,0,0
ga,13229960301,13229960401,0,0,0,0,0,0,0,0
ga,13229960401,13299950500,0,0,0,0,0,0,0,0
ga,13229960402,13229960401,0,0,0,0,0,0,0,0
ga,13231010200,13063040606,5,7,8,8,1,2,2,3
ga,13231010200,13063980000,16,18,18,18,0,0,0,1
ga,13231010400,13231010101,1,1,1,1,1,1,1,1
ga,13233010300,13089022404,23,32,32,32,0,0,0,3
ga,13233010300,13115001800,4,4,5,4,0,0,0,0
ga,13233010400,13295020503,11,14,15,14,0,1,1,1
ga,13237960101,13297110102,4,6,6,6,0,0,0,0
ga,13237960204,13121001902,12,13,15,21,0,0,0,9
ga,13241970103,13121011444,18,23,24,25,0,1,2,8
ga,13245010105,13121011652,20,25,30,31,1,1,1,5
ga,13245010105,13245010206,1,1,1,1,1,1,1,1
ga,13245010109,13245010203,2,2,2,2,0,0,0,0
ga,13245010206,13245001000,3,4,5,5,0,0,0,0
ga,13245010207,13015960601,11,14,15,23,3,3,3,14
ga,13245010208,13073030307,4,5,5,6,3,4,4,5
ga,13245010208,13245010105,2,2,2,2,2,2,2,2
ga,13245010506,13245010508,1,1,1,1,0,0,0,0
ga,13245010513,13245001000,4,5,5,5,0,0,0,0
ga,13245010515,13245011100,1,2,2,2,0,0,0,0
ga,13245010601,13245011000,1,1,1,2,0,0,0,1
ga,13245010708,13073030505,3,3,3,3,0,0,0,2
ga,13245010708,13245001000,4,5,5,5,0,0,0,0
ga,13245010710,13033950102,3,4,4,4,0,0,0,0
ga,13245010710,13245010904,5,5,5,5,1,1,1,1
ga,13245010711,13073030307,9,11,12,13,0,0,0,0
ga,13245010711,13245010710,0,0,0,0,0,0,0,0
ga,13245010714,13245010101,6,7,8,8,1,1,1,1
ga,13247060101,13121001206,4,4,4,7,0,0,0,4
ga,13247060101,13135050734,2,2,2,2,0,0,0,1
ga,13247060203,13089021226,19,18,18,28,2,1,1,12
ga,13247060204,13117130410,34,45,46,47,1,1,1,9
ga,13247060204,13135050748,9,9,9,9,0,0,0,0
ga,13247060305,13135050232,12,19,19,20,0,1,1,6
ga,13247060311,13121008905,8,8,8,12,1,1,1,7
ga,13247060315,13135050322,21,28,28,31,0,0,0,11
ga,13247060318,13089023444,2,2,3,6,0,0,0,4
ga,13247060406,13063040425,10,14,16,16,0,0,0,1
ga,13247060406,13135050306,11,14,16,17,1,1,1,3
ga,13247060406,13135050762,5,5,5,5,0,0,0,2
ga,13249960200,13249960100,1,1,1,1,0,0,0,0
ga,13255160300,13121010221,27,30,34,34,1,2,2,7
ga,13255160500,13113140209,4,4,5,8,1,1,1,3
ga,13255160500,13121001902,10,13,16,16,1,2,2,3
ga,13255160702,13151070208,3,4,4,6,1,1,1,3
ga,13255161000,13121010533,3,6,8,9,1,2,2,5
ga,13255161000,13255160800,0,0,0,1,0,0,0,1
ga,13255161100,13255161202,0,0,0,0,0,0,0,0
ga,13255161201,13255160800,0,0,0,0,0,0,0,0
ga,13255161202,13121010312,10,13,15,15,1,2,2,3
ga,13255161202,13255160500,0,0,1,1,0,0,0,0
ga,13257970201,13257970102,0,0,0,0,0,0,0,0
ga,13261950500,13297110102,23,26,26,25,4,4,4,4
ga,13261950700,13225040200,3,4,4,4,1,1,1,1
ga,13263960200,13067030355,18,18,20,24,0,0,0,1
ga,13267950100,13005970100,0,0,0,0,0,0,0,0
ga,13267950202,13109970200,0,0,0,0,0,0,0,0
ga,13275960602,13275960601,0,0,0,0,0,0,0,0
ga,13275960702,13185010404,3,4,5,5,0,0,0,0
ga,13275961000,13139001008,30,37,36,40,1,1,1,9
ga,13275961100,13275960501,1,2,2,2,0,0,0,0
ga,13277960401,13277960900,0,0,0,0,0,0,0,0
ga,13277960402,13321950400,2,2,2,2,0,0,0,0
ga,13277960500,13095010702,5,6,6,6,0,0,0,0
ga,13277960500,13277960900,0,0,0,0,0,0,0,0
ga,13277960602,13287970202,2,2,2,2,0,0,0,1
ga,13277960900,13185010801,0,0,0,0,0,0,0,0
ga,13279970201,13117130603,37,51,53,55,1,2,3,10
ga,13279970202,13001950500,0,1,1,1,0,1,1,1
ga,13279970202,13175950800,0,4,4,5,0,0,1,1
ga,13279970301,13279970400,0,1,3,3,0,0,0,1
ga,13281960200,13281960301,1,1,1,1,1,1,1,1
ga,13285960102,13077170502,4,4,4,4,0,0,0,1
ga,13285960201,13285960401,7,8,8,8,0,0,0,0
ga,13285960401,13135050617,15,18,20,24,2,3,3,7
ga,13285960402,13285960904,4,6,6,6,1,1,1,1
ga,13285960600,13285960101,7,8,9,7,0,0,0,2
ga,13285960700,13067030253,7,8,10,12,1,2,2,2
ga,13285960700,13121980000,2,4,4,5,2,3,3,3
ga,13285960800,13199970801,10,11,13,12,0,0,0,1
ga,13289060200,13117130610,31,43,46,48,1,2,3,10
ga,13291000101,13135050558,11,14,17,17,0,0,0,1
ga,13291000103,13057090810,9,13,14,14,1,1,1,1
ga,13291000204,13135050306,26,35,43,45,1,1,2,6
ga,13291000207,13139001005,5,5,5,5,0,0,0,0
ga,13293010202,13113140102,10,13,13,13,0,0,0,0
ga,13293010401,13199970801,2,2,2,2,0,0,0,1
ga,13293010402,13089021506,15,18,22,22,1,1,1,8
ga,13293010402,13293010500,0,0,0,0,0,0,0,0
ga,13295020302,13295020904,0,0,0,0,0,0,0,0
ga,13295020601,13047030404,0,0,0,0,0,0,0,0
ga,13295020601,13047030701,0,0,0,0,0,0,0,0
ga,13297110101,13121011416,17,26,27,26,2,3,4,8
ga,13297110102,13063040635,18,20,20,19,0,1,1,4
ga,13297110102,13089021824,24,26,26,26,0,1,1,4
ga,13297110200,13121010003,43,45,44,44,0,0,0,5
ga,13297110301,13013180204,8,8,8,7,0,0,0,0
ga,13297110301,13059130500,1,3,3,4,0,0,0,2
ga,13297110302,13113140210,11,15,15,18,1,1,1,5
ga,13297110400,13151070324,12,13,13,13,0,1,1,3
ga,13297110503,13067030278,28,33,33,42,0,0,0,10
ga,13297110504,13089021222,28,30,30,30,1,1,1,3
ga,13297110504,13135050306,29,35,35,36,1,1,1,3
ga,13297110504,13135050430,21,22,22,22,0,0,0,0
ga,13297110508,13089021708,24,25,25,25,0,0,0,2
ga,13297110509,13089021204,27,29,29,29,0,0,0,2
ga,13297110509,13121011652,23,31,31,30,1,1,1,2
ga,13297110509,13135050752,5,5,5,5,0,0,0,0
ga,13297110701,13211010302,2,3,3,4,0,0,0,0
ga,13297110802,13217100301,2,3,4,4,2,2,2,2
ga,13299950200,13075960100,0,0,0,0,0,0,0,0
ga,13299950801,13065970100,0,0,0,0,0,0,0,0
ga,13303950400,13303950700,0,0,0,0,0,0,0,0
ga,13303950500,13051004002,7,13,15,17,0,0,0,3
ga,13303950500,13303950300,0,0,0,0,0,0,0,0
ga,13305970201,13127000701,5,6,5,7,1,2,1,3
ga,13305970201,13305970300,0,0,0,0,0,0,0,0
ga,13305970202,13305970500,0,0,0,0,0,0,0,0
ga,13311950207,13187960206,3,3,3,3,0,0,0,0
ga,13313000301,13313001200,0,0,0,0,0,0,0,0
ga,13313000304,13313000502,0,0,0,0,0,0,0,0
ga,13313000801,13067030345,2,2,3,4,1,1,1,3
ga,13313000802,13295020903,0,0,0,0,0,0,0,0
ga,13313000900,13313000401,0,0,0,0,0,0,0,0
ga,13313001100,13195020300,14,15,14,15,2,2,2,3
ga,13313001100,13313001200,0,0,0,0,0,0,0,0
ga,13313001200,13313000502,0,0,0,0,0,0,0,0
ga,13313001400,13047030305,1,1,2,2,0,0,0,0
ga,13317010101,13147960401,4,4,4,4,0,0,0,0
ga,13317010101,13317010301,0,0,0,0,0,0,0,0
ga,13317010102,13189950401,2,2,3,3,0,0,0,0
ga,13321950100,13321950202,0,0,0,0,0,0,0,0
ga,13321950202,13321950400,3,3,2,2,0,0,0,0
ga,13321950400,13095011400,3,4,4,4,0,0,0,0
il,17001000500,17009970500,3,3,3,4,0,0,0,1
il,17001000800,17001000100,2,2,2,2,0,0,0,0
il,17001000800,17001000700,0,0,0,0,0,0,0,0
il,17001001002,17001000600,0,0,0,0,0,0,0,0
il,17001010100,17001010400,0,0,0,0,0,0,0,0
il,17001010301,17001001100,4,4,4,4,0,0,0,0
il,17001010302,17009970500,0,0,0,0,0,0,0,0
il,17001010400,17001000100,0,0,0,0,0,0,0,0
il,17001010600,17001000500,3,3,3,3,0,0,0,0
il,17007010101,17201002200,13,15,15,16,0,0,0,2
il,17007010102,17201000513,4,4,4,4,0,0,0,0
il,17007010400,17007010102,1,1,1,1,0,0,0,0
il,17007010603,17201004004,3,3,3,3,0,0,0,0
il,17009970400,17169970200,0,1,1,1,0,0,0,0
il,17011964700,17097865400,13,15,16,16,1,1,1,5
il,17011964800,17163503414,5,5,6,8,0,0,0,2
il,17011965600,17011964800,0,0,0,0,0,0,0,0
il,17011965600,17011965400,0,0,1,1,0,0,0,1
il,17013951300,17031804603,11,20,26,28,0,0,0,2
il,17015960400,17113001103,8,12,12,13,0,0,0,1
il,17017960100,17167003500,2,2,2,2,0,0,0,0
il,17017960300,17137951400,0,0,0,0,0,0,0,0
il,17017960400,17169970200,0,0,0,0,0,0,0,0
il,17019000401,17115001000,3,3,4,3,0,0,0,0
il,17019000500,17019000402,2,2,2,2,0,0,0,0
il,17019001203,17019000902,0,0,0,0,0,0,0,0
il,17019001203,17183000800,7,7,7,6,0,0,0,1
il,17019001204,17019000800,1,2,2,2,0,0,0,0
il,17019001302,17019005300,3,3,3,4,0,0,0,1
il,17019001400,17019011002,2,2,2,2,1,1,1,2
il,17019005402,17019010701,0,0,0,0,0,0,0,0
il,17019005500,17019005300,0,0,0,0,0,0,0,0
il,17019005800,17019000402,2,2,2,2,0,0,0,0
il,17019010400,17091012300,6,8,8,8,0,0,0,0
il,17019010500,17019000402,4,4,4,4,0,0,0,0
il,17019010702,17019000902,3,3,4,4,0,0,0,0
il,17019010902,17019001201,0,0,0,0,0,0,0,0
il,17019010902,17049950600,0,0,0,0,0,0,0,0
il,17019011002,17019010204,6,6,7,7,1,1,1,1
il,17021958100,17167002002,3,4,6,8,0,0,0,2
il,17021958300,17021958400,0,0,0,0,0,0,0,0
il,17021958900,17021958800,0,0,0,0,0,0,0,0
il,17025971900,17025972100,1,1,1,1,0,0,0,0
il,17029000100,17029000400,0,0,0,0,0,0,0,0
il,17029000200,17019000901,3,4,4,4,0,0,0,0
il,17029000701,17029001000,4,5,6,5,0,0,0,0
il,17031010201,17031120200,2,3,3,3,0,0,0,0
il,17031020100,17197883516,31,34,35,34,0,0,0,3
il,17031020200,17113001600,20,26,26,27,0,0,0,2
il,17031020301,17031080202,6,6,6,6,0,0,0,0
il,17031020302,17031805802,10,11,10,10,0,0,0,0
il,17031020302,17031839100,11,11,12,13,0,0,0,2
il,17031020400,17031070300,2,2,2,2,0,0,0,1
il,17031020701,17031802505,13,16,15,15,0,0,0,0
il,17031020801,17031081600,9,9,10,12,1,1,1,1
il,17031020901,17031280100,12,12,12,11,0,0,0,2
il,17031030500,17031251400,7,8,8,8,0,0,0,0
il,17031030500,17031836200,15,17,22,26,0,0,0,1
il,17031030604,17031061100,3,3,3,3,0,0,0,2
il,17031030604,17031081201,8,10,15,19,0,0,0,2
il,17031030703,17043844601,21,28,35,41,0,0,0,2
il,17031030800,17031803008,16,19,18,18,0,0,0,2
il,17031031200,17031320102,11,13,18,19,0,0,0,0
il,17031031200,17031842200,2,2,2,1,0,0,0,0
il,17031031501,17031839100,3,3,3,3,0,0,0,0
il,17031031900,17031320400,3,3,4,5,0,0,0,0
il,17031040100,17031839100,8,8,9,11,0,0,0,1
il,17031040100,17043841607,18,21,22,26,0,0,0,0
il,17031040202,17019001000,16,21,22,22,0,0,0,2
il,17031040202,17031818500,10,10,10,12,0,0,0,0
il,17031040402,17019001400,13,17,18,18,0,0,0,6
il,17031040402,17031241600,4,5,5,5,0,0,0,0
il,17031050200,17031081201,4,4,5,7,0,0,0,0
il,17031050200,17031839100,4,4,5,7,0,0,0,0
il,17031050200,17043844310,18,19,19,20,0,0,0,1
il,17031050500,17031241400,6,6,6,6,0,0,0,1
il,17031050600,17031839100,4,4,5,7,0,0,0,0
il,17031050700,17031243200,4,7,7,7,0,0,0,0
il,17031050800,17097863702,15,17,18,20,0,0,0,1
il,17031060100,17031030701,0,0,0,0,0,0,0,0
il,17031060400,17031081201,0,0,0,0,0,0,0,0
il,17031062100,17031800300,5,7,8,8,0,0,0,1
il,17031062100,17043844501,17,21,28,33,0,0,0,1
il,17031062400,17031807600,9,9,9,9,0,0,0,0
il,17031062900,17031833000,3,3,3,3,0,0,0,0
il,17031063200,17031320400,6,6,9,10,0,0,0,0
il,17031070102,17031805902,6,5,5,5,0,0,0,0
il,17031070200,17031320102,5,5,6,5,0,0,0,0
il,17031070300,17031081700,1,1,1,1,0,0,0,0
il,17031070400,17031980000,3,3,4,4,0,0,0,0
il,17031070700,17031320102,5,5,6,9,0,0,0,4
il,17031071300,17031839100,0,0,0,0,0,0,0,0
il,17031071300,17031841000,7,7,8,8,0,0,0,0
il,17031071400,17031081401,4,4,5,6,1,1,2,2
il,17031071400,17031839100,5,5,6,6,1,1,2,2
il,17031071400,17043840705,18,21,22,23,1,1,2,4
il,17031071500,17031842200,4,4,4,4,0,0,0,0
il,17031071600,17043841312,24,27,32,35,0,0,0,2
il,17031080100,17031820000,13,13,13,13,0,0,0,0
il,17031080202,17031281900,2,2,2,2,0,0,0,0
il,17031081000,17031081100,0,0,0,0,0,0,0,0
il,17031081000,17031805802,5,4,4,6,0,0,0,0
il,17031081000,17031839100,2,2,2,2,0,0,0,0
il,17031081300,17031839100,4,4,4,3,0,0,0,0
il,17031081300,17097866200,5,7,8,11,0,0,0,0
il,17031081402,17031630300,1,2,2,3,0,0,0,2
il,17031081800,17031320102,0,0,0,0,0,0,0,0
il,17031081800,17031808301,4,5,5,7,0,0,0,0
il,17031081800,17031839100,0,0,0,0,0,0,0,0
il,17031090200,17031770400,3,4,5,6,0,0,0,4
il,17031090200,17093890103,6,9,10,11,0,0,0,1
il,17031100100,17031833000,2,3,3,9,0,0,0,3
il,17031100200,17043841312,8,9,15,17,0,0,0,3
il,17031100500,17031836600,2,2,2,2,0,0,0,1
il,17031100500,17097861504,1,1,1,2,0,0,0,2
il,17031100700,17031190100,4,4,5,5,0,0,0,0
il,17031100700,17031839100,3,4,5,7,0,0,0,2
il,17031110100,17031040201,2,2,2,2,0,0,0,2
il,17031110100,17031807600,0,0,0,0,0,0,0,0
il,17031110400,17031770700,0,0,1,1,0,0,0,1
il,17031110400,17031802505,11,13,13,13,0,0,0,0
il,17031110501,17031110200,0,0,0,1,0,0,0,1
il,17031110502,17031839100,4,5,5,7,0,0,0,2
il,17031120300,17031839100,2,4,5,10,0,0,0,2
il,17031130200,17031020701,1,1,1,1,0,0,0,0
il,17031130300,17031031400,6,6,6,8,0,0,0,2
il,17031130300,17031806103,8,8,7,7,0,0,0,0
il,17031130300,17031839100,4,5,6,9,0,0,0,1
il,17031140301,17031030200,1,1,1,1,0,0,0,0
il,17031140400,17031431200,4,8,9,12,0,0,0,0
il,17031140800,17031823200,17,18,18,18,0,0,0,1
il,17031150200,17043846102,14,17,18,20,0,0,0,0
il,17031150501,17063000600,20,26,29,29,1,1,1,1
il,17031150502,17031839100,3,5,6,10,0,0,0,2
il,17031150700,17031062700,5,5,5,6,0,0,0,0
il,17031150700,17031220702,1,1,1,1,0,0,0,0
il,17031151100,17031081403,7,8,8,9,0,0,0,3
il,17031151100,17031200401,4,5,5,5,0,0,0,0
il,17031151100,17031221400,1,1,1,1,0,0,0,0
il,17031151200,17031241600,2,2,2,3,0,0,0,2
il,17031160100,17031330101,7,9,10,15,0,0,0,0
il,17031160200,17031809402,2,2,2,2,0,0,0,0
il,17031160300,17031808002,1,1,1,1,0,0,0,0
il,17031160400,17031330103,4,6,7,9,0,0,0,0
il,17031160502,17031210501,3,3,3,3,0,0,0,0
il,17031160700,17031140400,1,1,1,1,0,0,0,0
il,17031160800,17031803608,20,20,20,18,0,0,0,0
il,17031160900,17031839100,3,4,5,7,0,0,0,0
il,17031161300,17031242600,2,2,2,2,0,0,0,0
il,17031161300,17031802505,12,14,14,15,0,0,0,0
il,17031170200,17031839100,4,6,7,10,0,0,0,2
il,17031170500,17043844601,7,7,7,8,0,0,0,0
il,17031170700,17031070101,5,5,5,5,1,1,1,2
il,17031171100,17031807600,1,3,3,3,0,0,0,0
il,17031190200,17031281900,4,5,6,8,0,0,0,2
il,17031190601,17031820202,13,14,14,15,0,0,0,3
il,17031190602,17043841111,23,23,25,26,0,1,1,3
il,17031190602,17043844601,12,12,12,13,0,0,0,1
il,17031190702,17031760801,13,13,13,13,0,0,0,1
il,17031190800,17031839100,4,5,6,7,0,0,0,1
il,17031200402,17031805105,1,3,4,3,0,0,0,0
il,17031210602,17031800700,2,4,4,4,0,0,0,1
il,17031220400,17031200100,1,1,1,1,0,0,0,0
il,17031220902,17097864402,14,16,16,16,0,0,0,1
il,17031221200,17031081100,3,3,3,5,0,0,0,0
il,17031221200,17031151002,1,1,1,1,0,0,0,0
il,17031221400,17031836700,1,1,1,1,0,0,0,1
il,17031221400,17031839100,3,4,5,6,0,0,0,0
il,17031222500,17031841900,5,7,8,9,0,0,0,0
il,17031222700,17031805402,5,4,4,4,0,0,0,1
il,17031230100,17031770300,5,6,6,6,0,1,1,1
il,17031231500,17031820202,10,11,11,12,0,0,0,2
il,17031240500,17031071200,7,6,6,6,0,0,0,1
il,17031241300,17031301802,3,3,3,3,0,0,0,0
il,17031241500,17031839100,3,4,5,5,0,0,0,0
il,17031241600,17031806600,3,3,5,5,0,0,0,0
il,17031242300,17031828300,17,19,29,31,0,0,0,0
il,17031242600,17031081403,5,6,7,8,0,0,0,1
il,17031242600,17031839100,4,5,6,6,0,0,0,0
il,17031242800,17043840705,12,16,16,17,0,0,0,1
il,17031243400,17031241600,0,0,0,1,0,0,0,1
il,17031243500,17031811600,9,8,8,8,2,2,2,3
il,17031250300,17043846702,11,14,14,15,0,0,0,1
il,17031250400,17031839100,9,10,11,12,0,0,0,1
il,17031250500,17031221300,7,8,8,8,0,0,0,2
il,17031251100,17031140702,3,3,3,3,0,0,0,0
il,17031251100,17089852803,15,15,15,15,0,0,0,1
il,17031251700,17031050600,6,6,6,6,0,0,0,0
il,17031251700,17031816100,7,7,8,11,0,0,0,0
il,17031252201,17031760803,8,8,8,8,0,0,0,1
il,17031260800,17031816000,7,7,10,13,0,0,0,0
il,17031261000,17031980000,4,4,5,5,0,0,0,0
il,17031261000,17043844601,8,10,12,16,0,0,0,3
il,17031291200,17031839100,1,1,1,1,0,0,0,0
il,17031300500,17031842400,11,12,16,20,0,1,1,1
il,17031300700,17031650500,4,5,5,5,0,0,0,2
il,17031310400,17031828401,10,8,8,8,0,0,0,3
il,17031310900,17031818401,7,9,8,8,0,0,0,2
il,17031320101,17031081800,0,0,0,0,0,0,0,0
il,17031320101,17031320102,0,0,0,0,0,0,0,0
il,17031320101,17031760802,11,10,11,10,0,0,0,1
il,17031330102,17031320102,3,3,3,3,0,0,0,0
il,17031330102,17031805105,7,9,12,13,0,0,0,0
il,17031330102,17031809200,16,16,19,19,0,0,0,1
il,17031330102,17031836200,2,2,2,2,0,0,0,0
il,17031330102,17031839100,4,4,4,4,0,0,0,0
il,17031330102,17197880202,2,4,4,5,0,0,0,1
il,17031330103,17031839100,1,1,1,1,0,0,0,0
il,17031330103,17031839700,0,0,0,0,0,0,0,0
il,17031350400,17031839100,1,1,2,2,0,0,0,0
il,17031351100,17197880105,3,6,6,6,0,0,0,0
il,17031351400,17031835500,1,1,2,3,0,0,0,2
il,17031380200,17167001300,13,16,17,19,0,0,0,6
il,17031381400,17031320102,4,4,4,4,0,0,0,0
il,17031390300,17031839100,4,4,4,4,0,0,0,0
il,17031390700,17031836200,0,0,0,0,0,0,0,0
il,17031400800,17031803008,18,18,23,26,0,0,0,4
il,17031410100,17031839100,5,5,5,5,0,0,0,0
il,17031410200,17031836200,0,0,0,0,0,0,0,0
il,17031410700,17031836200,1,1,1,1,1,1,1,1
il,17031411000,17031839100,6,6,6,6,0,0,0,0
il,17031411200,17031836200,0,0,0,0,0,0,0,0
il,17031430500,17031320102,3,3,3,3,0,0,0,0
il,17031431301,17089854900,41,47,55,65,0,0,0,2
il,17031431400,17031650500,5,6,6,6,0,0,0,0
il,17031440102,17031839100,13,14,20,24,0,0,0,1
il,17031440202,17197881115,8,10,12,15,0,0,0,5
il,17031440600,17031839100,12,14,20,24,0,0,0,0
il,17031460400,17031291200,8,9,14,14,0,0,0,0
il,17031460400,17031839100,6,6,6,6,0,0,0,0
il,17031470100,17031817900,18,22,27,31,0,0,0,2
il,17031480300,17043844306,14,17,18,17,0,0,0,3
il,17031490200,17031838200,11,14,21,26,0,0,0,3
il,17031490600,17031839100,13,15,22,26,0,0,0,0
il,17031490902,17031830004,4,5,6,6,0,0,0,2
il,17031491100,17031838800,0,0,0,0,0,0,0,0
il,17031500300,17031839100,13,15,22,26,0,0,0,0
il,17031510100,17097864402,23,25,29,37,0,0,0,3
il,17031520400,17031801603,20,20,24,32,0,0,0,2
il,17031520400,17031831200,10,10,15,21,0,0,0,2
il,17031530200,17031650500,8,11,12,12,0,0,0,0
il,17031530503,17031839100,13,15,22,26,0,0,0,0
il,17031540102,17031980000,15,17,26,34,0,0,0,5
il,17031560700,17091010201,17,17,17,16,0,0,0,1
il,17031570200,17031071400,8,11,11,10,1,1,1,3
il,17031570200,17031843500,0,0,0,0,0,0,0,0
il,17031570500,17031390200,2,3,3,3,0,0,0,0
il,17031580400,17031820901,1,1,1,1,0,0,0,1
il,17031580501,17031062100,2,2,2,1,0,0,0,0
il,17031580501,17031100400,6,6,6,6,0,0,0,0
il,17031590500,17031320400,3,3,3,3,0,0,0,1
il,17031600400,17031839100,5,5,5,5,0,0,0,0
il,17031611300,17043844307,14,17,17,17,0,0,0,3
il,17031611300,17167001900,14,18,19,21,0,0,0,6
il,17031611400,17031081100,5,6,6,6,0,0,0,0
il,17031611500,17031580502,0,1,1,1,0,0,0,1
il,17031611800,17031280100,2,2,2,3,0,0,0,0
il,17031620100,17031835200,0,0,0,0,0,0,0,0
il,17031620300,17031081800,3,3,3,3,0,0,0,0
il,17031630400,17031839100,2,2,2,2,0,0,0,0
il,17031630900,17031320102,3,4,4,4,0,0,0,0
il,17031640700,17031820501,1,1,1,1,0,0,0,0
il,17031650100,17031570200,2,2,2,2,0,0,0,0
il,17031650400,17031650200,0,0,0,0,0,0,0,0
il,17031660600,17031842100,6,6,6,6,0,0,0,0
il,17031660800,17031820901,0,0,0,0,0,0,0,0
il,17031680900,17031650500,0,0,0,0,0,0,0,0
il,17031681000,17197883100,3,4,5,5,0,0,0,2
il,17031681200,17031700402,0,0,0,0,0,0,0,0
il,17031690900,17031839100,8,8,12,14,0,0,0,0
il,17031691100,17031804603,8,8,15,19,0,0,0,3
il,17031700401,17031821900,4,4,4,4,0,0,0,0
il,17031700501,17043844601,7,9,9,9,0,0,0,0
il,17031710400,17091010701,4,5,6,6,0,0,0,2
il,17031710600,17197883216,6,11,12,11,0,0,0,3
il,17031711200,17031839100,3,4,4,4,0,0,0,0
il,17031720100,17031821900,1,1,2,2,0,0,0,0
il,17031720500,17031320102,7,8,9,9,0,0,0,0
il,17031730700,17031839100,14,16,23,27,0,0,0,0
il,17031740200,17043840201,19,19,19,19,0,1,1,2
il,17031750100,17031691500,6,6,8,9,0,0,0,0
il,17031760802,17031260500,8,8,8,9,0,0,0,2
il,17031770201,17097865400,14,17,17,17,1,1,1,4
il,17031770202,17043841102,0,2,2,2,0,0,0,0
il,17031770400,17031823602,16,19,19,18,1,1,1,1
il,17031770601,17031770202,5,5,4,4,0,0,0,0
il,17031770901,17031650500,17,18,18,21,0,0,0,2
il,17031770901,17031839100,8,9,9,11,0,0,0,2
il,17031770902,17031806202,4,4,4,4,0,0,0,1
il,17031800100,17031280100,12,14,15,15,0,0,0,2
il,17031800600,17031837800,13,14,15,14,0,0,0,1
il,17031801000,17031980000,7,8,7,7,0,0,0,2
il,17031801100,17031010400,1,2,2,2,0,0,0,0
il,17031801100,17031839100,6,7,7,7,0,0,0,1
il,17031801300,17031808702,0,0,0,0,0,0,0,0
il,17031801500,17031801608,1,1,1,1,0,0,0,0
il,17031801605,17031030500,17,18,16,16,1,1,1,1
il,17031801606,17031802505,0,0,0,0,0,0,0,0
il,17031801607,17031808100,10,10,8,8,0,0,0,1
il,17031801608,17043841708,8,9,12,15,0,0,0,3
il,17031801702,17031801701,0,0,0,0,0,0,0,0
il,17031801901,17031804204,9,10,13,12,0,1,1,2
il,17031802002,17043846405,6,6,7,9,1,1,1,3
il,17031802503,17031842200,13,15,15,19,0,0,0,3
il,17031802605,17031805108,1,1,1,1,0,0,0,0
il,17031802607,17031804510,7,8,8,8,0,0,0,0
il,17031802608,17031811500,6,7,7,9,0,0,0,3
il,17031802609,17031804603,3,3,4,3,0,0,0,0
il,17031802701,17031810502,7,8,8,9,0,0,0,1
il,17031802802,17043844402,7,12,13,14,0,0,0,2
il,17031802802,17097864802,4,5,5,5,0,0,0,1
il,17031803008,17031803500,2,3,3,3,0,0,0,1
il,17031803008,17097863601,8,10,10,13,0,0,0,3
il,17031803010,17031130100,15,19,18,18,0,0,0,2
il,17031803013,17031670300,16,20,20,24,0,0,0,3
il,17031803016,17043842702,5,6,6,6,0,0,0,2
il,17031803017,17031320600,17,18,18,19,0,0,0,4
il,17031803017,17043844306,10,16,18,19,0,0,0,3
il,17031803100,17031802505,2,3,3,2,0,0,0,0
il,17031803200,17031842200,10,10,10,14,0,0,0,7
il,17031803300,17031839100,12,12,12,15,0,0,0,7
il,17031803400,17031804603,3,4,4,4,0,0,0,0
il,17031803500,17031070700,5,7,7,9,0,0,0,2
il,17031803500,17031803300,0,0,0,0,0,0,0,0
il,17031803500,17031804803,2,3,3,3,0,0,0,0
il,17031803500,17097861803,15,15,15,17,0,0,0,2
il,17031803500,17097864802,6,7,7,6,0,0,0,0
il,17031803603,17089850105,3,4,4,4,0,0,0,0
il,17031803607,17031803500,0,0,0,0,0,0,0,0
il,17031803608,17031802404,1,2,3,4,0,0,0,1
il,17031803611,17031820901,34,40,39,39,0,0,0,6
il,17031803614,17097864110,3,3,3,4,0,0,0,0
il,17031803614,17099962700,10,17,17,20,0,0,0,5
il,17031803616,17031803605,0,0,0,0,0,0,0,0
il,17031803800,17031770601,8,8,8,9,0,0,0,6
il,17031804104,17031280100,3,4,4,7,0,0,0,3
il,17031804105,17089850600,5,4,4,4,0,0,0,0
il,17031804108,17031801601,5,6,6,5,0,0,0,2
il,17031804202,17031804701,0,0,0,0,0,0,0,0
il,17031804203,17043840101,5,6,6,7,1,1,1,2
il,17031804306,17031770500,12,12,13,12,0,0,0,1
il,17031804316,17031980000,0,0,0,0,0,0,0,0
il,17031804403,17031801702,3,4,6,5,0,0,0,1
il,17031804403,17031839100,3,4,4,7,0,0,0,3
il,17031804404,17089850800,0,0,0,0,0,0,0,0
il,17031804505,17043841204,2,3,3,3,0,0,0,2
il,17031804506,17031804711,1,1,1,1,0,0,0,0
il,17031804508,17097864802,7,11,12,13,0,0,0,0
il,17031804509,17031802605,5,6,6,6,0,0,0,1
il,17031804510,17031805107,14,14,15,17,0,0,0,2
il,17031804512,17043841114,5,5,4,4,0,0,0,0
il,17031804513,17031770400,4,6,4,4,0,0,0,0
il,17031804513,17031804505,0,0,0,0,0,0,0,0
il,17031804513,17043841307,0,0,0,0,0,0,0,0
il,17031804603,17037001800,13,15,14,13,0,0,0,0
il,17031804606,17031100200,7,7,8,8,0,0,0,2
il,17031804607,17043843200,11,11,11,10,0,0,0,1
il,17031804608,17043846413,8,9,9,9,0,0,0,4
il,17031804609,17031351000,9,12,11,14,0,0,0,4
il,17031804611,17031839100,9,11,10,13,0,0,0,4
il,17031804710,17043840201,4,5,5,5,0,0,0,1
il,17031804711,17031020602,2,3,3,4,0,0,0,1
il,17031804711,17031770202,1,1,1,1,0,0,0,0
il,17031804711,17089850301,3,3,3,3,2,1,1,1
il,17031804711,17097863702,8,8,8,9,0,0,0,4
il,17031804803,17031804000,3,5,5,5,0,0,0,0
il,17031804804,17031770700,3,4,5,7,0,0,0,1
il,17031804804,17031804709,2,3,3,3,0,0,0,0
il,17031804805,17031770700,5,6,5,5,0,0,0,1
il,17031804806,17031817600,6,7,9,11,0,0,0,4
il,17031804810,17043844601,6,9,11,13,0,0,0,2
il,17031804901,17031801601,3,3,3,3,0,0,0,2
il,17031804902,17031010202,6,5,5,3,0,0,0,1
il,17031804902,17031806600,0,0,0,0,0,0,0,0
il,17031805001,17031805111,0,0,0,0,0,0,0,0
il,17031805001,17043842900,10,10,11,11,0,0,0,0
il,17031805002,17031804308,5,6,6,6,0,0,0,0
il,17031805105,17031804603,1,1,1,1,0,0,0,0
il,17031805111,17031280400,2,5,6,10,0,0,0,3
il,17031805201,17031838100,8,10,9,14,0,0,0,3
il,17031805202,17031823803,28,32,33,36,0,0,0,4
il,17031805401,17031802505,6,9,9,9,0,0,0,0
il,17031805401,17031808800,4,4,4,5,0,0,0,0
il,17031805502,17031822102,20,21,21,23,0,0,0,2
il,17031805802,17031770400,3,4,5,6,0,0,0,4
il,17031805902,17031770202,5,5,4,4,0,0,0,0
il,17031805902,17097862901,6,7,8,8,0,0,0,1
il,17031806004,17031801200,4,4,4,5,1,1,1,1
il,17031806004,17097864700,7,8,8,8,1,1,1,1
il,17031806102,17031390500,7,8,8,12,0,0,0,2
il,17031806102,17031805902,1,1,1,1,0,0,0,0
il,17031806103,17031040201,5,4,4,4,0,0,0,2
il,17031806300,17031804701,2,2,2,1,0,0,0,0
il,17031806600,17031805111,1,2,2,2,0,0,0,0
il,17031806600,17097865000,3,3,3,3,1,1,1,2
il,17031806801,17031801603,4,4,5,6,0,0,0,0
il,17031806802,17043840705,6,7,7,10,0,0,0,3
il,17031806900,17031760801,7,7,6,6,0,0,0,2
il,17031807000,17031063000,7,8,9,10,0,0,0,1
il,17031807400,17031839100,5,7,8,11,0,0,0,2
il,17031807800,17167002700,13,17,19,24,0,0,0,2
il,17031807900,17031801800,4,4,4,4,0,0,0,0
il,17031807900,17031807600,1,2,2,2,0,0,0,0
il,17031808001,17031770700,8,8,7,9,0,0,0,0
il,17031808100,17031830800,8,9,9,9,0,0,0,2
il,17031808301,17031801800,2,3,3,3,0,0,0,0
il,17031808302,17031841900,4,7,8,13,0,0,0,2
il,17031808500,17031839100,4,6,7,12,0,0,0,2
il,17031809100,17031808800,0,0,0,0,0,0,0,0
il,17031809200,17031809500,0,0,0,0,0,0,0,0
il,17031809300,17031836200,16,18,23,27,0,0,0,1
il,17031809402,17031830600,0,0,0,0,0,0,0,0
il,17031809500,17031630600,6,9,9,9,0,0,0,1
il,17031809900,17031839100,7,7,7,7,0,0,0,1
il,17031810301,17031320400,10,12,17,22,0,0,0,1
il,17031810400,17031330101,8,9,9,12,0,0,0,3
il,17031810502,17075950300,21,25,27,29,0,0,0,5
il,17031810701,17031811701,2,2,3,3,0,0,0,1
il,17031811000,17031811701,6,6,7,7,0,0,0,1
il,17031811200,17031770500,8,10,9,11,0,0,0,3
il,17031811500,17031805112,1,2,2,2,0,0,0,0
il,17031811500,17031836700,13,14,14,14,0,0,0,3
il,17031811500,17031843200,14,15,15,15,0,0,0,3
il,17031811600,17031100700,4,4,4,4,0,0,0,0
il,17031811600,17031811701,4,4,4,4,0,0,0,0
il,17031811701,17031190602,10,10,11,11,0,0,0,0
il,17031811800,17043841210,8,9,13,14,0,0,0,1
il,17031812100,17031811900,0,0,0,0,0,0,0,0
il,17031812100,17031839100,5,5,5,6,0,0,0,1
il,17031812500,17031833000,5,5,5,6,0,0,0,1
il,17031812802,17031842200,3,3,3,3,0,0,0,0
il,17031812900,17031839100,7,8,11,14,0,0,0,0
il,17031813100,17031812802,0,0,0,0,0,0,0,0
il,17031813302,17197884101,7,10,10,12,0,0,0,3
il,17031813600,17031550100,9,9,13,13,0,0,0,0
il,17031814500,17031281900,2,3,3,3,0,0,0,0
il,17031814600,17031817600,4,5,5,5,0,0,0,0
il,17031814900,17031050300,12,12,12,12,0,0,0,0
il,17031814900,17031250500,1,1,1,1,0,0,0,0
il,17031814900,17031839100,10,11,14,17,0,0,0,1
il,17031815000,17031811701,8,9,9,8,0,0,0,1
il,17031815300,17031812802,1,1,1,1,0,0,0,0
il,17031815300,17031817600,5,7,7,8,0,0,0,1
il,17031815400,17097864801,16,19,18,20,0,0,0,1
il,17031815600,17031310200,5,7,6,6,0,0,0,2
il,17031815702,17031320102,10,11,10,10,0,0,0,0
il,17031815702,17031320400,10,12,12,13,0,0,0,0
il,17031815702,17031813500,1,1,1,1,0,0,0,0
il,17031815702,17031818600,1,1,1,1,0,0,0,0
il,17031816000,17031320400,13,16,21,25,0,0,0,0
il,17031816000,17031820103,5,5,5,5,0,0,0,0
il,17031816200,17031817102,2,2,2,2,0,0,0,0
il,17031816300,17031820501,9,11,12,12,0,0,0,1
il,17031816500,17031811301,1,1,1,1,0,0,0,0
il,17031816500,17031815600,5,7,8,8,0,0,0,2
il,17031816800,17031820300,8,9,10,10,0,0,0,0
il,17031816900,17031081800,13,16,20,23,0,0,0,0
il,17031816900,17031980000,6,6,6,4,0,0,0,0
il,17031817000,17031081800,13,16,20,23,0,0,0,0
il,17031817200,17043844304,6,7,7,7,0,0,0,1
il,17031817300,17043844310,2,3,4,5,0,0,0,0
il,17031817900,17031812500,1,2,2,2,0,0,0,0
il,17031818300,17031081500,15,19,23,28,0,0,0,1
il,17031818401,17031810400,7,8,8,9,0,0,0,0
il,17031818500,17031081201,17,22,26,30,0,0,0,3
il,17031818900,17031805802,11,12,12,13,0,0,0,0
il,17031818900,17031838100,3,4,4,4,0,0,0,0
il,17031819100,17031814800,5,5,5,5,1,1,1,1
il,17031819200,17031817600,4,5,6,6,0,0,0,0
il,17031819300,17031819000,3,3,3,3,0,0,0,0
il,17031819700,17031817102,3,3,3,3,0,0,0,1
il,17031820104,17031839100,2,2,2,3,0,0,0,2
il,17031820203,17031281900,6,7,7,8,0,0,0,1
il,17031820203,17197880123,8,10,12,12,0,0,0,0
il,17031820501,17043846002,9,9,9,9,0,0,0,0
il,17031820502,17031820901,0,0,0,0,0,0,0,0
il,17031820700,17031817102,12,15,15,17,0,0,0,1
il,17031820700,17031839100,5,6,6,6,0,0,0,1
il,17031820800,17031843000,4,4,4,4,0,0,0,1
il,17031820901,17031843200,0,1,1,1,0,0,0,1
il,17031820902,17031839100,2,3,3,3,0,0,0,1
il,17031821101,17197883504,15,19,19,20,0,0,0,0
il,17031821401,17031823602,4,3,3,2,0,0,0,0
il,17031821900,17031836200,4,4,6,6,0,0,0,4
il,17031822200,17031823703,1,1,1,1,0,0,0,0
il,17031822302,17031550100,15,15,16,15,0,0,1,2
il,17031822500,17031080100,8,10,10,9,0,0,0,1
il,17031822801,17043840904,14,15,15,15,0,0,0,1
il,17031823002,17031740100,2,2,3,3,0,0,0,0
il,17031823200,17031839100,5,5,5,5,0,0,0,1
il,17031823602,17031822102,5,5,4,3,0,0,0,1
il,17031823605,17031823002,1,1,1,1,0,0,0,0
il,17031823605,17031824701,3,3,4,4,0,0,0,0
il,17031823703,17031823102,4,5,5,4,0,0,0,0
il,17031823703,17043846504,7,9,12,12,0,0,0,0
il,17031823705,17031806502,21,24,23,24,0,0,0,1
il,17031823801,17031822102,3,4,4,4,0,0,0,1
il,17031823803,17031061500,14,16,16,16,0,0,0,2
il,17031823806,17031804806,8,8,9,10,1,2,2,6
il,17031823904,17031815300,14,15,15,14,1,1,1,2
il,17031824005,17043845902,4,4,4,4,0,0,0,0
il,17031824006,17197881401,3,3,3,3,0,0,0,0
il,17031824105,17089852906,0,0,0,0,0,0,0,0
il,17031824106,17031824116,1,2,2,2,0,0,0,0
il,17031824107,17197881112,4,5,5,6,0,0,0,0
il,17031824107,17197883100,4,5,5,5,0,0,0,0
il,17031824113,17043844601,2,2,3,3,0,0,0,0
il,17031824119,17197883516,1,2,2,2,0,0,0,1
il,17031824123,17031822102,9,9,9,9,0,0,0,0
il,17031824123,17089854700,6,7,7,7,0,0,0,0
il,17031824126,17031820902,9,10,10,10,0,0,0,1
il,17031824300,17197883602,8,8,9,9,0,0,0,0
il,17031824503,17031822102,3,3,3,3,0,0,0,0
il,17031824503,17097861504,10,10,10,10,0,0,0,2
il,17031824602,17031822102,8,8,7,6,0,0,0,1
il,17031824701,17197883504,7,7,7,7,0,0,0,0
il,17031824702,17031820901,14,14,14,13,0,0,0,2
il,17031824800,17163503416,8,10,11,13,0,0,0,3
il,17031825505,17031830004,2,2,2,2,0,0,0,0
il,17031825600,17043844602,5,7,7,7,0,0,0,0
il,17031825900,17031839100,17,20,27,31,0,0,0,0
il,17031826000,17031825304,2,4,4,4,0,0,0,2
il,17031826000,17197881108,3,4,4,4,0,0,0,2
il,17031826201,17031808702,23,26,35,41,0,0,0,1
il,17031826202,17031822102,16,19,20,20,0,0,0,1
il,17031826202,17031839100,18,21,28,32,0,0,0,0
il,17031826301,17031820501,5,5,5,5,0,0,0,0
il,17031826303,17031829000,5,5,5,5,0,0,0,0
il,17031826303,17031841800,8,9,9,9,0,0,0,0
il,17031826304,17031320102,16,19,26,30,0,0,0,0
il,17031826402,17031252101,25,29,40,50,0,0,0,0
il,17031826600,17031828401,4,4,4,4,0,0,0,0
il,17031827000,17031320400,15,17,24,28,0,0,0,1
il,17031827100,17031081500,15,18,25,30,0,0,0,1
il,17031827700,17031805107,12,11,11,13,0,0,0,1
il,17031827802,17031770300,11,13,12,14,1,1,1,4
il,17031827802,17031839100,14,16,23,27,0,0,0,0
il,17031828201,17031839100,18,22,29,33,0,0,0,0
il,17031828202,17031081500,22,27,34,39,0,0,0,1
il,17031828402,17031824124,4,5,5,6,1,1,1,1
il,17031828503,17031817600,13,16,17,20,0,0,0,0
il,17031828503,17031830005,6,7,7,7,0,0,0,0
il,17031828505,17031231200,24,28,35,42,0,0,0,2
il,17031828505,17031838200,19,24,31,36,0,0,0,0
il,17031828508,17031271400,26,30,37,47,0,0,0,0
il,17031828601,17031831400,21,22,21,21,0,0,0,4
il,17031828802,17031836200,20,20,22,22,0,0,0,1
il,17031828802,17197881115,3,6,8,9,0,0,0,2
il,17031828802,17197883602,2,2,2,2,0,0,0,2
il,17031829500,17031320102,21,24,31,35,0,0,0,0
il,17031829600,17201000104,41,45,47,50,0,0,0,1
il,17031829903,17031980000,9,9,9,9,0,0,0,0
il,17031830004,17031807600,28,30,29,28,0,0,0,2
il,17031830004,17031824129,2,3,3,3,0,0,0,0
il,17031830005,17197883100,6,10,12,12,0,0,0,2
il,17031830008,17197883307,4,6,6,6,0,0,0,5
il,17031831200,17031980000,1,1,2,2,0,0,0,0
il,17031831500,17031150402,4,4,4,4,0,0,0,0
il,17031831800,17031805901,3,3,3,3,0,0,0,0
il,17031832100,17031081700,1,1,1,1,0,0,0,0
il,17031832100,17031320102,5,5,6,5,0,0,0,0
il,17031832100,17043842703,30,36,43,48,0,0,0,0
il,17031832200,17031842200,2,2,2,2,0,0,0,0
il,17031833000,17031081500,4,4,4,5,0,0,0,1
il,17031833100,17031320101,3,3,3,3,0,0,0,0
il,17031833100,17031833000,0,0,0,0,0,0,0,0
il,17031833300,17031410700,3,4,4,6,1,1,1,1
il,17031834300,17031320400,5,6,6,6,0,0,0,0
il,17031835000,17031817400,16,17,18,23,0,0,0,0
il,17031835800,17031660900,6,6,7,7,0,0,0,0
il,17031836600,17031838100,2,2,2,2,0,0,0,1
il,17031836700,17031320102,3,3,3,3,0,0,0,0
il,17031836700,17179020100,14,17,17,17,0,0,0,4
il,17031837000,17031150502,7,7,7,7,0,0,0,0
il,17031838300,17167003100,11,14,14,15,0,0,0,4
il,17031839900,17043844501,16,20,26,33,0,0,0,2
il,17031840000,17031814500,2,2,2,2,0,0,0,1
il,17031840700,17031081201,4,5,5,5,0,0,0,0
il,17031840700,17031841000,2,2,2,2,0,0,0,0
il,17031841800,17091010602,9,10,15,18,0,0,0,2
il,17031842100,17031817600,9,9,10,13,0,0,0,0
il,17031842200,17031770602,1,2,3,3,0,0,0,1
il,17031842300,17031839100,3,4,5,5,0,0,0,0
il,17031842400,17031838100,12,16,21,27,0,1,1,1
il,17031842800,17031161200,7,7,7,7,0,0,0,0
il,17031843100,17031241300,1,1,1,1,0,0,0,0
il,17033880400,17033880500,0,1,1,1,0,0,0,0
il,17037000100,17201003805,8,10,10,11,0,0,0,1
il,17037000401,17037000600,0,0,0,0,0,0,0,0
il,17037000402,17031804711,1,1,1,1,0,0,0,0
il,17037000402,17167001300,9,9,10,15,0,0,0,3
il,17037001002,17043840201,13,14,13,14,0,0,0,0
il,17037001002,17089850103,7,7,7,8,0,0,0,0
il,17037001600,17089850600,2,2,2,2,0,0,0,0
il,17037002000,17037002100,0,0,0,0,0,0,0,0
il,17037002200,17089850400,9,9,9,10,0,0,0,0
il,17039971800,17027900403,11,11,13,13,0,0,0,1
il,17039971800,17031320101,11,19,22,23,0,0,0,2
il,17043840101,17043844602,18,17,17,17,1,1,1,1
il,17043840103,17031804603,10,10,10,10,0,1,1,2
il,17043840103,17031980000,4,4,4,4,0,0,0,1
il,17043840201,17043844307,8,8,8,8,0,0,0,3
il,17043840703,17031842200,13,13,13,14,0,0,0,3
il,17043840907,17031770300,4,5,5,6,0,0,0,0
il,17043840908,17043844310,3,3,3,4,0,0,0,1
il,17043841002,17031980000,9,8,8,8,0,0,0,1
il,17043841004,17031770700,9,8,8,8,0,0,0,1
il,17043841004,17031804203,4,5,5,5,1,1,1,2
il,17043841104,17043842710,8,8,8,9,0,0,0,1
il,17043841108,17031840700,29,33,34,37,0,0,0,5
il,17043841111,17031770400,13,13,12,13,0,0,0,2
il,17043841112,17031081401,34,35,35,38,0,0,0,5
il,17043841112,17097865400,14,16,17,17,1,1,1,3
il,17043841114,17031826800,23,23,22,21,0,0,0,0
il,17043841209,17089852606,4,4,4,4,0,0,0,0
il,17043841308,17031839100,33,38,42,47,0,0,0,3
il,17043841308,17089852500,6,6,6,6,0,0,0,0
il,17043841314,17043840104,10,11,10,11,0,0,0,3
il,17043841314,17043844309,9,10,9,10,0,0,0,4
il,17043841320,17031804608,2,2,2,2,0,0,0,0
il,17043841321,17031803702,2,2,4,4,0,0,0,1
il,17043841322,17043840910,3,3,3,4,0,0,0,0
il,17043841403,17031770700,15,15,17,17,0,0,0,3
il,17043841404,17043842702,4,4,5,6,0,0,0,1
il,17043841404,17197880314,5,5,6,6,0,0,0,1
il,17043841503,17019000301,11,14,17,19,0,0,0,3
il,17043841604,17043846413,1,1,1,2,0,0,0,1
il,17043841604,17043846509,2,2,3,4,0,0,0,1
il,17043841607,17031320102,17,27,33,37,0,0,0,3
il,17043841607,17043841603,1,2,2,2,0,0,0,0
il,17043841706,17031818900,9,11,12,12,0,0,0,0
il,17043841801,17043844701,15,16,16,14,0,0,0,1
il,17043841802,17043840908,6,6,7,8,0,0,0,1
il,17043841901,17043841312,5,6,7,7,0,0,0,1
il,17043842000,17031839100,19,23,28,33,0,0,0,0
il,17043842000,17043842200,4,4,4,4,0,0,0,0
il,17043842200,17031281900,19,23,28,34,0,0,0,0
il,17043842400,17197880114,6,8,8,9,0,0,0,0
il,17043842500,17031836200,27,33,39,46,0,0,0,3
il,17043842601,17043846504,1,1,1,1,0,0,0,0
il,17043842602,17043846504,1,1,1,1,0,0,0,0
il,17043842710,17031980000,4,6,7,6,0,0,0,0
il,17043842710,17089852906,6,6,7,9,0,0,0,1
il,17043843200,17031818401,7,7,7,7,0,0,0,0
il,17043843200,17043846702,0,0,0,0,0,0,0,0
il,17043843302,17031071000,21,22,22,24,0,0,0,1
il,17043843800,17031838100,13,17,22,27,0,0,0,0
il,17043843800,17043841704,7,7,7,7,0,0,0,2
il,17043844001,17105960500,9,11,11,11,0,0,0,0
il,17043844201,17031804308,5,7,9,11,0,0,0,0
il,17043844304,17043846313,2,2,2,2,0,0,0,0
il,17043844306,17197880427,4,5,4,4,0,0,0,0
il,17043845000,17031824106,7,7,7,7,0,0,0,0
il,17043845000,17031839100,10,11,11,11,0,0,0,1
il,17043845300,17031806600,5,6,7,7,0,0,0,1
il,17043845506,17031561000,9,9,9,9,0,0,0,0
il,17043845508,17031839100,9,10,10,10,0,0,0,1
il,17043845602,17031839100,10,10,10,10,0,0,0,1
il,17043845702,17031805902,1,1,1,1,0,0,0,0
il,17043845702,17031980000,3,3,3,3,0,0,0,0
il,17043845702,17043844601,3,3,3,3,0,0,0,0
il,17043845702,17043844701,0,0,0,0,0,0,0,0
il,17043845704,17043844304,2,2,2,2,0,0,0,0
il,17043845802,17043840705,9,11,12,13,0,0,0,2
il,17043845802,17043844702,3,3,3,3,0,0,0,0
il,17043845803,17031820901,3,5,5,5,1,1,1,1
il,17043845808,17031811800,5,5,5,6,0,0,0,2
il,17043845811,17031824004,1,1,1,1,0,0,0,0
il,17043845902,17031770300,13,17,18,20,1,1,1,4
il,17043846102,17031839100,11,15,20,25,0,0,0,3
il,17043846102,17043844802,0,0,0,0,0,0,0,0
il,17043846105,17043844601,1,1,1,1,0,0,0,0
il,17043846106,17093890103,1,3,3,3,0,0,0,0
il,17043846201,17031760801,7,8,8,9,0,0,0,0
il,17043846205,17031830006,6,7,7,8,0,0,0,1
il,17043846207,17031811900,10,11,11,12,0,0,0,1
il,17043846305,17031062400,19,24,29,34,0,0,0,1
il,17043846307,17043846405,3,4,4,4,0,0,0,0
il,17043846308,17043846002,2,3,3,2,0,0,0,1
il,17043846310,17031500200,14,16,19,19,0,0,0,1
il,17043846311,17043846102,3,3,3,3,0,0,0,1
il,17043846312,17031320102,17,21,26,31,1,1,1,5
il,17043846312,17031801601,3,3,3,4,1,1,1,3
il,17043846312,17031804510,12,15,15,16,1,1,1,2
il,17043846314,17031281900,13,17,22,28,0,0,0,1
il,17043846404,17031330101,22,27,32,38,0,0,0,0
il,17043846409,17007010400,7,7,7,7,0,0,0,0
il,17043846409,17093890103,3,4,4,4,0,0,0,0
il,17043846410,17031839100,12,16,21,26,1,1,1,4
il,17043846410,17043846509,1,1,1,1,0,0,0,0
il,17043846412,17031802300,3,4,4,4,0,0,0,0
il,17043846507,17089854900,7,7,7,7,0,0,0,0
il,17043846509,17031281900,15,19,25,31,1,1,1,4
il,17043846511,17097866200,2,2,2,2,1,1,1,1
il,17043846517,17043844402,2,3,3,3,0,0,0,0
il,17043846521,17031803008,7,10,10,12,0,0,0,4
il,17043846521,17031804803,17,17,19,20,0,0,0,4
il,17043846521,17043841605,2,2,2,2,0,0,0,0
il,17043846523,17043846504,0,0,0,0,0,0,0,0
il,17043846603,17043840304,0,0,0,0,0,0,0,0
il,17045070500,17023060200,0,1,1,2,0,0,0,0
il,17047956900,17193958100,2,2,2,2,1,1,1,1
il,17049950300,17081050500,0,0,0,0,0,0,0,0
il,17049950600,17135957900,1,1,2,4,0,0,0,0
il,17051950800,17051951100,0,0,0,0,0,0,0,0
il,17051951100,17167001004,7,11,12,12,0,0,0,2
il,17055040100,17081051000,0,0,0,0,0,0,0,0
il,17055040800,17065973100,1,1,1,1,0,0,0,0
il,17057953500,17057953600,0,0,0,0,0,0,0,0
il,17061973800,17001010400,1,1,1,1,0,0,0,1
il,17061973800,17117956300,1,1,1,1,0,0,0,0
il,17063000102,17043845810,5,8,8,8,0,0,0,0
il,17063000102,17063000400,7,7,6,6,0,0,0,0
il,17063000103,17197881108,9,10,10,9,0,1,1,1
il,17063000400,17063000700,1,1,1,1,1,1,1,1
il,17063000700,17031805107,12,13,13,16,1,1,1,3
il,17073030100,17161021100,2,2,2,2,0,0,0,0
il,17073030202,17031807300,11,13,12,12,1,1,1,4
il,17073031000,17031804513,12,13,13,13,0,0,0,0
il,17073031100,17175951500,0,0,1,1,0,0,0,0
il,17075950100,17091010602,6,5,5,6,0,0,0,3
il,17075950500,17031770400,19,24,26,29,0,0,0,1
il,17075950700,17019001302,4,4,4,7,0,0,0,0
il,17077011002,17077011702,1,1,1,1,0,0,0,0
il,17081050400,17043846519,10,14,14,16,0,0,0,4
il,17081050600,17081051000,0,0,0,0,0,0,0,0
il,17081050800,17081050500,0,0,0,0,0,0,0,0
il,17089850101,17031804105,2,2,2,2,1,2,2,2
il,17089850106,17031831100,5,6,6,8,0,0,0,3
il,17089850301,17089850106,1,1,1,1,0,0,0,0
il,17089850705,17031815600,27,32,32,34,0,0,0,0
il,17089850705,17031824115,29,31,29,30,0,0,0,0
il,17089850705,17031980000,2,2,2,2,0,0,0,0
il,17089850707,17089850301,3,3,3,3,0,0,0,0
il,17089850707,17097864521,9,8,8,8,0,0,0,0
il,17089850708,17043840705,21,23,21,21,0,0,0,2
il,17089850710,17089854600,1,1,1,1,0,0,0,1
il,17089851000,17031320102,3,4,4,8,0,0,0,3
il,17089851000,17031770700,0,0,0,0,0,0,0,0
il,17089851000,17031820901,31,35,34,34,0,0,0,4
il,17089851400,17097864408,6,6,6,6,0,0,0,0
il,17089851600,17043840802,13,14,13,14,0,0,0,1
il,17089851904,17031818000,25,27,26,27,0,0,0,4
il,17089851904,17089850703,0,0,0,0,0,0,0,0
il,17089851907,17031804709,4,5,4,4,0,0,0,0
il,17089851909,17091010500,11,16,18,18,0,0,0,1
il,17089851910,17089853006,7,9,9,9,0,0,0,0
il,17089852001,17097861603,12,13,12,13,0,0,0,3
il,17089852101,17091011700,17,20,21,22,0,0,0,1
il,17089852201,17031838100,24,30,38,43,0,0,0,2
il,17089852201,17197880202,5,8,8,9,0,0,0,0
il,17089852204,17197880124,7,8,8,8,1,1,1,3
il,17089852404,17043842200,12,14,16,16,0,0,0,2
il,17089852405,17197880508,10,11,11,12,0,0,0,3
il,17089852500,17089850103,6,8,8,8,0,0,0,0
il,17089852608,17031839100,28,33,39,43,0,0,0,3
il,17089852808,17097866200,15,17,16,17,0,0,0,0
il,17089852903,17089853402,1,1,1,1,0,0,0,0
il,17089852907,17031822801,10,11,14,15,0,0,0,0
il,17089853001,17089852906,2,2,2,1,0,0,0,0
il,17089853004,17089852300,1,1,1,1,0,0,0,0
il,17089853300,17089853602,1,1,1,1,0,0,0,1
il,17089853402,17031770700,1,1,1,1,0,0,0,0
il,17089853900,17089852607,2,2,2,2,0,0,0,0
il,17089853900,17089852907,0,0,0,0,0,0,0,0
il,17089854001,17031815600,1,2,2,2,0,0,0,1
il,17089854002,17031816500,3,3,3,4,0,0,0,2
il,17089854002,17089850600,7,9,9,9,0,0,0,1
il,17089854002,17089853001,2,2,2,2,0,0,0,0
il,17089854200,17031320102,15,19,24,29,0,0,0,4
il,17089854200,17089852906,1,1,1,1,0,0,0,1
il,17089854402,17031801601,3,3,4,5,0,0,0,1
il,17089854505,17031801901,23,26,27,29,0,1,1,1
il,17089854505,17043841403,4,4,4,4,0,0,0,2
il,17089854507,17097860500,12,12,12,13,0,0,0,0
il,17089854800,17031804308,4,5,5,5,0,0,0,0
il,17089854800,17089852808,1,1,1,1,0,0,0,0
il,17091010601,17091012000,2,2,2,2,0,0,0,0
il,17091010602,17043846409,16,19,20,20,0,0,0,1
il,17091010701,17031818500,16,24,25,26,0,0,0,1
il,17091010800,17075950400,0,0,0,0,0,0,0,0
il,17091010800,17091010900,0,0,0,0,0,0,0,0
il,17091011800,17105960400,4,4,5,5,0,0,0,0
il,17093890104,17141961600,5,5,5,6,0,0,0,1
il,17093890107,17043846518,1,2,2,2,0,0,0,0
il,17093890201,17197883514,9,10,11,12,0,0,0,2
il,17093890202,17031808100,11,12,12,12,1,1,1,4
il,17093890301,17031805107,12,14,14,17,1,1,1,9
il,17093890301,17089853900,1,1,1,1,1,1,1,1
il,17093890403,17031826402,10,11,16,18,0,0,0,1
il,17093890403,17111871110,15,18,18,17,0,0,0,1
il,17093890501,17031070200,15,20,25,29,0,0,0,3
il,17093890501,17031817600,3,5,6,7,0,0,0,1
il,17093890502,17043846519,2,3,3,4,0,0,0,3
il,17093890602,17031842600,12,15,15,15,0,0,0,0
il,17093890602,17197880424,2,2,2,2,0,0,0,0
il,17093890702,17043844602,8,9,10,11,1,1,1,3
il,17093890703,17037001600,1,1,1,1,0,0,0,0
il,17093890703,17197881010,11,13,13,12,0,0,0,0
il,17095000300,17095001100,1,1,1,1,0,0,0,0
il,17095000500,17097866200,19,19,20,23,0,0,0,1
il,17095001200,17095000600,1,1,1,1,0,0,0,0
il,17095001400,17057952800,0,0,0,0,0,0,0,0
il,17095001600,17095001100,3,3,3,3,0,0,0,0
il,17097860105,17097861011,1,1,1,1,0,0,0,0
il,17097860105,17097861508,0,1,1,1,0,0,0,1
il,17097860806,17097860200,3,3,4,5,0,0,0,0
il,17097860807,17097864513,6,7,7,7,1,1,1,1
il,17097860808,17031220702,24,25,26,27,0,0,0,3
il,17097860905,17031081401,23,25,26,30,0,0,0,5
il,17097860907,17097860903,1,1,1,1,0,0,0,0
il,17097860908,17031839100,23,26,27,30,0,0,0,5
il,17097860908,17097861106,3,3,3,3,0,0,0,1
il,17097861007,17097860903,2,2,2,2,0,0,0,1
il,17097861014,17097864001,1,1,1,1,0,0,0,0
il,17097861106,17031801601,7,7,8,8,0,0,0,0
il,17097861107,17097863702,2,3,3,3,0,0,0,0
il,17097861108,17097861106,0,0,0,0,0,0,0,0
il,17097861202,17031802605,11,11,12,12,0,0,0,2
il,17097861402,17097864106,2,2,2,3,0,0,0,1
il,17097861508,17043844601,2,2,3,5,0,0,0,4
il,17097861508,17097863603,0,0,0,0,0,0,0,0
il,17097861603,17097863500,3,3,3,3,1,1,1,2
il,17097861607,17031839100,24,27,28,34,0,0,0,3
il,17097861610,17043841210,11,12,16,17,0,0,0,3
il,17097861611,17097861507,1,2,2,2,0,0,0,0
il,17097861804,17031804309,11,11,11,12,0,0,0,0
il,17097861901,17097863702,3,3,4,5,0,0,0,1
il,17097862603,17097863202,2,2,2,2,0,0,0,0
il,17097862604,17031802702,7,8,8,8,0,0,0,0
il,17097862604,17097863801,2,2,3,3,0,0,0,1
il,17097863300,17031841900,8,12,14,21,1,1,1,4
il,17097863603,17097864110,1,1,1,1,0,0,0,0
il,17097863701,17031803901,4,4,4,6,0,0,0,3
il,17097863701,17097863801,0,0,0,0,0,0,0,0
il,17097863903,17097861106,2,2,2,2,0,0,0,0
il,17097863904,17097864521,3,3,3,3,0,0,0,0
il,17097864001,17031081900,22,24,25,31,0,0,0,5
il,17097864001,17097866200,4,5,5,8,0,0,0,2
il,17097864002,17097864802,5,5,6,6,0,0,0,2
il,17097864109,17031802609,8,8,9,9,0,0,0,0
il,17097864110,17097864106,0,0,0,1,0,0,0,1
il,17097864207,17031804803,2,5,7,8,0,0,0,0
il,17097864207,17097864408,0,1,1,1,0,0,0,0
il,17097864207,17111870807,1,1,1,1,0,0,0,0
il,17097864303,17031320101,20,21,21,24,0,0,0,3
il,17097864303,17097864403,4,5,5,5,1,1,1,1
il,17097864306,17097861504,3,4,4,4,0,0,0,0
il,17097864308,17201000511,6,9,9,9,0,0,0,0
il,17097864410,17011964900,17,16,17,18,0,0,0,0
il,17097864511,17043845902,17,24,26,27,2,3,3,4
il,17097864511,17097864802,5,5,6,6,1,1,1,1
il,17097864512,17097864307,5,5,5,5,0,0,0,0
il,17097864516,17031830006,22,22,25,25,0,0,0,5
il,17097864518,17097863702,3,4,4,4,0,0,0,3
il,17097864519,17031833100,15,18,18,24,0,0,0,3
il,17097864520,17031841900,18,22,22,25,0,0,0,3
il,17097864520,17097865400,7,8,8,8,1,2,2,3
il,17097864521,17089854600,6,6,6,6,0,0,0,0
il,17097864901,17031280100,9,14,15,21,1,1,1,4
il,17097864901,17043846409,3,3,6,8,1,1,1,5
il,17097864904,17031770601,2,2,3,3,0,0,0,1
il,17097864904,17031806801,2,4,4,5,0,0,0,2
il,17097865801,17097864002,7,7,7,7,3,3,3,6
il,17097865802,17031280100,3,6,7,13,0,0,0,3
il,17097866000,17097863702,4,5,6,6,0,0,0,0
il,17097866100,17097861507,2,2,2,2,0,0,0,0
il,17099961701,17099961702,0,0,0,0,0,0,0,0
il,17099961900,17093890401,3,4,4,4,0,0,0,2
il,17099962200,17161024102,3,3,3,3,0,0,0,1
il,17099962900,17099963000,1,2,2,2,0,0,0,0
il,17099963100,17123961500,1,1,1,1,0,0,0,0
il,17099963900,17099962200,4,4,4,4,0,0,0,0
il,17099964000,17099963500,0,0,0,0,0,0,0,0
il,17099964200,17099963900,0,0,0,0,0,0,0,0
il,17103000400,17043846405,3,5,6,6,0,0,0,0
il,17103000600,17103000300,0,0,0,0,0,0,0,0
il,17103000600,17195001400,0,0,0,0,0,0,0,0
il,17103000800,17043846504,9,11,12,11,0,0,0,0
il,17103000800,17099962000,0,0,0,0,0,0,0,0
il,17105960400,17031820202,10,13,14,13,0,0,0,1
il,17105960700,17031842400,8,8,8,12,0,1,1,4
il,17107953100,17121951900,9,11,11,12,0,0,0,1
il,17107953400,17167000900,4,4,5,7,0,0,0,3
il,17109010402,17031804603,7,8,10,14,0,0,0,2
il,17111870104,17031071400,29,31,32,37,1,1,1,6
il,17111870104,17097862200,11,12,12,13,0,0,0,0
il,17111870105,17031770800,24,28,27,26,1,1,1,4
il,17111870200,17111870402,2,2,2,2,0,0,0,0
il,17111870200,17111870905,3,3,3,3,0,0,0,0
il,17111870402,17097864521,7,7,7,6,0,0,0,2
il,17111870404,17097864001,3,3,3,2,0,0,0,0
il,17111870501,17111871109,1,1,1,1,0,0,0,0
il,17111870605,17043841606,7,8,7,7,0,0,0,1
il,17111870605,17097864307,4,4,4,4,0,0,0,0
il,17111870605,17111870808,1,1,1,1,0,0,0,0
il,17111870807,17031839100,6,7,7,10,1,1,1,4
il,17111870808,17031839100,17,18,18,21,1,1,1,4
il,17111870808,17111871301,0,0,0,0,0,0,0,0
il,17111870814,17097861702,7,8,8,8,0,0,0,0
il,17111870814,17111871305,1,1,1,1,0,0,0,0
il,17111870903,17111870905,1,1,1,1,0,0,0,0
il,17111870903,17183000100,26,32,34,37,2,2,2,4
il,17111870904,17111870905,0,0,0,0,0,0,0,0
il,17111870905,17111870907,1,1,1,1,0,0,0,0
il,17111870906,17111870809,3,3,3,3,0,0,0,0
il,17111871003,17089850600,1,1,2,3,0,0,0,2
il,17111871004,17111871003,0,0,0,0,0,0,0,0
il,17111871105,17031811500,4,4,4,5,0,0,0,2
il,17111871107,17089850301,3,3,4,4,0,0,0,0
il,17111871113,17031833000,6,8,10,16,0,0,0,4
il,17111871114,17031770202,7,8,8,8,0,0,0,0
il,17111871114,17031804203,6,7,8,8,1,1,1,1
il,17111871115,17031803605,9,9,9,9,0,0,0,1
il,17111871206,17111870605,4,5,5,5,0,0,0,1
il,17111871307,17043840101,7,9,9,10,0,0,0,1
il,17111871307,17163503414,18,22,24,26,0,0,0,4
il,17111871402,17031804608,1,3,5,6,0,0,0,0
il,17111871402,17111870402,4,4,4,4,0,0,0,0
il,17111871501,17111871310,5,6,7,7,0,0,0,2
il,17111871502,17037002000,3,3,4,4,0,0,0,0
il,17113000108,17113000200,3,4,4,4,1,1,1,1
il,17113000200,17031802300,8,14,15,15,1,1,1,2
il,17113000501,17113000106,0,0,0,1,0,0,0,1
il,17113000506,17113005201,6,6,6,7,0,0,0,3
il,17113000507,17113001800,4,7,7,6,0,0,0,1
il,17113001103,17031081500,10,17,19,21,0,0,0,4
il,17113001105,17113001800,1,3,3,2,0,0,0,1
il,17113001106,17113001103,1,1,1,1,0,0,0,0
il,17113005102,17113001103,4,7,7,7,0,0,0,0
il,17113005402,17113001800,1,1,1,1,0,0,0,0
il,17113005501,17113001600,6,6,6,6,0,0,0,0
il,17113005502,17161021000,7,9,11,13,0,0,0,1
il,17113005800,17143001600,5,5,5,5,0,0,0,0
il,17115000300,17143003402,6,6,6,5,0,0,0,0
il,17115000400,17179020100,8,7,7,7,0,0,0,2
il,17115001300,17179020302,6,6,7,8,0,0,0,0
il,17115001400,17143003403,3,3,3,4,0,0,0,0
il,17115002100,17167000900,1,4,4,6,0,0,0,3
il,17115002500,17019010204,5,6,7,5,0,0,0,0
il,17115002500,17167004000,3,3,3,3,0,0,0,0
il,17115002602,17115002500,0,0,0,0,0,0,0,0
il,17115002602,17139977100,2,3,3,3,0,0,0,0
il,17115002901,17115002002,1,1,2,2,0,0,0,0
il,17115002904,17115001700,0,0,0,0,0,0,0,0
il,17115002905,17049950800,10,13,13,13,2,2,2,5
il,17117956000,17167001300,8,9,9,9,0,0,0,0
il,17117956400,17135957600,1,1,1,1,0,0,0,0
il,17117956700,17119402801,0,0,0,0,0,0,0,0
il,17117957100,17011965000,12,12,14,14,0,0,0,1
il,17117957100,17167001200,4,4,5,5,0,0,0,0
il,17117957200,17117957000,0,0,0,0,0,0,0,0
il,17119401101,17119401701,0,0,0,0,0,0,0,0
il,17119402000,17119402400,0,0,0,0,0,0,0,0
il,17119402100,17031804603,19,26,30,33,0,0,0,3
il,17119402721,17119401901,2,2,2,2,0,0,0,0
il,17119402721,17119402701,0,0,0,0,0,0,0,0
il,17119402721,17119403122,6,7,5,7,0,0,0,1
il,17119402803,17119402400,1,2,3,3,0,0,0,0
il,17119403533,17119403101,1,1,2,2,0,0,0,0
il,17119403702,17119401000,4,4,4,4,0,0,0,0
il,17119403801,17119401905,0,0,0,0,0,0,0,0
il,17121952200,17081050100,0,0,0,0,0,0,0,0
il,17127970300,17199020202,3,3,3,4,0,0,0,0
il,17129010100,17017960200,3,3,3,4,0,0,0,0
il,17131040100,17131040300,0,0,0,0,0,0,0,0
il,17131040300,17073031100,0,0,0,0,0,0,0,0
il,17133600104,17163503203,0,0,0,0,0,0,0,0
il,17133600501,17167001400,11,11,12,13,2,2,2,4
il,17135957800,17117956300,0,0,0,0,0,0,0,0
il,17137951900,17167001900,1,3,4,4,0,0,0,2
il,17139976900,17041952400,0,0,0,0,0,0,0,0
il,17139977200,17031839100,18,20,27,35,0,0,0,2
il,17139977200,17139976900,0,0,0,0,0,0,0,0
il,17139977200,17179021603,8,10,9,10,0,0,0,2
il,17141960700,17043846524,5,5,8,8,1,1,1,1
il,17141960700,17141961700,2,2,2,2,1,1,1,1
il,17141960900,17141961302,0,0,0,0,0,0,0,0
il,17141961100,17177000900,3,6,8,8,0,0,0,0
il,17141961400,17141960700,0,0,0,0,0,0,0,0
il,17141961500,17195000900,0,0,0,0,0,0,0,0
il,17141961500,17195001101,1,1,1,1,0,0,0,0
il,17141961700,17197880411,4,4,6,6,0,0,0,0
il,17143000300,17143004801,1,1,1,3,0,0,0,2
il,17143001300,17143003200,2,2,2,2,0,0,0,0
il,17143001900,17179020100,1,1,1,1,0,0,0,0
il,17143002100,17143001600,0,0,0,0,0,0,0,0
il,17143002500,17143001200,1,1,1,1,0,0,0,0
il,17143002600,17099963000,6,6,6,6,0,0,1,1
il,17143002600,17143002900,0,0,0,0,0,0,0,0
il,17143002900,17161021900,4,4,6,7,0,0,0,1
il,17143003000,17099963200,5,6,7,7,0,0,0,0
il,17143003402,17143003200,0,0,0,0,0,0,0,0
il,17143004000,17197880114,10,11,12,11,0,0,0,1
il,17143004101,17019005300,0,0,0,2,0,0,0,2
il,17143005000,17109010600,2,3,3,3,0,0,0,0
il,17145030400,17081050600,2,2,2,2,0,0,0,0
il,17147954500,17019000402,1,1,1,1,0,0,0,0
il,17147954700,17099962300,9,10,11,11,0,0,0,0
il,17157950600,17021958400,3,3,3,3,0,0,0,0
il,17157950600,17157950800,2,2,2,2,0,0,0,0
il,17157950800,17163501802,3,3,3,3,0,0,0,0
il,17157950900,17027900500,2,2,2,2,0,0,0,0
il,17157951201,17135958000,5,5,5,5,0,0,0,1
il,17157951300,17077010100,0,0,0,0,0,0,0,0
il,17159977900,17033880500,1,2,2,3,0,0,0,0
il,17161020400,17161020600,1,1,1,1,0,0,0,0
il,17161021700,17161021400,0,0,0,0,0,0,0,0
il,17161022900,17179020100,6,7,9,9,0,0,0,2
il,17161024000,17161022600,3,3,3,3,1,1,1,1
il,17161024300,17161024400,4,4,4,4,0,0,0,0
il,17163501300,17163501200,0,0,0,0,0,0,0,0
il,17163501604,17163504352,0,0,0,0,0,0,0,0
il,17163501700,17163503908,0,0,0,0,0,0,0,0
il,17163502602,17111870302,7,7,9,11,0,0,0,1
il,17163503102,17115003100,5,6,6,7,0,0,0,0
il,17163503202,17163503908,7,7,6,4,0,0,0,0
il,17163503322,17089854700,18,25,28,30,0,0,0,4
il,17163503324,17119401905,1,1,1,2,0,0,0,1
il,17163503324,17163503404,0,0,0,0,0,0,0,0
il,17163503332,17133600103,2,2,2,1,0,0,0,0
il,17163503906,17117957200,4,4,4,5,0,0,0,2
il,17163504353,17081050500,0,0,0,0,0,0,0,0
il,17163504502,17163501602,5,7,6,6,0,0,0,0
il,17165956000,17165955900,3,3,3,3,0,0,0,1
il,17167000100,17167002700,4,3,3,3,0,0,0,0
il,17167000201,17107952900,3,3,6,7,0,0,0,1
il,17167000300,17135958000,4,3,4,5,0,0,0,1
il,17167000900,17019001302,5,8,8,8,0,0,0,0
il,17167002001,17113000105,3,3,6,7,0,0,0,1
il,17167002200,17167000300,0,0,0,0,0,0,0,0
il,17167002200,17167001400,0,0,0,0,0,0,0,0
il,17167002801,17167001300,1,2,2,3,0,0,0,1
il,17167003100,17167000900,5,5,5,5,0,0,0,0
il,17167003100,17167001400,5,5,5,5,0,0,0,0
il,17167003202,17167001900,3,5,6,6,0,0,0,2
il,17167003300,17031241400,9,16,20,22,0,0,0,2
il,17167003601,17031838200,11,18,23,25,0,0,0,2
il,17167003602,17001001100,5,5,5,5,0,1,1,1
il,17167003604,17167002100,0,0,0,0,0,0,0,0
il,17167003701,17043844602,9,15,18,20,0,0,0,1
il,17167003702,17143003402,5,5,6,6,0,0,0,1
il,17167003801,17167001400,2,2,2,3,0,0,0,3
il,17167003901,17043840705,16,24,29,33,0,0,0,4
il,17167004000,17167003802,0,0,0,0,0,0,0,0
il,17171970600,17081050700,3,4,4,4,1,1,1,1
il,17171970700,17167002400,4,6,7,7,0,0,0,0
il,17173959300,17115002500,1,1,1,1,0,0,0,0
il,17177000600,17195001600,5,6,6,6,0,0,0,0
il,17177000700,17141961600,9,11,11,12,0,0,0,0
il,17177001000,17177000800,0,0,0,0,0,0,0,0
il,17179020302,17143001600,0,1,1,1,0,0,0,0
il,17179020700,17073030302,3,4,5,5,1,1,2,2
il,17179020700,17179020100,5,6,7,6,1,1,2,2
il,17179021202,17179021900,6,9,11,11,0,0,0,1
il,17179021603,17143004901,8,10,9,10,1,1,1,4
il,17179021702,17179021603,2,2,2,3,0,0,0,2
il,17179021802,17007010300,17,18,18,17,0,0,0,1
il,17179022200,17143002400,3,5,5,5,0,0,0,0
il,17179022300,17031191100,17,21,22,24,0,0,0,4
il,17179022300,17179021604,3,3,3,3,0,0,0,0
il,17181950100,17199021400,2,2,2,2,0,0,0,0
il,17181950400,17181950200,3,3,3,3,0,0,0,0
il,17183000300,17097864002,43,50,56,65,0,0,0,3
il,17183000800,17113001800,1,2,3,4,0,1,1,2
il,17183001300,17019005300,0,0,1,2,0,0,0,1
il,17183010400,17049950800,14,15,15,15,1,1,1,4
il,17183010600,17103000200,12,14,16,19,0,1,1,3
il,17183010701,17183000900,0,0,0,0,0,0,0,0
il,17183010900,17183010702,0,0,0,0,0,0,0,0
il,17183011000,17167001900,11,12,14,17,0,0,0,3
il,17187870400,17095000500,0,0,0,1,0,0,0,1
il,17187870500,17095000600,2,2,2,3,0,0,0,1
il,17189950200,17163503202,0,0,0,0,0,0,0,0
il,17189950200,17189950400,0,0,0,0,0,0,0,0
il,17189950400,17081050500,0,0,0,0,0,0,0,0
il,17191955100,17183010701,10,10,10,10,0,0,0,0
il,17193958400,17065973100,1,1,1,1,0,0,0,0
il,17195000100,17195001000,1,1,1,1,0,0,0,1
il,17195000700,17161021900,2,3,3,3,0,0,0,0
il,17195001102,17195001101,0,0,0,0,0,0,0,0
il,17195001200,17195001101,0,0,0,0,0,0,0,0
il,17197880107,17031814200,10,11,12,12,0,0,0,2
il,17197880115,17043840907,3,3,3,3,0,0,0,0
il,17197880115,17043846507,5,5,5,4,0,0,0,0
il,17197880116,17043842400,8,8,8,9,0,0,0,2
il,17197880117,17031081401,10,11,13,12,0,0,0,6
il,17197880119,17031820104,9,9,10,10,0,0,0,1
il,17197880119,17043846405,1,1,1,1,0,0,0,0
il,17197880122,17031690300,6,9,9,9,0,0,0,1
il,17197880125,17043846411,7,7,8,7,0,0,0,1
il,17197880202,17043840802,10,13,15,17,0,0,0,1
il,17197880303,17043846405,2,2,2,2,0,0,0,0
il,17197880303,17197880423,1,2,2,2,0,0,0,0
il,17197880315,17197880421,1,2,2,2,0,0,0,0
il,17197880316,17043846518,0,0,0,0,0,0,0,0
il,17197880317,17197880107,2,2,2,2,0,0,0,0
il,17197880320,17031839100,5,7,7,7,0,0,0,1
il,17197880321,17043846412,1,2,2,2,0,0,0,0
il,17197880321,17161023700,6,6,7,7,0,0,0,0
il,17197880323,17043844201,6,8,9,9,0,0,0,0
il,17197880325,17089852905,1,1,1,1,0,0,0,0
il,17197880408,17031838200,5,7,7,7,0,0,0,3
il,17197880411,17197881800,10,11,10,10,0,0,0,3
il,17197880416,17031841900,2,4,4,5,0,0,0,1
il,17197880418,17197882000,7,7,7,7,0,0,0,0
il,17197880424,17089853900,2,2,2,2,0,0,0,0
il,17197880425,17043844602,7,9,10,11,0,0,0,0
il,17197880426,17197880124,4,4,6,6,0,0,0,0
il,17197880432,17031220702,14,16,16,16,0,0,0,1
il,17197880502,17197883602,6,8,8,10,0,0,0,0
il,17197880511,17031320101,9,12,14,14,0,0,0,0
il,17197880511,17043845902,6,7,9,9,0,0,0,0
il,17197880903,17197883211,6,7,7,8,0,0,0,1
il,17197881002,17031770602,10,12,14,16,0,0,0,1
il,17197881007,17197881108,1,1,1,1,0,0,0,0
il,17197881009,17031827805,13,13,13,13,0,0,1,1
il,17197881009,17197880601,0,0,0,0,0,0,0,0
il,17197881009,17197980100,0,0,0,0,0,0,0,0
il,17197881010,17031820202,8,9,10,9,0,0,0,0
il,17197881105,17031801601,2,2,3,4,0,0,0,1
il,17197881111,17031825600,1,2,2,2,0,0,0,0
il,17197881113,17031824116,3,4,4,4,0,0,1,1
il,17197881115,17043841204,4,4,6,7,0,0,0,1
il,17197881116,17031570200,11,21,22,23,0,0,0,0
il,17197881301,17167002700,11,13,15,17,0,0,0,3
il,17197881401,17197884101,1,1,1,1,0,0,0,0
il,17197881601,17043840000,17,21,26,28,2,2,2,3
il,17197881700,17197882702,0,0,0,0,0,0,0,0
il,17197881800,17043841326,12,16,16,16,0,0,0,0
il,17197881900,17031320101,7,11,11,11,0,0,0,0
il,17197881900,17197883211,4,5,5,6,0,0,0,1
il,17197882300,17043844308,3,3,3,3,0,0,0,1
il,17197882601,17197881111,5,5,5,6,0,0,0,0
il,17197882701,17043841113,21,22,26,26,0,0,0,1
il,17197882702,17031330101,5,8,9,10,0,0,0,1
il,17197883206,17031770202,6,9,9,10,0,0,0,0
il,17197883208,17097863902,12,16,15,18,0,0,0,2
il,17197883210,17031808001,17,21,21,21,0,0,0,1
il,17197883216,17031802300,6,11,11,10,0,0,0,0
il,17197883305,17063000102,3,3,3,3,0,0,0,0
il,17197883306,17197881009,9,9,9,9,0,0,0,1
il,17197883505,17031839100,16,18,25,33,0,0,0,2
il,17197883507,17197881116,0,1,1,2,0,0,0,1
il,17197883510,17197882702,3,3,3,4,0,0,0,2
il,17197883511,17043846519,5,6,7,8,0,0,0,0
il,17197883514,17031630300,10,10,10,11,0,0,0,1
il,17197883514,17197883100,5,7,7,7,0,0,0,2
il,17197883516,17197880107,6,7,8,8,0,0,0,0
il,17197883516,17197883515,1,1,1,1,0,0,0,1
il,17197883521,17197883509,4,5,5,6,0,0,0,1
il,17197883602,17093890105,16,17,18,20,0,0,0,0
il,17197883606,17031820901,22,22,21,20,0,0,0,0
il,17197883804,17031811302,28,30,30,32,0,0,0,0
il,17197883806,17031830800,22,25,35,41,0,0,0,0
il,17197883810,17031804808,21,20,21,23,0,1,1,3
il,17197883902,17197883507,5,5,6,8,0,0,0,0
il,17197884006,17089852606,8,11,11,11,0,0,0,3
il,17199020100,17199021002,6,8,8,8,0,0,0,2
il,17199020300,17199021002,1,1,1,1,0,0,0,0
il,17199020700,17159977900,2,2,2,2,0,0,0,0
il,17199020900,17199021200,0,1,1,1,0,0,0,0
il,17199021400,17199021002,0,3,3,3,0,0,0,2
il,17201000300,17201003300,7,8,8,10,0,0,0,1
il,17201000502,17201003810,1,4,4,4,0,0,0,0
il,17201000512,17201003604,1,3,4,5,0,0,0,0
il,17201000514,17031813702,9,9,10,11,0,0,0,3
il,17201000515,17201000514,4,5,8,8,0,0,0,0
il,17201000515,17201003300,7,8,8,10,0,0,0,0
il,17201000516,17097863902,9,9,10,10,0,0,0,0
il,17201000516,17201000510,2,2,2,2,0,0,0,0
il,17201000516,17201001800,7,7,7,7,0,0,0,0
il,17201001500,17201003711,6,6,6,6,0,0,0,0
il,17201001800,17031320102,11,12,14,20,0,0,0,6
il,17201001900,17111870808,6,6,7,7,0,0,0,0
il,17201002301,17097861604,29,30,30,30,0,0,0,2
il,17201002500,17031841900,18,19,20,25,0,0,0,5
il,17201003300,17201000101,8,8,8,8,0,0,0,1
il,17201003400,17201002900,3,4,4,4,0,0,0,0
il,17201003604,17201000600,4,4,4,4,0,0,0,1
il,17201003706,17201000512,2,3,3,4,0,0,0,1
il,17201003707,17031071400,13,13,14,21,1,1,1,8
il,17201003806,17201004005,1,1,2,2,0,0,0,0
il,17201003810,17201001800,10,12,13,12,0,0,0,0
il,17201003810,17201003805,5,6,5,5,0,0,0,0
il,17201003901,17177000800,1,1,1,1,0,0,0,0
il,17201003903,17201000507,6,7,7,6,0,0,0,2
il,17201004002,17201000501,10,12,13,14,0,0,0,2
mo,29001950100,29001950300,2,2,2,2,0,0,0,0
mo,29003010100,29021000701,0,0,0,0,0,0,0,0
mo,29003010100,29021001700,0,0,0,0,0,0,0,0
mo,29003010100,29021002200,0,0,0,0,0,0,0,0
mo,29003010201,29021000600,3,3,3,4,0,0,0,0
mo,29007950200,29007950400,0,0,0,0,0,0,0,0
mo,29007950400,29007950700,0,0,0,0,0,0,0,0
mo,29007950400,29027070302,3,3,4,4,0,0,0,0
mo,29009960101,29009960302,2,2,2,2,0,0,0,0
mo,29009960101,29109470300,2,2,2,2,0,0,0,0
mo,29009960500,29019001602,13,13,18,19,0,0,1,5
mo,29009960500,29077002800,5,6,7,7,0,0,0,1
mo,29011960100,29217950500,0,0,0,0,0,0,0,0
mo,29011960300,29029950201,3,3,3,3,1,1,1,2
mo,29013070100,29189215001,8,9,19,26,0,0,0,4
mo,29015460200,29159480700,3,4,4,4,0,0,0,0
mo,29015460702,29013070100,0,0,0,0,0,0,0,0
mo,29015460801,29015460300,0,0,0,0,0,0,0,0
mo,29015460801,29077002200,1,1,2,2,0,0,1,1
mo,29017950100,29123960300,0,0,0,0,0,0,0,0
mo,29017950100,29157470400,0,0,0,0,0,0,0,0
mo,29019000200,29019001001,3,3,2,2,0,0,0,0
mo,29019000200,29195090600,7,9,10,9,0,0,0,2
mo,29019000700,29019001402,2,2,2,2,0,0,0,0
mo,29019000900,29019001402,1,1,1,1,0,0,0,0
mo,29019001001,29019001506,1,1,2,2,0,0,0,3
mo,29019001001,29051020700,5,6,8,9,1,1,1,2
mo,29019001003,29019001506,1,1,2,2,0,0,0,3
mo,29019001004,29019002100,6,6,7,5,0,0,0,0
mo,29019001105,29019002200,1,2,2,2,0,0,0,0
mo,29019001109,29019000700,1,1,1,1,0,0,0,0
mo,29019001201,29019002200,6,6,6,6,0,0,0,0
mo,29019001201,29165030502,9,13,14,17,1,1,1,2
mo,29019001300,29019001108,2,2,2,2,0,0,0,0
mo,29019001401,29051010402,6,8,10,11,1,1,1,3
mo,29019001402,29019001004,3,5,6,5,0,0,0,0
mo,29019001402,29019001109,3,4,3,3,0,0,0,0
mo,29019001505,29019001109,4,4,5,3,0,0,0,0
mo,29019001506,29019000900,5,5,5,5,0,0,0,3
mo,29019001508,29019001105,8,9,9,7,0,0,0,0
mo,29019001508,29019001202,4,4,4,3,0,0,0,0
mo,29019001602,29019001003,0,0,0,0,0,0,0,0
mo,29019001602,29051010701,1,1,1,1,1,1,1,1
mo,29019001604,29019001003,3,3,4,3,0,0,0,0
mo,29019001702,29019001108,2,3,2,1,0,0,0,0
mo,29019001703,29027070100,1,1,2,2,0,0,0,0
mo,29019001704,29019002100,9,10,11,10,0,0,0,1
mo,29019001806,29095015701,3,5,6,9,1,1,1,2
mo,29019001807,29019001300,0,0,0,0,0,0,0,0
mo,29019001807,29019002200,6,6,6,6,0,0,0,0
mo,29019001901,29019000200,4,4,5,4,0,0,0,0
mo,29019001901,29019000500,7,7,7,6,0,0,0,2
mo,29019001903,29019001503,0,0,0,0,0,0,0,0
mo,29019001903,29019002100,8,7,7,6,0,0,0,5
mo,29019001903,29027070100,1,1,1,1,0,0,0,0
mo,29019001903,29069360400,9,10,15,16,0,0,0,2
mo,29019002100,29019001300,4,4,4,4,0,0,0,0
mo,29021000100,29021003001,0,0,0,0,0,0,0,0
mo,29021000200,29195090300,5,5,6,6,0,0,0,0
mo,29021000500,29021003001,1,1,1,1,0,0,0,0
mo,29021000500,29095015702,7,8,9,10,1,1,1,1
mo,29021000900,29021000701,0,0,0,0,0,0,0,0
mo,29021001200,29021002200,0,0,1,1,0,0,0,0
mo,29021001200,29165030211,1,2,3,3,0,0,0,0
mo,29021001500,29021002200,0,1,1,1,0,0,0,0
mo,29021001500,29095008700,5,7,7,10,0,0,0,4
mo,29021001600,29021001700,0,0,0,0,0,0,0,0
mo,29021001700,29021000702,0,0,0,0,0,0,0,0
mo,29021001800,29147470302,1,2,2,2,0,0,0,0
mo,29021002100,29021001700,0,0,0,0,0,0,0,0
mo,29021002200,29021001700,0,0,0,0,0,0,0,0
mo,29021002300,29147470302,2,3,2,2,0,0,0,0
mo,29021002400,29021000701,4,4,3,3,0,0,0,0
mo,29021002500,29021001500,2,2,1,1,0,0,0,0
mo,29021002500,29021003001,0,0,0,0,0,0,0,0
mo,29021002700,29021000701,0,0,0,0,0,0,0,0
mo,29021002700,29021001200,1,1,1,1,0,0,0,0
mo,29021002700,29021001700,0,0,0,0,0,0,0,0
mo,29021002700,29095015200,3,3,3,3,0,0,0,1
mo,29021002800,29021002700,0,0,0,0,0,0,0,0
mo,29023950201,29035960200,0,0,0,0,0,0,0,0
mo,29023950301,29031881500,1,1,1,1,0,0,0,0
mo,29023950301,29143960300,0,0,0,0,0,0,0,0
mo,29023950302,29051010802,4,4,5,5,0,0,0,1
mo,29023950800,29181870300,0,0,0,0,0,0,0,0
mo,29023950900,29023950500,0,0,0,0,0,0,0,0
mo,29025950100,29165030002,2,3,6,7,0,0,0,1
mo,29025950201,29043020202,13,14,14,15,0,0,0,4
mo,29027070100,29027070301,3,3,4,4,0,0,0,0
mo,29027070200,29027070301,0,0,0,0,0,0,0,0
mo,29027070200,29027070500,0,1,1,2,0,0,0,1
mo,29027070200,29139970200,0,0,0,1,0,0,0,1
mo,29027070301,29051010701,2,3,3,4,1,1,1,3
mo,29027070500,29027070601,0,0,0,0,0,0,0,0
mo,29027070601,29019000900,8,9,9,8,0,0,0,1
mo,29027070800,29051010300,2,2,2,2,1,1,1,1
mo,29027070800,29051020700,2,2,2,2,1,1,1,1
mo,29029950102,29131962801,0,0,0,0,0,0,0,0
mo,29029950600,29131962501,0,0,0,0,0,0,0,0
mo,29029950802,29029950500,0,0,0,0,0,0,0,0
mo,29029951102,29029950600,1,1,1,1,0,0,0,1
mo,29029951102,29105960500,6,7,7,7,0,0,0,1
mo,29031880200,29189220442,1,2,3,4,0,1,1,2
mo,29031880300,29031880200,0,0,0,0,0,0,0,0
mo,29031880402,29510115700,3,5,6,8,0,1,1,2
mo,29031880501,29031881100,2,2,2,2,0,0,0,0
mo,29031880501,29031881500,5,5,6,5,0,0,0,0
mo,29031880502,29031880401,1,1,1,1,0,0,0,0
mo,29031880600,29031880502,1,1,1,1,0,0,0,0
mo,29031880600,29055450103,10,11,11,13,0,0,0,0
mo,29031880600,29055450302,10,11,11,13,0,0,0,0
mo,29031880700,29189220442,3,5,6,7,0,1,1,2
mo,29031881200,29031881100,0,0,0,0,0,0,0,0
mo,29031881200,29213480203,5,6,6,6,0,0,0,0
mo,29031881301,29031881500,0,0,0,0,0,0,0,0
mo,29031881400,29031881200,3,3,3,3,0,0,0,0
mo,29033960200,29077002800,12,13,13,13,0,0,0,1
mo,29033960300,29019000500,8,7,7,9,0,0,0,1
mo,29037060306,29047021204,6,8,9,9,0,0,0,2
mo,29037060307,29047020803,14,14,15,15,0,0,0,3
mo,29037060308,29015460200,4,5,5,5,0,0,0,0
mo,29037060308,29095010105,1,4,4,4,0,0,0,1
mo,29037060309,29095015900,0,0,3,3,0,0,0,0
mo,29037060602,29095009300,5,8,8,8,0,0,0,2
mo,29037061100,29095007301,6,7,8,8,0,0,0,3
mo,29037061100,29095009900,6,6,6,6,0,0,0,2
mo,29037061200,29095013804,3,4,4,4,0,0,0,1
mo,29037061200,29165030501,7,8,9,9,0,0,0,2
mo,29037061400,29095017200,2,3,4,4,0,0,0,2
mo,29037061400,29183311151,25,31,37,43,1,1,1,7
mo,29039870102,29107090402,7,7,7,7,1,1,1,1
mo,29041470200,29189215144,9,12,22,31,0,0,0,9
mo,29041470300,29077002700,4,9,10,11,0,0,0,2
mo,29043020101,29077002300,4,4,5,5,0,0,0,0
mo,29043020201,29077002800,1,2,3,3,0,0,0,0
mo,29043020201,29077003200,0,0,0,0,0,0,0,0
mo,29043020202,29077002800,0,1,1,1,0,0,0,0
mo,29043020202,29189218500,7,11,14,17,0,0,0,5
mo,29043020205,29145020401,4,4,4,4,0,0,0,0
mo,29043020207,29095015200,5,7,10,12,0,0,0,4
mo,29043020302,29077000400,1,2,2,2,0,0,0,0
mo,29043020302,29183311114,10,14,15,18,0,0,0,2
mo,29043020302,29189216600,9,12,16,18,1,1,1,6
mo,29043020303,29077002300,3,3,3,3,0,0,0,0
mo,29043020308,29043020309,2,2,3,3,1,1,2,2
mo,29043020308,29077001100,2,2,2,2,0,0,0,0
mo,29043020308,29077005700,4,5,5,5,0,0,0,0
mo,29043020310,29077003003,1,1,1,1,0,0,0,0
mo,29043020310,29077004402,6,6,6,7,0,0,0,0
mo,29043020401,29077004304,4,4,4,4,0,0,0,0
mo,29043020402,29077002700,3,4,4,4,0,0,0,0
mo,29043020502,29043020207,6,6,6,6,1,1,1,1
mo,29043020502,29043020310,3,3,3,3,0,0,0,0
mo,29043020502,29077000102,5,5,5,5,0,0,0,0
mo,29043020502,29077001700,4,4,4,4,0,0,0,0
mo,29047020202,29047020901,0,0,0,0,0,0,0,0
mo,29047020202,29047022100,0,0,0,0,0,0,0,0
mo,29047020202,29095015701,1,1,1,1,0,0,0,0
mo,29047020300,29047022100,2,2,2,2,0,0,0,2
mo,29047020500,29095017200,1,1,1,2,0,0,0,3
mo,29047020602,29047021303,1,2,2,2,0,0,0,0
mo,29047020603,29047022100,0,0,1,1,0,0,0,0
mo,29047020604,29037060306,1,4,4,5,0,0,0,4
mo,29047020802,29147470400,2,2,5,5,0,0,0,1
mo,29047020901,29047020603,0,0,0,1,0,0,0,1
mo,29047020901,29047021900,0,0,0,1,0,0,0,1
mo,29047020901,29047022100,0,0,1,1,0,0,0,0
mo,29047021004,29095011601,8,8,8,9,0,0,0,4
mo,29047021004,29165030308,0,1,1,1,0,0,0,0
mo,29047021101,29049960202,2,3,4,7,0,0,0,2
mo,29047021105,29047021208,1,1,1,1,0,0,0,0
mo,29047021105,29095016100,7,8,9,8,0,0,0,2
mo,29047021105,29165030201,1,1,1,1,0,0,0,0
mo,29047021208,29021002700,0,0,0,1,0,0,0,0
mo,29047021208,29095004300,2,2,2,2,0,0,0,0
mo,29047021209,29095015500,5,5,5,6,1,1,1,1
mo,29047021211,29095008600,13,13,13,13,0,0,0,2
mo,29047021212,29037060001,21,23,25,25,0,0,0,3
mo,29047021212,29047022100,4,5,6,6,0,0,0,0
mo,29047021214,29095015900,2,1,1,1,0,0,0,0
mo,29047021303,29095013100,0,4,5,7,0,0,0,2
mo,29047021307,29095007400,11,12,13,13,0,0,0,3
mo,29047021309,29047021204,3,3,3,3,0,0,0,0
mo,29047021312,29095006900,16,17,18,18,0,0,0,1
mo,29047021313,29095004300,3,3,3,3,0,0,0,0
mo,29047021313,29095017400,4,7,8,10,0,0,0,3
mo,29047021313,29165030308,2,1,1,1,0,0,0,0
mo,29047021313,29510126800,17,24,33,43,0,0,0,13
mo,29047021314,29047021208,0,0,0,0,0,0,0,0
mo,29047021401,29165030201,1,1,3,3,0,0,0,0
mo,29047021403,29047021314,0,0,0,0,0,0,0,0
mo,29047021404,29095017400,2,7,9,12,0,0,0,0
mo,29047021701,29047021003,3,4,6,9,1,1,1,2
mo,29047021701,29095016300,2,7,11,15,1,1,1,1
mo,29047021704,29047021703,0,0,0,0,0,0,0,0
mo,29047021807,29021000701,1,1,2,2,0,0,0,0
mo,29047021807,29189215102,14,19,29,35,0,0,0,10
mo,29047021810,29047022100,1,2,5,6,0,0,0,1
mo,29047021811,29095012600,3,8,12,16,0,0,0,0
mo,29047021900,29037060004,1,6,7,10,0,0,0,5
mo,29047021900,29165030211,0,0,0,0,0,0,0,0
mo,29047022000,29021000300,1,1,3,3,0,0,0,0
mo,29047022000,29095013003,4,4,4,6,0,0,0,3
mo,29047022000,29095013401,5,5,5,7,0,0,0,3
mo,29047022100,29047020604,1,1,2,2,0,0,0,0
mo,29047022100,29095014804,5,6,6,6,0,0,0,3
mo,29047022200,29047022302,1,1,1,1,0,0,0,0
mo,29047022200,29095008700,3,4,5,5,0,0,0,4
mo,29049960100,29063080101,0,0,0,0,0,0,0,0
mo,29049960300,29189214500,16,20,32,42,0,0,0,11
mo,29049960300,29189221800,15,18,30,42,0,0,0,11
mo,29051010300,29165030310,4,8,9,12,0,0,0,1
mo,29051010401,29051020700,1,1,1,1,0,0,0,0
mo,29051010402,29051010500,1,1,1,1,0,0,0,0
mo,29051010600,29077005700,5,6,7,7,0,0,0,2
mo,29051010701,29051010500,1,1,1,1,0,0,0,0
mo,29051010702,29019001300,11,10,11,12,0,0,1,2
mo,29051010801,29051010500,1,1,1,1,0,0,0,0
mo,29051010801,29051020400,0,0,0,0,0,0,0,0
mo,29051010801,29051020700,1,1,2,3,0,0,0,0
mo,29051010802,29027070800,0,0,1,1,0,0,1,1
mo,29051010802,29051010402,1,1,1,1,0,0,0,0
mo,29051010901,29051010500,1,1,1,1,0,0,0,0
mo,29051010902,29183310502,4,5,14,23,0,0,1,7
mo,29051020200,29027070500,1,2,3,3,0,0,1,1
mo,29051020200,29051020400,0,0,0,0,0,0,0,0
mo,29051020300,29019002100,9,10,13,12,0,0,1,2
mo,29051020400,29051020700,1,1,1,1,0,0,0,0
mo,29051020500,29077002700,2,4,5,5,0,0,0,2
mo,29051020600,29027070800,1,1,3,3,0,0,1,1
mo,29051020600,29051010701,0,0,0,0,0,0,0,0
mo,29053950200,29053950300,0,0,0,0,0,0,0,0
mo,29053950500,29159480600,1,2,2,2,0,0,0,0
mo,29053950500,29159480700,1,2,2,2,0,0,0,0
mo,29055450104,29189221423,2,3,5,5,0,0,0,3
mo,29055450200,29071800201,4,5,5,5,0,0,0,1
mo,29055450301,29169470401,3,4,5,5,0,0,0,0
mo,29055450302,29055450104,0,0,0,0,0,0,0,0
mo,29055450302,29099701200,1,1,1,1,0,0,0,0
mo,29055450401,29077003801,3,6,7,8,0,0,0,1
mo,29057480200,29077004401,6,8,8,9,0,0,0,1
mo,29059480301,29077003702,0,0,1,1,0,0,0,0
mo,29065960200,29055450302,2,2,2,3,0,0,0,0
mo,29065960200,29099700120,5,7,7,8,0,0,0,4
mo,29067950200,29043020501,4,4,4,4,0,0,0,0
mo,29069360300,29223690300,0,0,0,0,0,0,0,0
mo,29069360600,29069360700,0,0,0,0,0,0,0,0
mo,29069360700,29143960400,1,1,1,2,0,0,0,1
mo,29071800103,29071800301,1,1,1,1,0,0,0,0
mo,29071800201,29071800604,1,1,1,1,0,0,0,0
mo,29071800201,29189215001,3,7,7,9,0,0,0,2
mo,29071800201,29510126800,1,2,4,4,0,0,0,2
mo,29071800202,29071800604,0,0,0,0,0,0,0,0
mo,29071800202,29189216700,4,5,7,8,0,0,0,3
mo,29071800202,29510113500,1,2,4,4,0,0,0,2
mo,29071800202,29510125500,1,2,4,4,0,0,0,2
mo,29071800202,29510125600,1,2,4,5,0,0,0,3
mo,29071800301,29189215201,4,6,6,7,0,0,0,1
mo,29071800401,29071800302,1,1,1,1,0,0,0,0
mo,29071800403,29071800201,0,0,0,0,0,0,0,0
mo,29071800403,29189217841,1,3,3,4,0,0,0,1
mo,29071800404,29073960200,0,0,0,0,0,0,0,0
mo,29071800501,29071800603,1,1,1,1,0,0,0,1
mo,29071800606,29189211402,5,8,8,10,0,0,0,3
mo,29071800606,29189211500,6,6,10,11,0,0,0,5
mo,29071800702,29051010701,6,6,7,8,2,2,2,4
mo,29071800702,29055450302,1,2,2,2,0,0,0,1
mo,29071800704,29047021003,16,24,28,33,1,1,1,7
mo,29071800801,29183311312,8,11,11,12,0,0,0,1
mo,29071800901,29127960400,7,7,9,8,0,0,0,0
mo,29071800903,29071800605,0,0,0,0,0,0,0,0
mo,29071800903,29163460100,7,7,8,8,2,2,1,1
mo,29071801000,29055450103,0,0,0,0,0,0,0,0
mo,29071801101,29071800301,3,4,4,4,0,0,0,1
mo,29071801101,29071800302,3,4,4,4,0,0,0,1
mo,29071801102,29071800201,3,4,4,4,0,0,0,0
mo,29073960200,29183311909,3,4,6,6,0,0,0,1
mo,29073960300,29067950500,3,3,3,3,0,0,0,1
mo,29073960300,29073960400,0,0,0,0,0,0,0,0
mo,29075960100,29021000701,0,0,0,0,0,0,0,0
mo,29075960100,29095018200,3,4,5,5,0,0,0,0
mo,29077000102,29077000700,0,0,0,0,0,0,0,0
mo,29077000200,29047022200,7,8,11,11,0,0,0,3
mo,29077000400,29077001100,0,0,0,0,0,0,0,0
mo,29077000501,29077002600,0,0,0,0,0,0,0,0
mo,29077000600,29077004304,1,1,1,2,0,0,0,1
mo,29077000700,29077002200,0,0,0,0,0,0,0,0
mo,29077000700,29077002700,0,0,0,0,0,0,0,0
mo,29077000900,29167960302,2,2,3,3,0,0,0,1
mo,29077001100,29145020800,7,8,8,8,0,0,0,1
mo,29077001301,29077002600,0,0,0,0,0,0,0,0
mo,29077001302,29043020303,1,2,2,2,0,0,0,0
mo,29077001401,29077003801,1,2,2,2,0,0,0,0
mo,29077001402,29077001302,0,0,0,0,0,0,0,0
mo,29077001402,29077004601,3,3,3,4,0,0,0,1
mo,29077001402,29095015701,5,7,9,10,0,0,0,3
mo,29077001500,29077004304,1,1,1,1,0,0,0,0
mo,29077001700,29077002800,1,1,1,1,0,0,0,0
mo,29077001900,29077002200,0,0,0,0,0,0,0,0
mo,29077001900,29077004805,1,1,1,2,0,0,0,2
mo,29077002200,29077004005,1,3,4,4,0,0,0,0
mo,29077002200,29077005600,2,3,3,3,0,0,0,0
mo,29077002300,29077004601,1,1,1,2,0,0,0,1
mo,29077002402,29077000700,2,2,2,2,0,0,0,0
mo,29077002402,29077002600,0,0,0,0,0,0,0,0
mo,29077002402,29077003702,0,0,0,0,0,0,0,0
mo,29077002600,29077000900,1,1,1,1,0,0,0,0
mo,29077002700,29077005201,2,3,3,4,0,0,0,1
mo,29077002800,29077000400,0,1,1,1,0,0,0,0
mo,29077002900,29077002200,2,4,4,4,0,0,0,1
mo,29077003100,29077003702,3,5,5,5,0,0,0,2
mo,29077003701,29077004304,4,6,6,8,0,0,0,1
mo,29077003701,29189215004,6,9,12,14,0,0,0,4
mo,29077004002,29043020302,1,1,1,1,0,0,0,0
mo,29077004003,29077000700,2,4,4,4,0,0,0,0
mo,29077004003,29077002700,1,1,1,1,0,0,0,0
mo,29077004003,29077002800,1,1,1,1,0,0,0,0
mo,29077004005,29043020202,0,0,0,0,0,0,0,0
mo,29077004005,29077002502,1,1,1,1,0,0,0,0
mo,29077004106,29077002300,3,4,4,4,0,0,0,0
mo,29077004106,29225470402,1,1,1,1,0,0,0,0
mo,29077004107,29077000200,0,0,0,1,0,0,0,0
mo,29077004107,29077002200,2,4,4,6,0,0,0,1
mo,29077004107,29209090603,3,5,6,6,0,0,0,0
mo,29077004109,29043020202,0,0,0,0,0,0,0,0
mo,29077004109,29091090801,3,3,3,3,0,0,0,0
mo,29077004201,29189213103,8,14,16,19,0,0,0,6
mo,29077004305,29077000200,2,4,3,3,0,0,0,0
mo,29077004306,29077004900,0,0,0,0,0,0,0,0
mo,29077004401,29077002700,1,3,4,4,0,0,0,1
mo,29077004602,29077000700,1,2,3,3,0,0,0,0
mo,29077004602,29077002800,1,3,5,5,0,0,0,0
mo,29077004700,29225470102,1,1,1,1,0,0,0,0
mo,29077004803,29077003702,5,6,7,7,0,0,0,1
mo,29077004900,29213480205,2,2,2,3,0,0,0,1
mo,29077005002,29043020309,4,4,4,4,0,0,0,0
mo,29077005002,29077004304,3,4,4,5,0,0,0,0
mo,29077005100,29077001100,3,4,4,4,0,0,0,1
mo,29077005100,29077002300,2,4,4,4,0,0,0,1
mo,29077005201,29077002502,0,1,2,2,0,0,1,1
mo,29077005600,29077001402,1,2,2,2,0,0,0,0
mo,29077005600,29077002300,3,5,5,5,0,0,0,0
mo,29077005801,29077002402,1,2,2,2,0,0,0,0
mo,29081950300,29063080102,0,0,0,0,0,0,0,0
mo,29083950100,29167960401,0,0,0,0,0,0,0,0
mo,29091090200,29077001100,3,3,5,5,0,0,0,1
mo,29091090400,29213480108,5,5,5,5,0,0,0,1
mo,29091090801,29229490400,0,0,0,0,0,0,0,0
mo,29095000600,29165030102,2,2,3,3,0,0,0,0
mo,29095001100,29095017900,4,4,4,5,0,0,0,0
mo,29095002100,29183311734,11,15,23,31,0,0,0,8
mo,29095004400,29047022100,0,0,0,1,0,0,0,1
mo,29095004400,29095017400,6,6,6,8,0,0,0,2
mo,29095005100,29095015200,0,0,1,1,0,0,0,0
mo,29095005602,29047021003,3,4,4,4,0,0,0,0
mo,29095006100,29165030308,8,9,9,9,0,0,0,1
mo,29095007302,29095015900,7,9,9,9,0,0,0,2
mo,29095007400,29095001100,9,9,9,9,0,0,0,0
mo,29095007500,29095013904,3,3,4,5,0,0,0,0
mo,29095007600,29047022302,3,4,4,4,0,0,0,0
mo,29095007700,29095007500,0,0,0,0,0,0,0,0
mo,29095007802,29095017000,0,0,0,0,0,0,0,0
mo,29095008000,29095005801,5,5,5,5,0,0,0,1
mo,29095008000,29095015200,2,2,3,3,0,0,0,0
mo,29095008200,29095009900,0,0,0,0,0,0,0,0
mo,29095008200,29095015800,7,7,7,8,0,0,0,2
mo,29095008200,29189217300,25,29,37,44,1,1,1,11
mo,29095008600,29095012501,4,5,6,7,0,0,0,0
mo,29095008800,29095007700,1,1,1,1,0,0,0,0
mo,29095009000,29095004300,18,18,18,18,0,0,0,0
mo,29095009000,29095006700,11,11,11,11,0,0,0,1
mo,29095009100,29095006900,3,3,3,3,0,0,0,1
mo,29095009100,29095010105,0,0,0,1,0,0,0,1
mo,29095009200,29095013606,3,3,4,4,1,1,2,2
mo,29095009300,29021001700,10,11,12,12,0,0,0,1
mo,29095009300,29095014128,12,14,17,19,0,0,0,0
mo,29095009400,29095007400,0,0,0,0,0,0,0,0
mo,29095009500,29095006300,2,2,2,2,0,0,0,0
mo,29095009500,29095010201,0,0,0,0,0,0,0,0
mo,29095009800,29095007301,0,0,0,0,0,0,0,0
mo,29095009900,29095017400,0,0,0,1,0,0,0,1
mo,29095010203,29095007200,7,7,7,7,0,0,0,0
mo,29095010500,29047022200,4,4,4,4,0,0,0,0
mo,29095010600,29095014125,5,5,6,6,0,0,0,0
mo,29095011100,29195090300,1,1,1,1,0,0,0,0
mo,29095011100,29510119102,22,29,41,53,0,0,0,10
mo,29095011406,29095015100,1,1,1,1,0,0,0,0
mo,29095011502,29047021602,4,4,4,4,0,0,0,0
mo,29095011900,29095012100,0,0,0,0,0,0,0,0
mo,29095011900,29165030201,6,7,9,9,0,0,0,0
mo,29095012000,29095014009,4,6,7,7,0,0,0,0
mo,29095012100,29047021101,5,5,6,6,0,0,0,2
mo,29095012100,29047022302,6,6,6,6,0,0,0,0
mo,29095012200,29047021704,2,2,2,2,1,1,1,1
mo,29095012200,29095013804,1,3,4,4,0,0,0,1
mo,29095012200,29165030309,4,4,4,4,0,0,0,0
mo,29095012400,29189218012,16,20,28,35,1,1,1,11
mo,29095012502,29095009900,2,2,2,2,0,0,0,0
mo,29095012600,29095010600,1,1,1,1,0,0,0,0
mo,29095012600,29095013100,0,0,0,0,0,0,0,0
mo,29095012703,29083950500,7,9,10,11,0,0,0,2
mo,29095012802,29095007802,2,2,2,2,0,0,0,0
mo,29095012802,29095014203,0,0,0,0,0,0,0,0
mo,29095012803,29095013405,2,2,2,2,0,0,0,0
mo,29095012804,29165030308,6,8,9,9,0,0,0,0
mo,29095012903,29095009200,4,4,4,4,0,0,0,0
mo,29095012903,29095013100,0,0,0,0,0,0,0,0
mo,29095012904,29037060004,1,2,2,3,0,0,0,2
mo,29095013100,29095009900,0,0,0,0,0,0,0,0
mo,29095013210,29095013405,2,2,2,2,0,0,0,1
mo,29095013416,29095017400,1,1,2,2,0,0,0,0
mo,29095013418,29095015900,20,21,21,21,0,0,0,0
mo,29095013502,29095009900,4,7,6,6,0,0,0,0
mo,29095013502,29095016300,3,3,3,4,0,0,0,1
mo,29095013502,29095018000,1,1,1,1,0,0,0,1
mo,29095013504,29095013405,0,2,3,3,0,0,0,0
mo,29095013613,29095013804,0,0,0,0,0,0,0,0
mo,29095013705,29095013804,0,0,0,0,0,0,0,0
mo,29095013706,29095015000,0,0,0,0,0,0,0,0
mo,29095013707,29095013706,0,0,0,2,0,0,0,2
mo,29095013707,29095015500,3,3,3,5,0,0,0,1
mo,29095013708,29095001100,4,6,6,6,0,0,0,0
mo,29095013708,29095007302,10,13,15,15,0,0,0,1
mo,29095013708,29095016000,2,3,3,3,0,0,0,0
mo,29095013801,29047022200,2,2,3,4,0,0,0,1
mo,29095013801,29095015701,5,6,7,7,0,0,0,1
mo,29095013803,29095015800,6,7,8,10,0,0,0,1
mo,29095013804,29095013803,0,0,0,0,0,0,0,0
mo,29095013902,29095011407,4,7,8,9,0,0,0,0
mo,29095013904,29037060904,4,5,5,6,1,1,1,1
mo,29095013904,29095013613,0,1,1,1,0,0,0,0
mo,29095013917,29095013804,1,1,2,2,0,0,0,0
mo,29095013918,29095006900,9,10,13,14,0,0,0,4
mo,29095013918,29095013707,1,1,1,1,0,0,0,0
mo,29095014005,29095012200,1,2,2,5,0,0,0,0
mo,29095014005,29095015100,5,5,5,5,0,0,0,1
mo,29095014005,29095015300,8,8,9,11,0,0,0,0
mo,29095014005,29095015500,1,1,2,4,0,0,0,0
mo,29095014005,29095015702,4,4,5,6,1,1,1,1
mo,29095014009,29095001800,3,4,5,6,0,0,0,0
mo,29095014111,29095011407,4,7,7,9,0,0,0,0
mo,29095014111,29095014806,6,9,9,9,0,1,1,3
mo,29095014120,29095010702,4,5,5,5,0,0,0,0
mo,29095014122,29095014702,3,6,6,8,0,0,0,0
mo,29095014126,29095017900,4,4,4,4,0,0,0,2
mo,29095014128,29095004300,7,8,9,11,0,0,0,0
mo,29095014128,29095014601,2,3,3,5,0,0,0,0
mo,29095014203,29095014501,0,0,0,0,0,0,0,0
mo,29095014300,29095017900,2,2,2,3,0,0,0,1
mo,29095014601,29095011410,1,1,2,2,0,0,0,1
mo,29095014701,29063080102,0,0,0,3,0,0,0,3
mo,29095014903,29095014006,4,5,5,4,0,0,0,0
mo,29095014904,29095013301,10,12,12,13,0,0,0,0
mo,29095015100,29095014601,3,3,3,3,0,0,0,0
mo,29095015402,29165030101,5,5,6,5,0,0,0,0
mo,29095015600,29095011800,0,0,0,0,0,0,0,0
mo,29095015701,29047022100,6,6,6,6,0,0,0,0
mo,29095016000,29095016801,16,16,16,16,0,0,0,1
mo,29095016200,29095015701,5,5,5,6,0,0,0,1
mo,29095016300,29165030216,0,0,1,1,0,0,0,1
mo,29095016802,29095008500,2,2,2,2,0,0,0,1
mo,29095017100,29189221426,15,19,28,36,1,1,1,8
mo,29095017200,29095010204,0,0,0,0,0,0,0,0
mo,29095017300,29095013301,0,0,0,0,0,0,0,0
mo,29095017800,29095015300,6,6,6,6,0,0,0,0
mo,29095018101,29095015701,5,6,7,9,0,0,0,0
mo,29095018102,29095009400,2,2,3,3,0,0,0,0
mo,29095018500,29051010802,7,9,9,11,0,0,0,1
mo,29095018500,29095014903,13,15,15,14,0,0,0,1
mo,29095019301,29095013401,3,4,4,4,0,0,0,0
mo,29095019302,29095015600,4,6,6,6,0,0,0,0
mo,29095019302,29095015702,4,5,6,5,1,1,1,1
mo,29097010100,29097010200,0,0,0,0,0,0,0,0
mo,29097010302,29097010400,0,0,0,0,0,0,0,0
mo,29097010302,29097010800,1,1,1,1,0,0,0,0
mo,29097010400,29051020198,6,6,8,8,0,0,0,2
mo,29097010400,29189220449,3,6,10,12,0,0,0,4
mo,29097010500,29097011501,0,0,0,0,0,0,0,0
mo,29097010601,29097010400,0,0,0,0,0,0,0,0
mo,29097010602,29011960300,0,0,0,0,0,0,0,0
mo,29097010602,29037060306,1,2,2,2,0,0,0,1
mo,29097010901,29051010600,8,8,11,11,0,0,0,2
mo,29097011301,29097010302,0,0,0,0,0,0,0,0
mo,29097011301,29097010902,1,1,1,1,0,0,0,0
mo,29097011301,29145020502,1,1,2,2,0,0,0,2
mo,29097011400,29097010400,1,1,1,1,0,0,0,0
mo,29097011400,29145020401,0,0,0,0,0,0,0,0
mo,29097011400,29145020502,2,1,1,1,0,0,0,1
mo,29097011501,29009960302,1,1,1,1,0,0,0,0
mo,29097011502,29097011800,0,0,0,0,0,0,0,0
mo,29097011600,29097011502,1,1,1,1,0,0,0,0
mo,29097011600,29225470201,0,0,1,1,0,0,0,0
mo,29097012000,29213480208,2,2,3,3,0,0,0,1
mo,29097012201,29097010100,1,1,1,1,0,0,0,0
mo,29097012201,29097010800,1,1,1,1,0,0,0,1
mo,29097012201,29097011302,0,0,0,0,0,0,0,0
mo,29099700107,29099700700,4,4,4,4,0,0,0,0
mo,29099700111,29221460102,0,0,1,1,0,0,0,0
mo,29099700113,29510118600,2,3,3,3,0,0,0,0
mo,29099700115,29189221629,3,5,6,6,0,0,0,0
mo,29099700115,29510127800,1,2,2,3,0,0,0,0
mo,29099700116,29189217400,5,6,6,7,0,0,0,1
mo,29099700117,29099700118,2,2,2,3,0,0,0,0
mo,29099700117,29187950902,6,7,8,8,0,0,0,1
mo,29099700117,29189220601,2,3,3,4,1,1,1,1
mo,29099700117,29189221202,1,2,2,3,0,0,0,0
mo,29099700117,29189221800,7,9,10,12,0,0,0,2
mo,29099700118,29189221423,2,2,2,2,0,0,0,0
mo,29099700120,29099700114,1,1,1,1,0,0,0,0
mo,29099700120,29189216800,1,2,2,2,0,0,0,1
mo,29099700120,29510119300,1,2,2,2,0,0,0,1
mo,29099700121,29189215103,2,2,2,2,0,0,0,0
mo,29099700206,29189215003,3,3,3,3,0,0,0,0
mo,29099700206,29510114102,0,0,0,0,0,0,0,0
mo,29099700206,29510119300,1,1,1,1,0,0,0,0
mo,29099700208,29189221423,2,2,2,2,0,0,0,0
mo,29099700209,29183311602,8,12,13,18,1,1,2,4
mo,29099700210,29189221423,2,2,2,2,0,0,0,0
mo,29099700211,29510115300,0,2,2,2,0,0,0,0
mo,29099700211,29510118600,0,1,2,2,0,0,0,0
mo,29099700212,29099701102,7,8,8,7,1,1,1,1
mo,29099700213,29189215003,4,4,4,4,1,1,1,1
mo,29099700213,29510112100,6,7,7,7,1,1,1,1
mo,29099700302,29099700118,4,6,6,6,1,1,1,1
mo,29099700302,29099700211,1,1,1,1,1,1,1,1
mo,29099700302,29189215201,3,3,3,3,1,1,1,1
mo,29099700305,29099700211,0,0,0,0,0,0,0,0
mo,29099700305,29189219300,0,1,2,2,0,0,0,0
mo,29099700305,29189221426,1,1,1,1,0,0,0,0
mo,29099700306,29189221502,2,2,2,3,0,0,0,0
mo,29099700401,29071800703,0,0,0,0,0,0,0,0
mo,29099700401,29189215600,3,4,4,4,0,0,0,1
mo,29099700402,29027070100,6,9,9,10,1,1,1,1
mo,29099700402,29099700607,2,2,3,3,1,1,1,1
mo,29099700402,29510127400,4,5,5,6,0,0,0,0
mo,29099700502,29510125600,1,1,1,2,0,0,0,1
mo,29099700503,29099700303,0,0,0,0,0,0,0,0
mo,29099700603,29127960400,8,11,16,19,3,3,4,7
mo,29099700603,29510126800,2,3,3,4,1,1,1,1
mo,29099700604,29189217200,4,4,4,5,0,0,0,0
mo,29099700604,29189220803,0,0,0,0,0,0,0,0
mo,29099700801,29021000100,15,26,33,42,2,2,3,8
mo,29099700900,29189215600,5,8,9,11,0,0,0,2
mo,29099701001,29023950700,5,8,11,11,0,0,0,1
mo,29099701001,29189219802,2,3,3,4,0,0,0,0
mo,29099701001,29510127400,2,3,3,4,0,0,0,0
mo,29099701101,29183311212,8,11,12,15,1,1,2,5
mo,29099701401,29099700120,1,1,2,2,0,0,0,0
mo,29099701401,29189214400,5,5,5,5,0,0,0,2
mo,29099701403,29189217701,1,2,3,4,0,0,0,0
mo,29099701403,29189218012,0,1,2,3,0,0,0,0
mo,29101960101,29169470289,8,11,11,12,0,0,0,3
mo,29101960102,29029951202,4,6,6,7,0,0,0,2
mo,29101960200,29047022200,3,3,5,6,0,0,0,1
mo,29101960200,29095004300,8,9,11,12,0,0,0,2
mo,29101960301,29019001106,12,12,11,13,0,0,0,1
mo,29101960301,29107090200,3,3,3,3,2,2,2,2
mo,29101960302,29189216401,12,15,23,28,0,0,0,11
mo,29101960501,29101960401,1,1,1,1,0,0,0,0
mo,29101960600,29095011406,2,2,4,4,0,0,0,1
mo,29101960600,29159480700,0,2,2,3,0,0,0,1
mo,29105960102,29029950802,0,0,0,0,0,0,0,0
mo,29105960301,29105960500,0,0,0,0,0,0,0,0
mo,29105960400,29105960302,4,4,4,4,0,0,0,1
mo,29105960400,29105960500,3,4,4,4,0,0,0,1
mo,29105960600,29105960500,3,4,4,4,0,0,0,0
mo,29107090100,29177080202,1,1,2,2,0,0,1,1
mo,29107090200,29095014128,2,2,3,3,0,0,0,0
mo,29107090200,29107090100,0,0,0,0,0,0,0,0
mo,29107090200,29189221800,12,15,27,39,1,1,1,11
mo,29107090402,29007950100,11,14,16,19,0,0,0,1
mo,29107090601,29095009300,13,16,16,18,0,0,0,0
mo,29109470100,29077005001,0,0,0,0,0,0,0,0
mo,29109470100,29167960401,0,0,0,0,0,0,0,0
mo,29109470202,29077004004,0,0,0,0,0,0,0,0
mo,29109470402,29077000400,5,5,6,6,0,0,0,1
mo,29109470501,29051010802,11,11,14,14,0,0,0,4
mo,29109470501,29077004803,3,3,3,3,0,0,0,1
mo,29109470501,29145020502,0,0,0,0,0,0,0,0
mo,29109470502,29109470602,0,0,0,0,0,0,0,0
mo,29111970100,29127960100,1,1,1,1,1,1,1,1
mo,29113810100,29113810307,0,0,0,0,0,0,0,0
mo,29113810100,29183311153,13,16,16,14,2,2,2,2
mo,29113810203,29183310901,2,3,8,15,0,0,0,4
mo,29113810203,29189215201,5,5,7,9,0,0,0,4
mo,29113810206,29189217942,4,4,7,10,2,2,2,5
mo,29113810305,29113810307,0,0,0,0,0,0,0,0
mo,29113810305,29183311500,5,5,5,5,1,1,1,2
mo,29113810305,29189215234,3,3,5,7,2,2,2,4
mo,29113810308,29113810307,2,2,2,2,0,0,0,0
mo,29113810309,29113810203,0,0,0,0,0,0,0,0
mo,29113810309,29113810205,0,0,0,0,0,0,0,0
mo,29113810309,29189221800,7,7,11,15,2,2,2,3
mo,29113810402,29183310400,10,10,10,11,1,1,1,2
mo,29117480100,29117480500,0,0,0,0,0,0,0,0
mo,29117480200,29117480400,0,0,0,0,0,0,0,0
mo,29117480300,29117480400,0,0,0,0,0,0,0,0
mo,29117480400,29079960300,0,0,0,0,0,0,0,0
mo,29119070101,29119070300,1,1,1,1,0,0,0,0
mo,29121960100,29001950300,3,3,4,4,0,0,0,1
mo,29121960400,29107090601,2,2,2,2,0,0,0,0
mo,29123960100,29207470500,0,0,0,0,0,0,0,0
mo,29125880100,29073960300,0,0,0,0,0,0,0,0
mo,29125880300,29051010300,1,1,1,1,0,0,0,1
mo,29127960100,29127960800,2,3,3,3,0,0,0,1
mo,29127960200,29127960300,2,2,2,2,0,0,0,1
mo,29127960400,29189214500,5,7,15,22,2,2,2,4
mo,29127960900,29173470200,0,1,1,1,0,0,0,0
mo,29127960900,29189215001,6,7,14,20,2,2,2,4
mo,29131962501,29169470502,1,1,1,1,0,0,0,0
mo,29131962501,29189215233,5,7,7,8,0,0,0,2
mo,29131962702,29189215201,6,7,15,18,0,0,0,3
mo,29131962901,29131962802,0,0,0,0,0,0,0,0
mo,29133950100,29143960100,0,0,0,0,0,0,0,0
mo,29135385100,29051020700,2,2,3,4,0,0,0,0
mo,29135385200,29189217806,7,8,10,11,0,0,1,2
mo,29137960300,29137960200,0,0,0,0,0,0,0,0
mo,29139970200,29169470289,2,3,4,5,0,0,0,2
mo,29139970300,29219820107,0,0,1,1,0,0,0,0
mo,29141470100,29229490100,6,7,7,7,0,0,0,1
mo,29141470501,29151490300,1,1,1,1,0,0,0,0
mo,29143960500,29069360400,0,0,0,0,0,0,0,0
mo,29143960600,29069360500,1,1,1,1,0,0,0,1
mo,29143960600,29071800903,3,5,8,10,0,1,2,4
mo,29145020200,29119070300,0,0,0,0,0,0,0,0
mo,29145020401,29019001004,7,7,11,12,0,0,1,3
mo,29145020402,29097011600,1,1,1,1,0,0,0,0
mo,29145020501,29009960301,0,0,0,0,0,0,0,0
mo,29145020501,29097010301,3,2,2,2,0,0,0,0
mo,29145020700,29145020800,0,0,0,0,0,0,0,0
mo,29145020800,29051020700,7,7,10,10,0,0,0,2
mo,29145020800,29145020401,1,1,1,1,0,0,0,0
mo,29145020900,29145020501,0,0,0,0,0,0,0,0
mo,29147470100,29147470400,0,0,0,0,0,0,0,0
mo,29147470500,29095014806,7,10,11,13,0,0,0,2
mo,29151490100,29051010600,2,2,3,4,1,1,1,2
mo,29151490100,29051020700,3,3,3,4,1,1,1,3
mo,29151490200,29027070702,2,2,3,4,1,1,2,3
mo,29151490200,29105960500,3,4,4,5,0,0,0,1
mo,29151490300,29151490200,0,0,0,0,0,0,0,0
mo,29155470300,29187950902,6,7,9,10,0,0,1,5
mo,29157470400,29097010400,6,11,13,15,0,1,1,4
mo,29157470400,29183311500,11,15,18,24,1,2,3,6
mo,29157470500,29157470400,0,0,0,0,0,0,0,0
mo,29157470500,29189217841,6,8,10,13,0,1,1,2
mo,29159480100,29159481100,2,4,4,4,0,0,0,0
mo,29159480300,29101960301,0,0,0,0,0,0,0,0
mo,29159480400,29051010802,2,2,2,2,0,0,0,0
mo,29159480400,29159480200,4,5,5,5,0,0,0,0
mo,29159480500,29159481000,2,1,1,1,0,0,0,0
mo,29159480600,29095009100,7,10,10,11,0,1,1,2
mo,29159480600,29159480200,1,1,1,1,0,0,0,0
mo,29159480900,29159480500,2,1,1,1,0,0,0,0
mo,29159481100,29159480200,1,2,2,2,0,0,0,0
mo,29161890301,29161890800,0,0,0,0,0,0,0,0
mo,29161890402,29007950400,6,6,8,9,0,0,0,1
mo,29161890500,29125880298,0,0,0,0,0,0,0,0
mo,29161890500,29161890800,0,0,0,0,0,0,0,0
mo,29161890500,29189220442,2,3,5,6,0,0,0,3
mo,29161890700,29073960400,1,1,1,1,0,0,0,1
mo,29161890900,29161890401,0,0,0,0,0,0,0,0
mo,29161890900,29161890800,0,0,0,0,0,0,0,0
mo,29161891000,29071800201,5,6,6,7,0,0,0,1
mo,29163460100,29001950400,4,4,6,7,0,0,0,4
mo,29163460100,29163460200,1,1,1,1,0,0,0,1
mo,29163460400,29113810305,1,1,1,1,1,1,1,1
mo,29163460400,29163460300,0,0,0,0,0,0,0,0
mo,29165030002,29047022100,1,1,1,1,0,0,0,0
mo,29165030004,29095015701,1,1,1,1,0,0,0,0
mo,29165030101,29021000500,5,5,6,6,0,0,0,0
mo,29165030101,29117480100,3,3,5,9,0,0,0,2
mo,29165030103,29095015500,7,7,7,8,0,0,0,0
mo,29165030103,29165030210,3,3,3,3,0,0,0,0
mo,29165030201,29095001100,1,1,1,1,0,0,0,1
mo,29165030201,29095016801,3,3,4,4,0,0,0,1
mo,29165030201,29165030101,0,0,0,0,0,0,0,0
mo,29165030210,29095015900,0,0,0,0,0,0,0,0
mo,29165030212,29095009900,5,5,6,7,0,0,0,2
mo,29165030212,29095015900,0,0,0,0,0,0,0,0
mo,29165030213,29095009800,8,9,10,10,0,0,0,2
mo,29165030214,29021002300,3,3,4,4,0,0,0,0
mo,29165030215,29095015702,3,3,3,4,1,1,1,1
mo,29165030306,29095015300,2,2,2,3,0,0,0,1
mo,29165030306,29189221201,19,23,31,40,0,0,0,9
mo,29165030310,29095014702,12,13,13,14,0,0,0,7
mo,29165030401,29165030201,1,2,2,2,0,0,0,0
mo,29165030501,29165030201,2,2,2,2,0,0,0,0
mo,29165030502,29165030201,2,2,2,2,0,0,0,0
mo,29165030602,29165030501,0,0,0,0,0,0,0,0
mo,29167960102,29167960202,0,0,0,0,0,0,0,0
mo,29167960302,29167960202,2,2,2,2,0,0,0,0
mo,29167960401,29167960202,2,2,2,2,1,1,1,1
mo,29167960402,29077001800,1,1,1,1,0,0,0,1
mo,29169470286,29169470101,0,0,0,0,0,0,0,0
mo,29169470289,29019001004,3,3,4,6,0,0,1,3
mo,29169470389,29189221423,4,6,9,11,0,0,0,4
mo,29169470601,29077002200,1,1,1,2,0,0,0,1
mo,29171960200,29175490200,3,4,4,4,0,0,0,0
mo,29173470100,29189215201,5,5,7,9,2,2,2,4
mo,29175490100,29019000300,8,8,9,8,0,0,0,1
mo,29175490100,29019001003,3,3,5,7,0,0,0,1
mo,29175490100,29019001300,6,6,7,7,0,0,0,1
mo,29177080201,29095003700,8,9,10,12,0,0,0,2
mo,29177080300,29095012501,12,12,12,12,0,0,0,0
mo,29179380100,29155470600,0,0,0,1,0,0,0,1
mo,29179380200,29065960100,0,0,0,0,0,0,0,0
mo,29183310100,29183310502,0,0,0,0,0,0,0,0
mo,29183310201,29183310901,2,4,4,4,0,0,0,0
mo,29183310201,29189215146,1,1,1,1,0,0,0,0
mo,29183310201,29189215201,0,0,0,0,0,0,0,0
mo,29183310201,29221460300,4,4,4,5,0,0,0,1
mo,29183310301,29183311908,9,13,13,14,0,0,0,1
mo,29183310501,29183311001,3,3,3,4,0,0,0,1
mo,29183310502,29183311802,2,4,4,7,1,1,1,4
mo,29183310602,29189215500,6,6,7,7,0,0,0,0
mo,29183310802,29189221800,2,2,4,6,1,1,1,1
mo,29183310901,29189220601,3,4,5,5,1,1,1,1
mo,29183310902,29031881500,13,14,21,22,2,2,2,3
mo,29183310902,29097010700,14,16,19,20,0,0,0,4
mo,29183310903,29189217807,6,7,9,9,0,0,0,0
mo,29183310903,29189221630,6,7,11,11,0,0,1,1
mo,29183311001,29183312193,5,5,5,6,0,0,0,2
mo,29183311001,29189213401,7,8,10,12,0,0,0,1
mo,29183311003,29183311001,5,5,6,6,0,0,0,0
mo,29183311003,29183311604,2,4,4,6,0,0,0,1
mo,29183311004,29183311151,5,6,6,8,0,0,0,3
mo,29183311103,29189217600,2,2,3,5,0,0,0,3
mo,29183311114,29189221629,5,7,10,10,1,1,2,2
mo,29183311122,29189212002,2,2,5,8,0,0,0,4
mo,29183311124,29510116301,3,4,5,8,0,0,0,5
mo,29183311145,29183310700,1,1,1,3,0,0,0,0
mo,29183311145,29189217200,6,8,10,10,0,0,0,1
mo,29183311146,29099700118,9,10,12,14,0,0,0,1
mo,29183311146,29183310902,3,3,3,4,0,0,0,0
mo,29183311146,29189211402,3,3,4,6,0,0,0,0
mo,29183311146,29189215234,6,7,8,8,0,0,0,0
mo,29183311147,29013070300,7,10,11,13,1,1,1,4
mo,29183311149,29183312095,7,8,9,10,1,1,1,1
mo,29183311150,29189215001,3,3,6,7,0,0,0,2
mo,29183311151,29183311122,1,5,5,6,0,0,0,2
mo,29183311151,29189210803,5,9,11,14,0,0,0,6
mo,29183311151,29189211402,3,7,9,12,0,0,0,5
mo,29183311152,29077003004,8,14,16,17,0,0,0,2
mo,29183311152,29183311322,2,5,5,5,0,1,1,1
mo,29183311152,29510126800,1,3,4,7,0,1,1,6
mo,29183311154,29183310202,7,10,11,13,0,1,1,6
mo,29183311211,29183312095,3,6,6,9,1,1,1,5
mo,29183311211,29189215235,5,5,7,7,0,0,0,0
mo,29183311211,29189216500,15,16,18,19,0,0,0,0
mo,29183311211,29189216600,16,17,19,20,1,1,1,1
mo,29183311221,29189218105,13,13,16,17,0,0,0,3
mo,29183311311,29183311500,4,4,5,5,0,0,0,0
mo,29183311311,29183311602,2,2,3,4,0,0,0,1
mo,29183311311,29189217701,9,10,12,12,0,0,0,0
mo,29183311311,29510124200,8,8,10,10,0,0,0,1
mo,29183311312,29183311150,1,2,2,2,0,0,0,1
mo,29183311312,29183311603,1,1,1,1,0,0,0,0
mo,29183311312,29189212702,4,5,9,13,0,0,0,0
mo,29183311312,29189213102,4,5,7,10,0,0,0,0
mo,29183311312,29189221423,12,13,16,17,0,0,0,0
mo,29183311322,29189217702,3,3,6,6,0,0,0,3
mo,29183311391,29099700121,16,16,18,18,0,0,0,0
mo,29183311602,29510125500,9,9,13,17,1,1,1,3
mo,29183311603,29189213102,6,6,7,7,1,1,1,2
mo,29183311603,29510103100,4,4,7,10,1,1,1,3
mo,29183311604,29183311602,1,1,1,1,0,0,0,0
mo,29183311712,29145020601,15,20,21,22,0,0,0,2
mo,29183311721,29183311734,1,1,1,1,0,0,0,0
mo,29183311721,29183312400,3,3,3,3,0,0,0,0
mo,29183311721,29189211402,2,2,5,7,0,0,0,1
mo,29183311721,29189213102,2,2,4,6,0,0,0,1
mo,29183311732,29189211401,3,5,6,9,0,0,0,3
mo,29183311732,29189215600,11,12,15,17,0,0,0,3
mo,29183311732,29189221337,3,7,9,12,0,0,0,3
mo,29183311733,29183311124,3,5,6,6,0,0,0,0
mo,29183311733,29189211500,6,6,9,12,0,0,0,0
mo,29183311734,29027070400,6,8,11,12,0,0,0,3
mo,29183311734,29127960100,7,7,11,10,1,1,1,2
mo,29183311734,29183311422,1,1,1,1,0,0,0,0
mo,29183311734,29189214800,2,2,6,10,0,0,0,0
mo,29183311734,29189214901,2,2,6,10,0,0,0,0
mo,29183311735,29183312095,5,6,7,8,0,0,0,1
mo,29183311735,29189218901,7,8,11,11,0,0,0,0
mo,29183311737,29071800704,8,11,12,12,0,0,0,0
mo,29183311737,29183311802,4,5,5,4,0,0,0,0
mo,29183311739,29183311500,7,8,9,9,0,0,0,0
mo,29183311739,29189211402,2,2,4,6,0,0,0,3
mo,29183311740,29189214901,2,2,4,6,0,0,0,3
mo,29183311801,29183311124,9,12,14,13,0,0,0,1
mo,29183311802,29023950301,15,23,31,36,1,1,1,5
mo,29183311802,29189213102,3,3,6,10,1,1,1,3
mo,29183311903,29183312400,2,3,5,9,0,0,0,1
mo,29183311903,29189217841,6,6,7,9,1,1,2,4
mo,29183311904,29510125500,2,4,5,10,0,0,0,5
mo,29183311907,29183311602,3,3,3,4,0,0,0,0
mo,29183311908,29105960500,9,12,13,14,0,0,0,4
mo,29183312001,29189210924,12,12,13,13,1,1,1,3
mo,29183312002,29139970300,1,2,2,2,0,0,0,1
mo,29183312002,29189215001,6,6,11,17,0,0,0,4
mo,29183312003,29189211201,11,10,16,23,1,1,1,6
mo,29183312094,29189221336,2,2,3,5,0,0,0,4
mo,29183312094,29510117200,2,2,3,6,0,0,0,4
mo,29183312095,29189215201,9,11,17,23,1,1,1,3
mo,29183312095,29510126700,3,4,10,17,1,1,1,3
mo,29183312096,29113810305,4,4,6,6,1,1,2,2
mo,29183312096,29189215003,7,7,13,20,0,0,0,4
mo,29183312096,29189215143,5,5,11,18,0,0,0,4
mo,29183312192,29183310202,2,3,6,13,0,0,0,6
mo,29183312192,29189221630,3,3,4,4,1,1,2,4
mo,29183312193,29189221800,3,3,9,18,0,0,0,4
mo,29183312195,29183311738,5,7,7,7,0,0,0,3
mo,29183312195,29189210702,2,4,9,18,0,0,0,5
mo,29183312195,29189221629,3,5,8,8,1,1,2,2
mo,29183312204,29189220102,8,9,11,14,0,0,0,5
mo,29183312207,29183310700,6,7,10,15,0,0,0,4
mo,29183312300,29183311500,4,4,4,5,0,0,0,1
mo,29183312300,29510101500,10,12,15,15,0,0,0,1
mo,29183312400,29019000500,7,13,17,20,0,0,0,7
mo,29183312400,29189215143,1,1,4,5,0,0,0,0
mo,29183312400,29189215301,8,9,13,13,0,0,0,1
mo,29185480200,29217950400,0,0,0,0,0,0,0,0
mo,29186960200,29073960200,7,9,9,11,1,1,1,2
mo,29186960300,29189221423,3,3,4,6,0,0,0,1
mo,29187950103,29123960202,2,5,8,8,0,0,0,1
mo,29187950702,29189221502,6,7,8,9,0,0,0,0
mo,29187950703,29510115300,4,7,9,10,0,0,0,1
mo,29187950703,29510125600,4,7,9,11,0,0,0,2
mo,29187950901,29189217000,5,7,9,11,0,0,0,0
mo,29187951001,29189221000,4,6,7,8,0,0,0,0
mo,29187951102,29093950300,2,2,2,2,0,0,0,0
mo,29187951102,29187950402,2,2,2,2,0,0,0,0
mo,29189210101,29189215500,8,10,12,14,1,1,1,2
mo,29189210102,29189210805,0,0,0,0,0,0,0,0
mo,29189210102,29189211402,0,0,1,3,0,0,0,1
mo,29189210200,29189221201,5,5,5,5,0,0,0,0
mo,29189210300,29510117200,2,2,2,2,0,0,0,0
mo,29189210501,29510118100,0,0,0,0,0,0,0,0
mo,29189210502,29189212500,0,0,0,0,0,0,0,0
mo,29189210600,29183310901,2,2,4,6,1,1,2,4
mo,29189210702,29183311500,1,3,4,6,1,1,1,2
mo,29189210803,29189215003,3,3,3,3,0,0,0,0
mo,29189210806,29189210600,0,0,0,0,0,0,0,0
mo,29189210921,29189215103,6,6,6,6,0,0,0,0
mo,29189210921,29510127800,3,3,3,3,0,0,0,0
mo,29189210924,29189215143,6,6,6,6,0,0,0,0
mo,29189210925,29183310501,2,2,3,3,1,1,2,2
mo,29189210925,29189212702,5,5,5,4,0,0,0,1
mo,29189210926,29183311212,4,4,6,7,1,1,2,4
mo,29189210926,29189217500,12,14,15,14,0,0,0,0
mo,29189211001,29189211102,0,0,0,0,0,0,0,0
mo,29189211001,29510127800,2,2,2,2,0,0,0,0
mo,29189211101,29189210924,2,2,2,2,0,0,0,0
mo,29189211101,29189215144,2,2,3,4,0,0,0,0
mo,29189211101,29189216600,9,10,11,12,1,1,1,3
mo,29189211202,29189216401,7,8,8,7,0,0,0,2
mo,29189211301,29189210101,1,1,1,1,1,1,1,1
mo,29189211331,29189213103,1,2,2,2,0,0,0,0
mo,29189211331,29189215234,2,2,2,2,0,0,0,0
mo,29189211333,29189213102,1,1,1,1,0,0,0,1
mo,29189211333,29510127600,2,2,2,3,0,0,0,1
mo,29189211401,29510119300,8,8,9,9,0,0,0,1
mo,29189211600,29189211402,0,0,0,1,0,0,0,1
mo,29189211600,29189211500,1,1,1,1,0,0,0,1
mo,29189211802,29189217300,8,9,9,8,0,0,0,0
mo,29189212102,29189213702,4,4,4,3,0,0,0,0
mo,29189212102,29510112400,3,3,3,3,0,0,0,0
mo,29189212201,29189215802,4,4,4,4,0,0,0,0
mo,29189212300,29189211500,0,0,0,0,0,0,0,0
mo,29189212400,29183311500,3,3,4,7,1,1,2,4
mo,29189212600,29189217701,11,13,15,14,0,0,0,1
mo,29189212701,29189213102,2,2,3,4,0,0,0,1
mo,29189212702,29189215400,4,6,7,7,0,0,0,0
mo,29189212702,29510119102,7,7,7,7,0,0,0,0
mo,29189213202,29055450104,8,9,10,9,1,1,1,2
mo,29189213202,29183311322,4,4,5,7,1,1,2,7
mo,29189213202,29189214800,2,2,2,2,0,0,0,0
mo,29189213202,29189215600,8,8,8,8,0,0,0,0
mo,29189213203,29183311500,3,3,4,7,1,1,2,4
mo,29189213203,29189213103,0,0,0,0,0,0,0,0
mo,29189213204,29189214500,1,3,4,4,0,0,0,1
mo,29189213301,29189215400,7,7,7,7,0,0,0,0
mo,29189213301,29189221202,3,3,3,3,0,0,0,1
mo,29189213302,29189215201,3,3,3,3,0,0,0,0
mo,29189213401,29019001300,9,15,19,25,2,2,3,13
mo,29189213402,29189213701,1,1,1,1,0,0,0,0
mo,29189213701,29189216500,1,1,1,1,0,0,0,0
mo,29189214100,29510127100,3,3,3,3,0,0,0,1
mo,29189214601,29189211700,3,3,4,4,0,0,0,0
mo,29189214601,29189213102,4,4,5,5,0,0,0,1
mo,29189214700,29189213500,2,2,2,2,0,0,0,0
mo,29189214700,29189214400,1,1,2,2,0,0,0,0
mo,29189214800,29189216800,1,1,1,2,0,0,0,1
mo,29189214901,29510125600,9,9,9,9,0,0,0,1
mo,29189214902,29510126600,5,6,7,7,0,0,0,1
mo,29189215001,29189217400,2,1,1,1,0,0,0,1
mo,29189215003,29183311909,6,6,7,10,1,1,2,5
mo,29189215004,29189214300,10,11,11,11,0,0,0,0
mo,29189215004,29189217701,3,3,3,4,0,0,0,0
mo,29189215005,29510118600,6,8,8,11,0,0,0,2
mo,29189215102,29189221800,5,5,6,7,0,0,0,1
mo,29189215144,29189221800,6,6,7,8,0,0,0,1
mo,29189215146,29183310601,3,4,5,6,1,1,2,3
mo,29189215146,29183311740,2,2,3,6,1,1,2,5
mo,29189215146,29189217702,1,1,1,1,0,0,0,0
mo,29189215146,29189219300,6,5,5,5,0,0,0,0
mo,29189215231,29189218104,4,4,5,6,0,0,0,0
mo,29189215233,29189215001,0,0,0,1,0,0,0,1
mo,29189215236,29510127500,4,5,5,8,0,0,0,2
mo,29189215301,29051010402,9,9,9,11,2,2,2,3
mo,29189215500,29019001105,13,18,21,26,2,2,3,11
mo,29189215600,29189219700,7,9,9,10,0,0,0,0
mo,29189215700,29510125500,5,5,5,5,0,0,0,1
mo,29189215801,29183310801,2,2,3,5,1,1,2,4
mo,29189215901,29189220601,8,9,9,10,1,1,1,2
mo,29189215902,29189216500,2,2,2,2,0,0,0,1
mo,29189216000,29189217701,8,7,8,8,0,0,0,2
mo,29189216101,29189215001,12,13,13,13,0,0,0,1
mo,29189216201,29189215001,11,12,12,12,0,0,0,1
mo,29189216201,29189216300,1,1,1,1,0,0,0,0
mo,29189216201,29189221423,8,8,8,10,0,0,0,2
mo,29189216202,29189216300,1,1,1,1,0,0,0,0
mo,29189216202,29189216500,1,1,1,1,0,0,0,0
mo,29189216202,29510118600,1,1,1,1,0,0,0,1
mo,29189216300,29019000500,7,14,17,22,2,2,3,14
mo,29189216600,29189221631,1,1,1,1,1,1,1,1
mo,29189216800,29189217600,1,1,2,1,0,0,0,0
mo,29189216900,29510118600,0,1,1,3,0,0,0,0
mo,29189217000,29189221624,7,7,7,8,0,0,0,0
mo,29189217000,29510125600,1,1,1,2,0,0,0,1
mo,29189217200,29189212400,9,9,9,8,0,0,0,1
mo,29189217400,29189216300,1,1,3,3,0,0,0,3
mo,29189217400,29189218902,1,1,1,1,0,0,0,0
mo,29189217400,29189221627,2,2,2,2,0,0,0,0
mo,29189217500,29189215143,2,2,2,3,0,0,0,1
mo,29189217500,29189216300,1,1,1,2,0,0,0,3
mo,29189217701,29189218600,1,1,1,2,0,0,0,0
mo,29189217702,29189215234,0,0,0,0,0,0,0,0
mo,29189217802,29189213202,5,7,7,6,0,0,0,1
mo,29189217802,29189215102,2,2,2,2,0,0,0,0
mo,29189217802,29189218016,2,2,2,2,0,0,0,2
mo,29189217806,29510127800,4,5,5,8,0,0,0,2
mo,29189217841,29189215201,2,2,2,2,0,0,0,0
mo,29189217841,29189217701,3,3,3,3,0,0,0,1
mo,29189217852,29189221426,3,3,3,3,1,1,1,1
mo,29189217921,29189221201,3,3,3,3,0,0,0,0
mo,29189217921,29189221421,3,3,3,3,1,1,1,1
mo,29189217923,29189217853,1,1,1,1,0,0,0,0
mo,29189217923,29189221630,0,1,3,3,0,0,1,1
mo,29189217942,29183311149,3,4,5,9,2,2,3,7
mo,29189217944,29183311103,5,7,7,7,1,1,2,5
mo,29189217944,29189217841,1,1,1,1,0,0,0,0
mo,29189218013,29189215600,3,4,4,4,0,0,0,1
mo,29189218016,29183311103,3,5,7,9,1,1,2,5
mo,29189218016,29510119102,0,1,1,4,0,0,0,2
mo,29189218105,29031881301,6,7,10,11,3,3,3,5
mo,29189218105,29189213401,7,9,9,9,1,1,1,3
mo,29189218105,29189215600,3,4,4,4,1,1,1,3
mo,29189218300,29189215234,0,0,0,0,0,0,0,0
mo,29189218300,29189219200,0,0,0,0,0,0,0,0
mo,29189218401,29189221202,0,0,0,0,0,0,0,0
mo,29189218402,29189215234,0,0,0,0,0,0,0,0
mo,29189218402,29189215600,3,3,3,3,0,0,0,1
mo,29189218402,29189216700,3,4,4,4,0,0,0,0
mo,29189218402,29189218800,0,0,0,0,0,0,0,0
mo,29189218402,29510125600,0,0,0,1,0,0,0,1
mo,29189218500,29189215102,0,0,0,0,0,0,0,0
mo,29189218500,29189217701,1,1,1,1,0,0,0,0
mo,29189218800,29189217701,2,2,2,2,0,0,0,0
mo,29189218800,29510118600,2,2,2,2,0,0,0,1
mo,29189218800,29510125600,2,2,2,3,0,0,0,2
mo,29189218800,29510127200,2,2,2,2,0,0,0,1
mo,29189218902,29189217701,1,1,1,1,0,0,0,0
mo,29189218902,29189221201,2,2,2,2,0,0,0,0
mo,29189218902,29510125600,3,3,3,6,0,0,0,2
mo,29189218902,29510127300,4,4,4,4,0,0,0,1
mo,29189219100,29071800704,3,3,3,4,1,1,1,1
mo,29189219100,29189216300,3,3,3,3,0,0,0,0
mo,29189219200,29183311603,6,7,8,11,1,1,2,5
mo,29189219200,29189218901,1,1,1,1,0,0,0,0
mo,29189219200,29189221629,5,5,5,5,0,0,0,0
mo,29189219400,29510125600,0,1,1,2,0,0,0,2
mo,29189219501,29510112400,1,2,3,4,0,0,0,2
mo,29189219700,29189221800,6,7,8,9,0,0,0,2
mo,29189219802,29183311712,7,9,10,15,2,2,3,7
mo,29189219802,29189217300,4,4,4,5,0,0,0,0
mo,29189219802,29189219900,0,0,0,0,0,0,0,0
mo,29189220001,29189213701,9,9,9,8,0,0,0,0
mo,29189220002,29189213202,15,17,17,18,0,0,0,0
mo,29189220002,29189219400,0,0,0,0,0,0,0,0
mo,29189220102,29183311735,9,13,16,17,1,1,2,5
mo,29189220102,29189215235,5,6,6,6,0,0,0,0
mo,29189220200,29099700122,2,2,2,2,0,0,0,0
mo,29189220200,29183311124,9,11,13,14,1,1,2,5
mo,29189220441,29189220449,0,0,0,0,0,0,0,0
mo,29189220441,29189221800,6,7,8,9,0,0,0,1
mo,29189220441,29510125600,0,0,0,1,0,0,0,1
mo,29189220441,29510127200,0,0,0,0,0,0,0,0
mo,29189220442,29099700118,1,1,1,2,0,0,0,1
mo,29189220443,29189221202,0,0,0,0,0,0,0,0
mo,29189220445,29071800202,3,4,4,5,0,0,0,0
mo,29189220445,29189220501,0,0,0,0,0,0,0,0
mo,29189220447,29189221339,0,0,0,0,0,0,0,0
mo,29189220448,29189215001,0,0,0,1,0,0,0,1
mo,29189220449,29099700121,1,1,1,1,0,0,0,0
mo,29189220451,29189221423,3,3,3,3,0,0,0,0
mo,29189220452,29189219900,0,0,0,0,0,0,0,0
mo,29189220501,29189217701,1,1,1,1,0,0,0,0
mo,29189220504,29183311500,3,3,4,7,1,1,2,4
mo,29189220601,29189215234,1,1,1,1,1,1,1,1
mo,29189220601,29510125600,1,1,1,2,1,1,1,2
mo,29189220701,29189215005,9,11,12,13,0,0,0,0
mo,29189220701,29189217600,2,2,2,2,0,0,0,0
mo,29189220701,29189220801,0,0,0,0,0,0,0,0
mo,29189220702,29189217600,2,2,2,2,0,0,0,0
mo,29189220702,29510125600,0,0,0,1,0,0,0,1
mo,29189221000,29510125600,0,0,0,1,0,0,0,1
mo,29189221335,29099701001,2,3,4,6,0,0,0,0
mo,29189221335,29189220601,1,1,1,1,1,1,1,1
mo,29189221336,29510127400,0,0,0,0,0,0,0,0
mo,29189221337,29099700306,1,1,1,1,0,0,0,0
mo,29189221337,29189220601,1,1,1,1,1,1,1,1
mo,29189221421,29029950500,6,8,9,10,1,1,1,3
mo,29189221421,29189215102,2,2,2,2,0,0,0,0
mo,29189221421,29189219502,0,0,0,0,0,0,0,0
mo,29189221421,29189221336,0,0,0,0,0,0,0,0
mo,29189221423,29189211500,6,6,8,9,0,0,0,3
mo,29189221423,29189221629,2,4,4,4,0,0,0,0
mo,29189221423,29510103600,1,1,1,1,0,0,0,0
mo,29189221424,29189215003,0,0,0,0,0,0,0,0
mo,29189221425,29183311103,3,6,8,9,1,1,2,5
mo,29189221426,29189215004,2,2,2,2,0,0,0,0
mo,29189221426,29510102300,3,3,4,3,0,0,0,0
mo,29189221502,29189218902,2,2,3,4,0,0,0,2
mo,29189221503,29189221629,4,5,4,4,1,2,1,1
mo,29189221503,29189221800,7,8,9,11,1,2,1,5
mo,29189221625,29189217921,0,0,0,0,0,0,0,0
mo,29189221625,29189217943,0,0,0,1,0,0,0,1
mo,29189221626,29189215102,1,4,4,4,0,0,0,0
mo,29189221627,29189215103,1,3,3,3,0,0,0,0
mo,29189221627,29189221425,3,4,4,4,0,0,0,0
mo,29189221629,29189218401,0,1,1,1,0,0,0,0
mo,29189221631,29189217841,1,1,1,1,0,0,0,0
mo,29189221900,29165030207,14,23,28,35,4,4,5,16
mo,29189221900,29189213102,2,2,2,3,0,0,0,1
mo,29189222000,29189215003,0,0,0,0,0,0,0,0
mo,29189222100,29095015500,12,21,24,31,1,1,1,5
mo,29189222100,29189215234,1,2,2,3,0,0,0,1
mo,29189222100,29189221502,0,0,0,0,0,0,0,0
mo,29189222100,29189221629,0,0,0,0,0,0,0,0
mo,29195090400,29177080300,1,1,2,3,0,0,0,2
mo,29195090800,29053950500,1,1,1,1,0,0,0,0
mo,29197470200,29001950400,1,1,1,1,0,0,0,0
mo,29201780100,29017950200,3,3,4,4,0,0,0,0
mo,29201780300,29031881301,3,4,4,4,0,0,0,0
mo,29201780400,29109470501,7,8,10,10,0,0,0,2
mo,29201780700,29201780600,1,1,1,1,0,0,0,1
mo,29201781100,29201780300,0,0,0,0,0,0,0,0
mo,29201781201,29023950800,2,2,2,2,0,0,0,0
mo,29201781202,29201781000,0,0,0,0,0,0,0,0
mo,29201781300,29201781202,1,1,1,1,0,0,0,0
mo,29205450300,29127960100,2,2,2,2,0,0,0,0
mo,29207470100,29201780100,3,3,3,3,0,0,0,0
mo,29207470300,29201781202,0,0,0,0,0,0,0,0
mo,29207470600,29077001100,4,4,6,6,0,0,0,1
mo,29207470800,29189215600,6,10,12,15,0,1,1,4
mo,29209090102,29077002900,4,4,5,5,0,0,0,0
mo,29209090102,29077005600,5,5,6,6,0,0,0,0
mo,29209090102,29097011900,1,1,2,2,0,0,0,0
mo,29209090102,29109470202,1,1,2,2,0,0,0,0
mo,29209090202,29009960301,2,2,2,2,0,0,0,0
mo,29209090202,29213480205,5,7,8,8,1,1,1,1
mo,29209090502,29189217841,8,14,15,19,1,2,2,6
mo,29213480108,29077000400,1,2,2,2,0,0,0,0
mo,29213480108,29213480206,3,3,3,3,0,0,0,0
mo,29213480109,29213480208,1,1,1,1,0,0,0,0
mo,29213480207,29213480205,2,2,2,2,0,0,0,0
mo,29213480301,29213480106,4,4,4,4,1,1,1,3
mo,29213480302,29213480208,8,7,7,7,0,0,0,1
mo,29213480503,29077002200,4,4,4,6,0,0,0,1
mo,29213480504,29213480501,0,0,0,0,0,0,0,0
mo,29213480504,29225470102,10,9,9,10,0,0,0,0
mo,29215480201,29091090600,0,0,0,0,0,0,0,0
mo,29215480401,29229490300,0,0,0,0,0,0,0,0
mo,29217950200,29011960300,0,0,0,0,0,0,0,0
mo,29217950200,29135385400,1,1,1,1,0,0,0,0
mo,29217950500,29217950400,0,0,0,0,0,0,0,0
mo,29219820104,29145020402,9,12,13,15,0,0,0,2
mo,29219820104,29219820106,1,1,1,1,1,1,1,1
mo,29219820105,29189218016,4,4,7,10,0,0,0,4
mo,29219820106,29183311903,2,2,4,4,0,0,0,1
mo,29219820108,29189215235,2,2,3,5,1,1,2,4
mo,29221460101,29221460300,0,0,0,0,0,0,0,0
mo,29221460300,29189217701,5,5,5,5,0,0,0,0
mo,29221460400,29183312194,4,4,5,5,0,0,0,0
mo,29221460500,29093950300,1,1,1,1,0,0,0,0
mo,29223690100,29031880800,3,4,4,4,0,0,0,1
mo,29223690400,29201781202,2,2,2,2,0,0,0,0
mo,29225470101,29225470201,0,0,0,0,0,0,0,0
mo,29225470102,29077005700,0,0,0,0,0,0,0,0
mo,29225470102,29213480205,3,5,5,6,0,0,0,1
mo,29225470201,29225470401,1,1,1,1,0,0,0,0
mo,29225470301,29077003702,0,0,0,0,0,0,0,0
mo,29225470302,29217950400,0,0,0,0,0,0,0,0
mo,29225470302,29229490300,2,2,2,2,0,0,0,0
mo,29225470401,29121960500,16,16,22,24,0,0,0,3
mo,29229490100,29225470301,2,2,3,3,0,0,0,0
mo,29229490300,29207470200,2,2,2,2,0,0,0,0
mo,29510101100,29189215201,5,6,6,6,0,0,0,0
mo,29510101100,29189217701,5,5,5,5,0,0,0,0
mo,29510101100,29189217853,5,6,6,6,0,0,0,0
mo,29510101100,29189219900,0,0,0,0,0,0,0,0
mo,29510101200,29189215600,6,8,9,9,0,0,0,1
mo,29510101300,29189216300,0,0,0,0,0,0,0,0
mo,29510101300,29189220200,0,0,0,0,0,0,0,0
mo,29510101300,29510112400,2,2,3,4,0,0,0,1
mo,29510101400,29510125600,0,0,0,1,0,0,0,1
mo,29510101500,29183311221,18,20,21,24,1,1,2,5
mo,29510101800,29189220441,0,0,0,0,0,0,0,0
mo,29510101800,29215480301,9,11,11,11,0,0,0,1
mo,29510102200,29510112400,1,1,2,3,0,0,0,1
mo,29510102400,29510115200,0,0,0,0,0,0,0,0
mo,29510102400,29510124200,0,0,0,0,0,0,0,0
mo,29510103100,29510113500,0,0,0,0,0,0,0,0
mo,29510103400,29189216800,0,0,0,0,0,0,0,0
mo,29510103700,29183311500,8,8,9,12,1,1,2,4
mo,29510104500,29189216500,6,7,8,8,0,0,0,0
mo,29510104500,29189218901,2,3,3,3,0,0,0,0
mo,29510104500,29510127400,2,2,3,4,0,0,0,0
mo,29510105198,29071800201,5,6,6,7,0,0,0,2
mo,29510105500,29189216401,2,3,3,3,0,0,0,0
mo,29510106100,29189212201,2,2,2,2,0,0,0,2
mo,29510106400,29510127400,5,5,5,5,0,0,0,1
mo,29510106500,29510112400,3,3,3,3,0,0,0,0
mo,29510106700,29510112400,4,4,4,4,0,0,0,0
mo,29510107400,29183311500,3,3,4,7,1,1,2,4
mo,29510108300,29189211802,0,0,0,0,0,0,0,0
mo,29510110300,29510112400,0,0,0,0,0,0,0,0
mo,29510112100,29189215231,4,4,5,5,1,1,1,1
mo,29510112300,29510113500,3,4,5,5,0,0,0,0
mo,29510112400,29189214300,6,6,7,7,0,0,0,1
mo,29510112400,29510127400,0,0,1,1,0,0,0,0
mo,29510113500,29189215234,1,1,2,2,0,0,0,0
mo,29510114102,29510105198,2,2,2,2,0,0,0,1
mo,29510114200,29510125600,0,0,0,1,0,0,0,1
mo,29510114300,29510124600,1,1,1,1,0,0,0,0
mo,29510115100,29183311103,3,4,6,6,1,1,2,5
mo,29510115100,29189217841,2,2,2,2,0,0,0,0
mo,29510115200,29510112400,1,1,2,3,0,0,0,1
mo,29510115300,29189216500,4,5,6,6,0,0,0,0
mo,29510115300,29510113500,0,0,0,0,0,0,0,0
mo,29510116100,29189221900,4,4,4,4,0,0,0,0
mo,29510116200,29099700900,0,1,2,4,0,0,0,1
mo,29510116200,29189221625,7,8,8,9,0,0,0,0
mo,29510116301,29177080300,13,21,26,32,2,2,3,16
mo,29510116301,29189215004,4,5,6,6,0,0,0,0
mo,29510116301,29510127200,0,0,0,0,0,0,0,0
mo,29510117200,29189221201,0,0,0,0,0,0,0,0
mo,29510117400,29189218901,3,4,4,4,0,0,0,0
mo,29510118100,29189215201,0,0,2,3,0,0,0,0
mo,29510118100,29510118600,0,0,0,0,0,0,0,0
mo,29510118600,29189219200,1,1,1,1,0,0,0,1
mo,29510119101,29189216300,2,3,3,3,0,0,0,1
mo,29510119102,29189215201,0,0,2,3,0,0,0,0
mo,29510121200,29510117200,2,2,2,2,0,0,0,0
mo,29510123100,29189215400,1,2,3,4,0,0,0,1
mo,29510124100,29189217841,1,1,1,1,0,0,0,0
mo,29510124100,29189221800,5,5,6,6,0,0,0,1
mo,29510124300,29189215102,0,0,0,0,0,0,0,0
mo,29510124600,29189212500,3,3,3,3,0,0,0,1
mo,29510125500,29189215234,0,0,2,3,0,0,0,0
mo,29510125600,29165980000,11,20,27,36,3,3,4,16
mo,29510125600,29183310502,2,2,3,5,1,1,2,4
mo,29510125600,29189215005,5,6,9,10,0,0,0,1
mo,29510125700,29510119300,0,0,0,0,0,0,0,0
mo,29510126600,29510118100,0,0,0,0,0,0,0,0
mo,29510126700,29510119300,0,0,0,0,0,0,0,0
mo,29510126800,29189213701,9,9,9,8,0,0,0,0
mo,29510126900,29510112400,3,3,3,3,0,0,0,0
mo,29510127300,29510112100,3,4,3,5,0,0,0,0
mo,29510127400,29189214800,9,9,9,9,0,0,0,1
mo,29510127700,29189213104,4,4,4,5,0,0,0,1
mo,29510127700,29189215700,5,5,5,5,0,0,0,2
nc,37001020501,37025042000,8,8,8,8,0,0,0,2
nc,37001020902,37081015500,2,2,3,5,0,0,0,2
nc,37001020902,37119005921,2,2,3,4,0,0,0,1
nc,37001021201,37001020302,1,1,1,1,0,0,0,0
nc,37001021204,37135011700,0,0,0,0,0,0,0,0
nc,37001021204,37147001304,4,8,8,11,0,0,0,3
nc,37001021205,37183052602,1,1,1,2,0,0,0,1
nc,37001021300,37001021207,0,0,0,0,0,0,0,0
nc,37001021600,37067002200,4,4,4,4,0,0,0,1
nc,37001021600,37081011000,5,5,5,5,0,0,0,1
nc,37001021702,37021000100,9,9,10,11,0,0,0,3
nc,37001021703,37001021701,2,2,2,2,1,1,1,1
nc,37001021901,37063002030,0,0,0,0,0,0,0,0
nc,37001021902,37135012201,0,0,0,0,0,0,0,0
nc,37001021902,37145920400,0,2,2,1,0,0,0,0
nc,37001022002,37001020801,2,3,3,3,0,0,0,0
nc,37001022002,37081012618,0,0,0,1,0,0,0,1
nc,37003040100,37003040500,0,0,0,0,0,0,0,0
nc,37003040100,37193960700,1,1,1,1,0,0,0,0
nc,37003040200,37097060601,3,3,3,3,0,0,0,0
nc,37003040500,37003040400,0,0,0,0,0,0,0,0
nc,37005950100,37183054220,1,3,3,4,0,0,0,2
nc,37007920502,37179020205,0,3,3,3,0,0,0,1
nc,37007920600,37063000200,5,7,8,11,0,0,0,0
nc,37009970400,37179020307,5,8,7,10,0,0,0,1
nc,37011930302,37013930400,8,13,17,22,1,1,1,9
nc,37013930300,37049960401,2,2,2,2,2,2,2,2
nc,37013930501,37147000503,1,1,2,2,0,0,0,0
nc,37013930502,37013931002,0,0,0,0,0,0,0,0
nc,37013930900,37187950300,0,0,0,0,0,0,0,0
nc,37013931001,37147000602,2,3,3,3,0,0,0,0
nc,37015960200,37091950402,0,0,0,0,0,0,0,0
nc,37015960200,37147000101,0,1,1,1,0,0,0,0
nc,37017950602,37051002001,1,1,2,2,0,0,0,0
nc,37019020105,37019020602,0,0,0,0,0,0,0,0
nc,37019020105,37129012006,1,1,1,1,1,1,1,1
nc,37019020106,37019020108,0,0,0,0,0,0,0,0
nc,37019020106,37129010600,1,1,1,1,1,1,1,1
nc,37019020107,37133000207,2,3,3,3,1,1,1,1
nc,37019020108,37129010100,1,1,1,1,1,1,1,1
nc,37019020201,37019020105,0,0,0,0,0,0,0,0
nc,37019020205,37129010600,2,2,2,2,1,1,1,1
nc,37019020205,37129011300,2,2,2,2,1,1,1,1
nc,37019020305,37129011904,2,2,2,2,1,1,1,1
nc,37019020315,37135011601,10,11,12,12,0,0,1,1
nc,37019020508,37019020517,0,0,0,0,0,0,0,0
nc,37019020601,37019020407,0,0,0,0,0,0,0,0
nc,37019020602,37119003805,3,7,8,9,0,0,0,4
nc,37021000200,37021002505,2,2,2,2,0,0,0,0
nc,37021000400,37021001402,1,1,1,1,0,0,0,0
nc,37021000500,37089931000,3,4,4,4,0,0,0,1
nc,37021000700,37115010601,7,7,5,5,0,0,0,0
nc,37021000800,37021001200,2,2,2,2,0,0,0,0
nc,37021000800,37021001500,0,0,0,0,0,0,0,0
nc,37021001000,37021000800,2,2,2,2,0,0,0,0
nc,37021001100,37021000100,1,1,1,1,0,0,0,0
nc,37021001500,37021000800,0,0,0,0,0,0,0,0
nc,37021001500,37089930701,2,2,2,2,0,0,0,0
nc,37021001700,37021002101,1,1,1,1,0,0,0,0
nc,37021001802,37021000100,2,2,2,2,0,0,0,0
nc,37021002000,37189920702,6,6,7,7,0,0,1,1
nc,37021002203,37021002305,1,1,1,1,0,0,0,0
nc,37021002206,37089930600,2,2,2,2,0,0,0,0
nc,37021002303,37021002203,0,0,0,0,0,0,0,0
nc,37021002306,37021000800,1,1,1,1,0,0,0,0
nc,37021002306,37035010302,0,0,0,0,0,0,0,0
nc,37021002401,37021000800,3,3,3,3,0,0,0,0
nc,37021002402,37021001602,3,5,5,5,0,0,0,0
nc,37021002607,37021000800,0,0,0,0,0,0,0,0
nc,37021002607,37159051202,5,6,6,6,0,0,0,0
nc,37021002608,37089930502,3,4,4,4,0,0,0,0
nc,37021002804,37021000100,0,0,0,0,0,0,0,0
nc,37021002900,37119980300,4,5,7,7,0,0,0,0
nc,37021003003,37023021400,0,0,0,0,0,0,0,0
nc,37021003203,37021003201,0,0,0,1,0,0,0,1
nc,37021003203,37175960301,2,2,2,2,1,1,1,1
nc,37023020202,37111970500,0,0,0,0,0,0,0,0
nc,37023020901,37023020303,0,0,0,0,0,0,0,0
nc,37023021201,37067003403,0,2,2,2,0,0,0,0
nc,37023021301,37023021400,0,0,0,0,0,0,0,0
nc,37025040501,37119005613,0,0,0,0,0,0,0,0
nc,37025040704,37159051002,1,1,1,1,0,0,0,0
nc,37025040800,37021001900,6,9,9,11,0,0,0,1
nc,37025041304,37035011702,9,10,10,11,0,0,0,1
nc,37025041304,37119005306,0,0,0,1,0,0,0,1
nc,37025041304,37119005533,1,1,1,1,0,0,0,0
nc,37025041304,37119005536,2,2,2,2,0,0,0,0
nc,37025041304,37119005834,3,4,4,4,0,0,0,0
nc,37025041304,37119006224,4,4,4,4,0,0,0,0
nc,37025041307,37067002701,6,6,6,7,1,1,1,1
nc,37025041307,37097061203,5,5,5,5,2,2,2,2
nc,37025041307,37119000101,0,0,0,0,0,0,0,0
nc,37025041503,37025042604,0,0,0,0,0,0,0,0
nc,37025041503,37119005827,4,4,4,4,0,0,0,0
nc,37025041505,37155961301,5,5,5,6,0,0,0,0
nc,37025041507,37025042401,0,0,0,0,0,0,0,0
nc,37025041507,37119980100,2,2,2,2,1,1,1,1
nc,37025041603,37119980300,0,0,1,1,0,0,0,0
nc,37025041701,37119000402,3,5,6,6,0,0,0,0
nc,37025041702,37167931203,0,0,0,0,0,0,0,0
nc,37025041901,37119006305,1,1,1,1,1,1,1,1
nc,37025041902,37081016007,1,1,1,1,0,0,0,0
nc,37025042101,37119005536,3,4,4,4,0,0,0,0
nc,37025042300,37025041306,0,0,0,0,0,0,0,0
nc,37025042300,37119005919,2,3,3,3,0,0,0,0
nc,37025042501,37119005834,3,4,4,4,0,0,0,0
nc,37025042502,37025041901,0,0,0,0,0,0,0,0
nc,37025042503,37119005536,1,1,1,1,0,0,0,0
nc,37025042503,37119005866,0,1,1,1,0,0,0,0
nc,37025042503,37179020405,2,2,3,3,0,0,0,0
nc,37025042504,37025041902,0,0,0,0,0,0,0,0
nc,37027030100,37189920800,2,2,2,2,1,1,1,1
nc,37027030300,37027030100,0,0,0,0,0,0,0,0
nc,37027030500,37027030400,2,3,3,3,0,0,1,1
nc,37027030700,37027030400,2,2,2,2,0,0,0,0
nc,37027031201,37183052602,3,5,5,6,0,0,0,3
nc,37027031301,37035010501,0,1,1,1,0,1,1,1
nc,37027031301,37151030100,10,12,12,13,0,1,1,3
nc,37027031401,37023020901,1,1,1,1,1,1,1,1
nc,37029950101,37053110301,0,0,0,0,0,0,0,0
nc,37031970403,37031970301,0,0,0,0,0,0,0,0
nc,37031970502,37031971103,1,1,1,1,0,0,0,1
nc,37031970502,37083930504,9,11,11,11,0,0,0,1
nc,37031970503,37031970501,0,0,0,0,0,0,0,0
nc,37031970504,37031970103,0,1,1,1,0,0,0,0
nc,37031970702,37031970401,1,1,1,1,0,0,0,0
nc,37031970702,37031970606,0,0,0,0,0,0,0,0
nc,37031970702,37047930700,4,4,4,5,0,0,0,0
nc,37031970702,37183052504,19,24,29,39,0,0,0,3
nc,37031970703,37129011503,4,5,6,7,1,1,1,1
nc,37031970804,37133001102,1,1,1,2,0,0,0,0
nc,37031971003,37049960102,6,7,7,7,0,0,0,1
nc,37031971003,37129011610,2,2,2,3,0,0,0,0
nc,37033930200,37051002200,5,5,6,6,0,0,0,1
nc,37033930500,37001021703,2,3,3,3,0,0,0,1
nc,37035010101,37035010204,1,1,1,1,1,1,1,1
nc,37035010102,37003040600,1,1,1,1,0,0,0,1
nc,37035010102,37119001801,1,3,3,3,0,0,0,0
nc,37035010102,37171930302,2,3,3,3,0,0,0,0
nc,37035010201,37023020600,3,3,3,3,0,0,0,0
nc,37035010203,37119003807,5,8,9,9,0,0,0,0
nc,37035010301,37035010304,2,2,2,2,0,0,0,0
nc,37035010302,37035011000,1,1,1,1,0,0,0,0
nc,37035010403,37035011000,0,0,0,0,0,0,0,0
nc,37035010403,37057060302,2,3,3,3,0,0,0,0
nc,37035010403,37159050700,11,13,13,13,0,0,0,2
nc,37035010404,37005950100,4,4,4,4,0,0,0,0
nc,37035010404,37125950702,12,14,14,15,0,0,0,0
nc,37035010501,37035010303,0,0,0,0,0,0,0,0
nc,37035010501,37089930600,3,3,4,4,0,0,0,0
nc,37035010502,37003040500,2,2,2,2,0,0,0,0
nc,37035010502,37169070506,3,4,4,4,0,0,0,0
nc,37035011300,37097061302,4,5,6,6,0,0,0,0
nc,37035011300,37109071101,1,3,3,3,0,0,0,0
nc,37035011402,37035010102,2,2,2,2,0,0,0,0
nc,37035011402,37035010700,4,4,5,5,0,0,0,0
nc,37035011402,37097060200,4,4,4,4,0,0,0,1
nc,37035011501,37159051904,4,4,4,4,1,1,1,2
nc,37035011503,37119005511,6,6,6,5,0,0,0,0
nc,37035011506,37097061303,10,9,9,8,3,3,3,3
nc,37035011601,37035011701,1,1,1,1,0,0,0,0
nc,37035011801,37023021400,0,0,0,0,0,0,0,0
nc,37037020105,37135011601,2,2,2,2,0,0,1,1
nc,37037020107,37183053210,1,2,2,2,0,0,0,1
nc,37037020202,37183053009,1,2,2,2,1,1,1,1
nc,37037020202,37183053619,0,0,0,0,0,0,0,0
nc,37037020600,37037020802,0,0,0,0,0,0,0,0
nc,37037020600,37063001501,0,0,0,0,0,0,0,0
nc,37037020600,37105030200,1,1,1,1,0,0,0,1
nc,37037020801,37135012201,0,0,0,0,0,0,0,0
nc,37037020802,37037020104,0,0,0,0,0,0,0,0
nc,37037020802,37183053430,1,2,2,2,1,1,1,1
nc,37037020803,37183051700,2,3,3,3,1,1,1,1
nc,37039930502,37099950400,10,10,9,9,0,0,0,0
nc,37039930603,37039930604,0,0,0,0,0,0,0,0
nc,37041930101,37183053202,17,19,19,20,0,0,0,2
nc,37041930202,37183050300,9,9,10,13,0,0,0,3
nc,37043950102,37119005627,21,25,28,29,2,2,2,3
nc,37045950302,37071032100,1,1,1,1,0,0,0,1
nc,37045950400,37021001402,1,2,3,4,0,0,0,1
nc,37045950400,37045950500,0,0,0,0,0,0,0,0
nc,37045950400,37183050100,9,10,13,14,1,1,1,3
nc,37045950500,37089930703,6,8,8,8,1,1,1,2
nc,37045950800,37071032100,1,1,1,1,0,0,0,1
nc,37045950900,37045950701,0,0,0,0,0,0,0,0
nc,37045951400,37045950701,0,0,0,0,0,0,0,0
nc,37047930400,37017950301,0,0,0,0,0,0,0,0
nc,37047930500,37047930900,0,0,0,0,0,0,0,0
nc,37047930900,37019020601,1,1,1,1,0,0,0,1
nc,37047931000,37093970300,7,8,8,8,0,0,0,2
nc,37047931302,37047930900,1,1,1,1,0,0,0,1
nc,37049960401,37187950201,5,6,8,8,0,0,0,1
nc,37049960402,37183054011,18,21,26,35,0,0,0,2
nc,37049961003,37103920100,0,0,0,0,0,0,0,0
nc,37049961004,37049960600,0,0,0,0,0,0,0,0
nc,37049961302,37049961301,2,2,2,2,2,2,2,2
nc,37051000701,37183053011,11,11,11,11,0,0,0,0
nc,37051000900,37051000701,0,0,0,0,0,0,0,0
nc,37051001402,37051003502,0,0,0,0,0,0,0,0
nc,37051001605,37051002001,3,3,3,3,0,0,0,0
nc,37051001701,37133002600,2,2,2,2,0,0,0,0
nc,37051001901,37051001800,0,0,0,0,0,0,0,0
nc,37051001903,37017950302,7,7,7,7,0,0,0,0
nc,37051002100,37017950401,0,0,0,0,0,0,0,0
nc,37051002100,37183054001,7,7,7,7,0,0,0,0
nc,37051002501,37183052001,5,6,6,6,0,0,0,0
nc,37051002503,37051003800,0,0,0,0,0,0,0,0
nc,37051002505,37051002001,0,0,0,0,0,0,0,0
nc,37051002701,37051001800,0,1,1,1,0,0,0,0
nc,37051002701,37119005919,8,11,12,12,0,0,0,1
nc,37051002801,37051003102,4,4,3,3,0,0,0,0
nc,37051002801,37085070100,0,0,0,0,0,0,0,0
nc,37051002900,37051000600,0,0,0,0,0,0,0,0
nc,37051002900,37051003800,0,0,0,0,0,0,0,0
nc,37051003102,37051002002,6,6,5,5,0,0,0,0
nc,37051003106,37051001604,0,0,0,0,0,0,0,0
nc,37051003209,37051002001,0,0,0,0,0,0,0,0
nc,37051003209,37051003315,0,0,0,0,0,0,0,0
nc,37051003310,37051002900,2,2,2,3,0,0,0,0
nc,37051003310,37119002500,6,9,9,10,0,0,0,1
nc,37051003313,37105030101,5,7,7,7,0,0,0,0
nc,37051003318,37051003310,0,0,0,0,0,0,0,0
nc,37051003409,37067003003,4,5,5,5,0,0,0,0
nc,37053110202,37195000402,12,12,12,13,0,0,0,1
nc,37055970400,37055970601,4,4,4,4,2,2,2,2
nc,37057060104,37057060201,0,0,0,0,0,0,0,0
nc,37057060104,37067002200,2,2,2,2,0,0,0,0
nc,37057060104,37081014410,0,0,0,0,0,0,0,0
nc,37057060201,37021000100,4,4,4,4,0,0,0,0
nc,37057060201,37067002200,2,2,2,2,0,0,0,0
nc,37057060201,37081013900,0,0,0,0,0,0,0,0
nc,37057060203,37067003309,0,0,0,0,0,0,0,0
nc,37057060301,37067001602,6,6,6,6,0,0,0,0
nc,37057060301,37067003600,1,1,1,1,0,0,0,0
nc,37057060602,37067000100,1,1,1,1,0,0,0,0
nc,37057060700,37067003805,1,1,1,3,0,0,0,2
nc,37057060700,37119000104,1,1,1,1,0,0,0,0
nc,37057061000,37057060800,0,0,0,0,0,0,0,0
nc,37057061202,37167930300,2,2,2,2,0,0,0,0
nc,37057061204,37057061202,0,0,0,0,0,0,0,0
nc,37057061600,37119005714,0,0,2,2,0,0,0,1
nc,37057061600,37151030100,3,3,3,3,0,0,0,0
nc,37057061703,37183054502,3,4,4,4,1,1,1,1
nc,37057061805,37057060400,2,2,2,3,0,0,0,1
nc,37057061902,37057061400,1,1,1,1,0,0,0,0
nc,37057061903,37057060103,2,2,2,2,0,0,0,0
nc,37059080400,37059080200,0,0,0,0,0,0,0,0
nc,37059080500,37081012804,2,2,2,2,0,0,0,0
nc,37059080500,37163970202,9,9,9,9,0,0,0,1
nc,37061090302,37061090803,1,2,2,2,0,0,0,0
nc,37061090401,37191001500,0,0,0,0,0,0,0,0
nc,37063000102,37183054112,1,1,2,3,0,0,0,1
nc,37063000302,37063002200,0,0,0,0,0,0,0,0
nc,37063000401,37063002200,0,0,0,0,0,0,0,0
nc,37063000600,37063001501,0,0,0,0,0,0,0,0
nc,37063000600,37183052001,14,15,14,9,0,0,0,0
nc,37063001002,37183052701,1,1,1,2,0,0,0,1
nc,37063001504,37155961302,7,9,9,10,0,0,0,0
nc,37063001601,37183050100,1,1,1,2,0,0,0,1
nc,37063001705,37063002030,0,0,0,0,0,0,0,0
nc,37063001709,37063001706,0,0,0,0,0,0,0,0
nc,37063001712,37063002036,0,0,0,0,0,0,0,0
nc,37063001802,37063002022,0,0,0,0,0,0,0,0
nc,37063001806,37063002200,0,0,0,0,0,0,0,0
nc,37063001808,37063002035,1,1,1,1,0,0,0,0
nc,37063001809,37183053609,1,2,2,2,0,0,0,0
nc,37063001809,37183054212,1,1,1,1,0,0,0,1
nc,37063002007,37063001706,0,0,0,0,0,0,0,0
nc,37063002007,37135012201,0,0,0,0,0,0,0,0
nc,37063002019,37135011206,0,0,0,1,0,0,0,1
nc,37063002019,37199960400,9,10,13,15,1,1,1,5
nc,37063002023,37063001400,0,0,0,0,0,0,0,0
nc,37063002023,37063002015,0,0,0,0,0,0,0,0
nc,37063002024,37183053436,0,0,1,2,0,0,0,0
nc,37063002024,37183054011,1,1,1,1,0,0,0,0
nc,37063002026,37063001501,0,0,0,0,0,0,0,0
nc,37063002026,37063002035,0,0,0,0,0,0,0,0
nc,37063002026,37119003902,1,1,1,2,0,0,0,2
nc,37063002026,37183053609,1,2,2,2,0,0,0,0
nc,37063002031,37135012101,0,0,0,0,0,0,0,0
nc,37063002033,37135011601,2,2,2,2,0,0,1,1
nc,37063002034,37063001501,0,0,0,0,0,0,0,0
nc,37063002034,37135011601,1,1,1,1,0,0,1,1
nc,37063002034,37183054217,1,2,3,3,0,0,0,0
nc,37063002035,37063002100,0,0,0,0,0,0,0,0
nc,37063002035,37063002200,0,0,0,0,0,0,0,0
nc,37063002037,37063001501,0,0,0,0,0,0,0,0
nc,37063002037,37183052602,0,0,0,0,0,0,0,0
nc,37065020300,37035011503,6,6,8,12,1,1,1,7
nc,37065020300,37065020600,0,0,0,0,0,0,0,0
nc,37065021200,37127010700,0,0,0,0,0,0,0,0
nc,37065021300,37065021200,0,0,0,0,0,0,0,0
nc,37065021400,37127010604,0,0,0,0,0,0,0,0
nc,37067000500,37067003804,1,1,1,1,0,0,0,0
nc,37067000700,37057060800,1,1,1,1,0,0,0,0
nc,37067000801,37167931204,3,3,3,3,0,0,0,0
nc,37067001200,37081016304,0,0,0,0,0,0,0,0
nc,37067001601,37081016201,0,0,0,0,0,0,0,0
nc,37067002001,37067003805,1,1,1,2,0,0,0,1
nc,37067002002,37067002704,3,3,3,4,0,0,0,0
nc,37067002100,37067002200,0,0,0,0,0,0,0,0
nc,37067002501,37101040700,1,2,2,2,1,1,1,1
nc,37067002702,37081016503,0,0,0,0,0,0,0,0
nc,37067002704,37067003804,0,0,0,0,0,0,0,0
nc,37067002807,37059080600,0,0,0,0,0,0,0,0
nc,37067002807,37067003804,0,0,0,0,0,0,0,0
nc,37067002808,37037020300,1,1,1,1,0,0,0,0
nc,37067002809,37067003804,0,0,0,0,0,0,0,0
nc,37067003003,37183052601,2,3,3,4,0,0,0,3
nc,37067003004,37081012508,0,0,0,0,0,0,0,0
nc,37067003107,37067002200,0,0,0,0,0,0,0,0
nc,37067003201,37081016008,0,0,0,0,0,0,0,0
nc,37067003201,37119005721,1,1,1,1,0,0,0,0
nc,37067003202,37067003402,0,0,0,0,0,0,0,0
nc,37067003308,37051003501,3,3,4,4,0,0,0,0
nc,37067003308,37081016011,0,0,0,0,0,0,0,0
nc,37067003312,37021002206,1,1,2,3,0,0,0,1
nc,37067003313,37183053011,1,2,2,2,1,1,1,1
nc,37067003500,37057060302,1,1,1,1,0,0,0,0
nc,37067003500,37081014407,1,1,1,1,0,0,0,0
nc,37067003600,37067004011,2,2,2,2,0,0,0,0
nc,37067003600,37081012508,2,2,2,2,0,0,0,0
nc,37067003702,37067000400,3,3,3,3,0,0,0,1
nc,37067003703,37067003403,2,2,2,2,0,0,0,0
nc,37067003904,37067002002,4,4,4,4,0,0,0,0
nc,37067004010,37067002200,2,2,2,2,0,0,0,0
nc,37067004010,37067002601,0,1,1,1,0,0,0,0
nc,37067004012,37067001500,1,1,1,1,0,0,0,0
nc,37067004012,37067003804,0,0,0,0,0,0,0,0
nc,37067004015,37059080200,0,0,0,0,0,0,0,0
nc,37067004103,37057061805,4,5,5,5,0,0,0,0
nc,37069060100,37063002200,5,5,5,5,0,0,0,0
nc,37069060200,37135012201,6,7,9,9,0,0,0,0
nc,37069060200,37167931203,10,12,13,15,0,0,0,3
nc,37069060301,37069060302,5,5,5,5,0,0,0,1
nc,37069060302,37021000100,11,11,12,14,0,0,0,3
nc,37069060302,37191000302,3,6,8,12,1,1,1,1
nc,37069060404,37183054016,0,0,0,0,0,0,0,0
nc,37069060502,37063001709,0,0,0,1,0,0,0,1
nc,37069060702,37183054224,4,5,5,5,0,0,0,1
nc,37069060703,37063980100,2,3,5,5,1,1,1,3
nc,37069060801,37067000100,1,1,2,3,0,0,0,2
nc,37071030301,37119002500,0,0,2,2,0,0,0,0
nc,37071030401,37045950900,3,3,3,3,0,0,0,0
nc,37071030503,37071031600,0,0,0,0,0,0,0,0
nc,37071031102,37119006211,7,7,7,7,0,0,0,1
nc,37071031202,37071031800,1,1,1,2,0,0,0,1
nc,37071031304,37071031004,2,2,2,3,0,0,0,0
nc,37071031304,37119005830,0,0,2,2,0,0,0,0
nc,37071031901,37119005839,0,0,0,1,0,0,0,1
nc,37071032000,37119000101,0,0,2,2,0,0,0,0
nc,37071032202,37119005916,0,0,0,0,0,0,0,0
nc,37071032302,37119006407,0,0,0,0,0,0,0,0
nc,37071032505,37119005864,1,2,2,4,0,0,0,0
nc,37071032600,37119006115,0,0,2,2,0,0,0,0
nc,37071032600,37119980200,0,0,0,0,0,0,0,0
nc,37071032702,37071032600,0,0,0,0,0,0,0,0
nc,37071032704,37071032508,1,1,1,1,0,0,0,0
nc,37071032704,37183053405,6,7,10,11,1,1,1,2
nc,37071032802,37071032600,0,0,0,0,0,0,0,0
nc,37071032802,37119003802,0,0,0,0,0,0,0,0
nc,37071033311,37081013700,1,1,1,1,0,0,0,0
nc,37071033312,37119000101,0,0,0,0,0,0,0,0
nc,37073970200,37147000605,4,6,7,7,0,0,0,0
nc,37077970101,37183052701,4,5,5,5,0,0,0,0
nc,37077970300,37077970200,0,0,0,1,0,0,0,1
nc,37077970300,37185950300,1,1,1,1,0,0,0,1
nc,37077970601,37183053803,3,3,3,3,0,0,0,0
nc,37077970605,37077970200,3,3,3,4,0,0,0,0
nc,37077970605,37183051800,0,0,0,0,0,0,0,0
nc,37077970607,37063002037,1,1,1,1,0,0,0,0
nc,37077970704,37119000502,0,0,0,2,0,0,0,2
nc,37079950200,37195000900,0,0,0,0,0,0,0,0
nc,37081010200,37067001500,0,0,0,0,0,0,0,0
nc,37081010200,37081011000,1,1,1,1,0,0,0,0
nc,37081010300,37081016103,0,0,0,0,0,0,0,0
nc,37081010500,37081012503,0,0,0,0,0,0,0,0
nc,37081011000,37183052507,2,3,3,4,0,0,0,3
nc,37081011101,37081010800,1,2,2,2,0,0,0,0
nc,37081011102,37081010601,1,1,1,1,0,0,0,0
nc,37081011201,37081016204,0,0,0,0,0,0,0,0
nc,37081011201,37159050400,0,0,0,0,0,0,0,0
nc,37081011202,37183052701,1,2,2,3,0,0,0,3
nc,37081011400,37081010800,2,2,2,2,0,0,0,0
nc,37081012504,37081010702,0,0,0,0,0,0,0,0
nc,37081012504,37119005301,0,0,0,0,0,0,0,0
nc,37081012505,37081010300,0,0,0,0,0,0,0,0
nc,37081012505,37081010800,0,0,0,0,0,0,0,0
nc,37081012509,37081010401,0,0,0,0,0,0,0,0
nc,37081012509,37157041602,0,0,0,0,0,0,0,0
nc,37081012611,37081015202,0,0,0,0,0,0,0,0
nc,37081012617,37081016011,0,0,0,0,0,0,0,0
nc,37081012619,37081016101,0,0,0,0,0,0,0,0
nc,37081012621,37081011602,0,0,0,0,0,0,0,0
nc,37081012621,37119002909,0,0,0,1,0,0,0,1
nc,37081012621,37183053003,1,2,2,2,1,1,1,1
nc,37081012704,37081016201,0,0,0,0,0,0,0,0
nc,37081012706,37081016701,1,1,1,1,0,0,0,0
nc,37081012707,37081016503,1,2,2,2,0,0,0,0
nc,37081013900,37067003701,1,1,1,1,0,0,0,1
nc,37081014200,37067002806,0,0,0,0,0,0,0,0
nc,37081014407,37179020601,3,3,3,3,0,0,0,1
nc,37081014408,37179020602,5,5,5,5,0,0,0,1
nc,37081014409,37057060700,2,2,2,2,0,0,0,0
nc,37081014410,37183053609,1,3,4,4,0,0,0,0
nc,37081015202,37081016204,0,0,0,0,0,0,0,0
nc,37081015301,37001021701,0,0,0,0,0,0,0,0
nc,37081015401,37081012509,0,0,0,0,0,0,0,0
nc,37081015401,37151030504,0,0,0,0,0,0,0,0
nc,37081015601,37081010300,0,0,0,0,0,0,0,0
nc,37081015601,37183052807,1,4,5,5,0,0,0,1
nc,37081015703,37057060500,0,0,0,0,0,0,0,0
nc,37081015704,37067001400,0,0,0,0,0,0,0,0
nc,37081015704,37067002200,0,0,0,0,0,0,0,0
nc,37081015705,37081015901,1,1,1,1,0,0,0,0
nc,37081015705,37181960300,0,1,1,1,0,0,0,1
nc,37081015707,37119001918,3,3,3,3,0,0,0,0
nc,37081015800,37081016102,0,0,0,0,0,0,0,0
nc,37081015901,37081010800,0,0,0,1,0,0,0,1
nc,37081015901,37081016201,0,0,0,0,0,0,0,0
nc,37081015901,37151030202,1,1,1,2,0,0,0,1
nc,37081016003,37067003805,0,0,1,3,0,0,0,2
nc,37081016003,37081016101,0,0,0,0,0,0,0,0
nc,37081016007,37081016201,0,0,0,0,0,0,0,0
nc,37081016007,37169070503,0,0,0,0,0,0,0,0
nc,37081016009,37067003315,0,0,0,0,0,0,0,0
nc,37081016009,37081010800,0,0,0,0,0,0,0,0
nc,37081016010,37001020701,1,2,2,2,0,0,0,0
nc,37081016010,37183054006,1,2,2,3,0,0,0,2
nc,37081016011,37081016201,0,0,0,0,0,0,0,0
nc,37081016011,37081016406,0,0,0,0,0,0,0,0
nc,37081016011,37113970600,17,20,22,24,2,3,3,4
nc,37081016101,37081010900,0,0,0,0,0,0,0,0
nc,37081016102,37081014501,0,0,0,0,0,0,0,0
nc,37081016103,37001020601,1,2,2,2,0,0,0,1
nc,37081016201,37057061101,2,2,2,2,0,0,0,0
nc,37081016201,37119003805,0,0,0,0,0,0,0,0
nc,37081016203,37067003202,0,0,0,0,0,0,0,0
nc,37081016203,37081016306,0,0,0,0,0,0,0,0
nc,37081016303,37067000100,0,0,0,0,0,0,0,0
nc,37081016303,37129011606,7,7,7,9,0,0,0,1
nc,37081016305,37081010702,1,1,2,2,0,0,0,0
nc,37081016306,37119000104,0,0,0,0,0,0,0,0
nc,37081016407,37001020802,2,3,3,3,0,0,0,1
nc,37081016410,37081014406,0,0,0,0,0,0,0,0
nc,37081016702,37119005858,0,1,1,2,0,0,0,0
nc,37081016800,37151031305,0,0,0,0,0,0,0,0
nc,37081017200,37081010702,0,0,1,1,0,0,0,0
nc,37081017200,37081012619,1,1,1,1,0,0,0,0
nc,37081017200,37081016003,0,0,0,0,0,0,0,0
nc,37081017200,37183054106,1,2,2,3,0,0,0,1
nc,37083930200,37183052507,6,7,8,9,0,0,0,2
nc,37083930504,37127011501,0,0,0,0,0,0,0,0
nc,37083930800,37063002300,4,5,6,6,0,0,0,0
nc,37083930800,37131920301,2,3,3,3,0,0,0,0
nc,37083930902,37053110201,5,6,7,7,3,3,3,3
nc,37083930902,37183053613,1,1,2,2,0,0,0,0
nc,37083931102,37133000105,3,4,4,4,0,0,0,0
nc,37085070600,37045950702,8,11,12,12,0,0,0,2
nc,37085070600,37085070901,4,4,4,4,0,0,0,0
nc,37085070600,37183052701,5,5,5,5,0,0,0,0
nc,37085071002,37183053522,2,2,2,3,0,0,0,1
nc,37085071101,37085070100,2,2,2,2,0,0,0,1
nc,37085071101,37085070802,0,0,0,1,0,0,0,1
nc,37085071101,37105030401,0,0,0,0,0,0,0,0
nc,37085071102,37123960302,7,7,7,7,0,0,0,0
nc,37085071303,37105030401,4,3,3,3,0,0,0,0
nc,37085071303,37183054015,5,6,6,6,0,0,0,1
nc,37085071401,37051001200,3,3,4,4,0,0,0,0
nc,37085071402,37191001302,5,5,5,7,0,0,0,0
nc,37087920601,37087920602,1,1,1,1,1,1,1,1
nc,37087921302,37081012804,3,4,4,4,1,1,1,1
nc,37087921302,37135011902,3,5,5,5,1,1,1,3
nc,37089930502,37021002203,1,1,1,1,0,0,0,0
nc,37089930502,37119005405,2,3,5,5,1,1,1,1
nc,37089930702,37021002101,0,0,0,0,0,0,0,0
nc,37089930703,37021001801,1,1,1,1,0,0,0,0
nc,37089930900,37021001802,4,4,5,5,0,0,0,0
nc,37089931000,37021002203,1,1,2,3,0,0,0,0
nc,37089931000,37089931402,2,2,2,2,0,0,0,0
nc,37089931100,37089930202,5,5,4,4,0,0,0,0
nc,37093970106,37155960801,0,0,0,0,0,0,0,0
nc,37093970108,37093970300,1,1,1,1,0,0,0,1
nc,37093970108,37125950801,7,7,7,7,0,0,0,0
nc,37093970109,37155960102,0,0,0,0,0,0,0,0
nc,37093970109,37183053009,6,7,8,8,0,0,0,0
nc,37093970300,37093970104,0,0,0,0,0,0,0,0
nc,37093970300,37125951102,2,2,2,2,2,2,2,2
nc,37093970401,37191001800,5,5,4,4,0,0,0,0
nc,37093970402,37019020201,7,8,8,8,0,0,0,0
nc,37097060200,37119000800,0,0,0,0,0,0,0,0
nc,37097060300,37097060200,0,0,0,0,0,0,0,0
nc,37097060603,37023020600,6,6,6,6,0,0,0,0
nc,37097060801,37119006217,3,4,4,4,0,0,0,1
nc,37097060902,37119005536,2,3,3,4,0,0,0,0
nc,37097061001,37003040500,0,0,0,0,0,0,0,0
nc,37097061001,37097061407,3,4,4,4,1,1,1,1
nc,37097061003,37097060703,0,0,0,0,0,0,0,0
nc,37097061202,37119005306,0,0,1,1,0,0,0,0
nc,37097061202,37119980100,1,1,2,2,1,1,1,1
nc,37097061202,37179020602,2,5,6,8,0,0,0,1
nc,37097061203,37097061407,6,6,6,5,1,1,1,3
nc,37097061302,37119006404,4,4,4,4,1,1,1,1
nc,37097061401,37119002909,2,2,3,3,1,1,1,1
nc,37097061402,37007920301,5,5,5,4,1,1,1,2
nc,37097061402,37119005910,2,2,2,1,0,0,0,0
nc,37097061405,37097061603,2,3,4,4,2,2,2,2
nc,37097061501,37097061303,0,0,0,0,0,0,0,0
nc,37097061501,37097061402,9,10,10,9,0,0,0,0
nc,37097061501,37097061403,7,8,8,8,1,1,1,1
nc,37097061601,37025041202,2,2,2,2,0,0,0,0
nc,37097061601,37097061304,3,3,3,3,0,0,0,0
nc,37097061601,37159051202,3,4,4,4,0,0,0,0
nc,37097061603,37119005536,2,3,3,4,0,0,0,0
nc,37099950200,37099950300,0,0,0,0,0,0,0,0
nc,37099950500,37021000900,3,5,6,7,3,3,3,3
nc,37099950700,37099950900,0,0,0,0,0,0,0,0
nc,37101040103,37101040903,1,1,1,1,0,0,0,0
nc,37101040204,37063001801,1,1,1,1,0,0,0,0
nc,37101040205,37183054305,0,1,1,1,0,0,0,0
nc,37101040206,37127010506,10,12,14,17,0,0,0,0
nc,37101040206,37195001600,1,1,1,2,0,0,0,1
nc,37101040208,37183052902,2,3,3,3,0,0,0,0
nc,37101040209,37119005916,8,13,14,14,1,1,1,2
nc,37101040209,37183053609,13,13,12,7,0,0,0,0
nc,37101040600,37127010603,6,14,18,20,0,0,0,2
nc,37101040904,37101041001,0,0,0,0,0,0,0,0
nc,37101040905,37183053004,0,0,0,0,0,0,0,0
nc,37101041001,37183050900,2,4,4,4,0,0,0,0
nc,37101041001,37183052505,1,3,4,4,0,0,0,0
nc,37101041004,37183053609,5,7,8,9,0,1,1,1
nc,37101041105,37101041001,3,3,3,3,0,0,0,0
nc,37101041105,37183052101,1,1,1,1,0,0,0,0
nc,37101041106,37183052705,0,0,0,0,0,0,0,0
nc,37101041107,37101041004,2,2,2,2,0,0,0,0
nc,37101041107,37101041504,0,0,0,0,0,0,0,0
nc,37101041107,37183053507,1,1,1,1,0,0,0,0
nc,37101041110,37183052807,0,0,0,0,0,0,0,0
nc,37101041111,37183052701,0,0,0,0,0,0,0,0
nc,37101041401,37101041206,0,0,0,0,0,0,0,0
nc,37101041504,37183053003,0,1,1,1,0,0,0,0
nc,37101041509,37183052807,0,0,0,0,0,0,0,0
nc,37101041510,37183052809,0,0,0,0,0,0,0,0
nc,37101041510,37183053613,0,1,2,2,0,0,0,0
nc,37101041511,37085070904,3,3,3,3,0,0,0,0
nc,37105030101,37105030601,0,0,0,0,0,0,0,0
nc,37105030102,37105030602,0,0,0,0,0,0,0,0
nc,37105030300,37105030703,1,2,2,3,0,0,0,0
nc,37105030602,37105030601,0,0,0,0,0,0,0,0
nc,37105030702,37085070903,0,0,0,0,0,0,0,0
nc,37105030703,37051003314,4,4,5,5,0,0,0,0
nc,37105030703,37105030402,0,0,0,0,0,0,0,0
nc,37105030704,37105030401,0,0,0,0,0,0,0,0
nc,37107010100,37183054018,2,3,6,6,0,0,0,0
nc,37107010300,37063002100,14,18,23,30,0,0,0,0
nc,37107010500,37191001800,4,4,6,8,0,0,0,0
nc,37107010800,37023021100,25,28,32,40,0,0,0,1
nc,37107011002,37195000402,2,3,3,3,0,0,0,0
nc,37107011100,37107011001,1,2,2,2,0,0,0,0
nc,37107011202,37107010700,1,2,2,2,0,0,0,0
nc,37107011302,37061090103,0,0,0,0,0,0,0,0
nc,37109070400,37109070201,1,2,2,2,0,0,0,0
nc,37109070500,37051002001,19,22,23,24,0,0,0,2
nc,37109070700,37109070202,4,4,4,4,0,0,0,0
nc,37109070800,37035010600,1,1,1,1,0,0,0,0
nc,37109070901,37097061304,10,10,10,9,3,3,3,5
nc,37109070901,37119006208,5,6,6,6,0,0,0,4
nc,37109070902,37109071101,0,1,1,1,0,0,0,1
nc,37109071001,37023020204,5,6,6,6,0,0,0,0
nc,37109071001,37119980200,5,5,5,5,0,0,0,0
nc,37111970200,37111970500,0,0,0,1,0,0,0,1
nc,37111970300,37023021400,1,1,2,2,0,0,0,2
nc,37111970800,37021000100,3,3,3,3,1,1,1,1
nc,37111970902,37045951300,1,2,2,2,0,0,0,0
nc,37111970902,37159050202,8,9,9,9,0,0,0,0
nc,37111970903,37071032406,2,3,4,5,0,0,0,0
nc,37113970100,37113970304,2,2,2,2,0,0,0,0
nc,37113970200,37113970303,4,4,4,4,0,0,0,0
nc,37113970700,37021002204,14,16,16,17,3,3,3,3
nc,37115010500,37189920601,11,13,13,13,1,1,1,2
nc,37115010700,37021002204,0,1,1,1,0,0,0,0
nc,37117970100,37147000702,1,1,1,1,0,0,0,0
nc,37117970300,37183052701,5,5,6,9,0,0,0,2
nc,37117970500,37117970200,0,0,0,0,0,0,0,0
nc,37119000302,37119005860,2,2,2,2,0,0,0,1
nc,37119000502,37119003805,0,0,0,0,0,0,0,0
nc,37119000502,37133002600,9,9,9,11,0,0,0,1
nc,37119000700,37119000101,1,1,1,1,0,0,0,0
nc,37119000700,37119003805,0,0,0,0,0,0,0,0
nc,37119000700,37119980100,2,2,2,2,1,1,1,1
nc,37119000800,37119002909,0,0,0,0,0,0,0,0
nc,37119000900,37119005829,1,1,1,1,0,0,0,0
nc,37119000900,37119005858,0,1,1,2,0,0,0,0
nc,37119001100,37119000301,0,0,0,0,0,0,0,0
nc,37119001300,37119001911,0,1,1,1,0,0,0,0
nc,37119001505,37097061303,4,4,4,4,0,0,0,0
nc,37119001505,37119002903,0,0,0,0,0,0,0,0
nc,37119001508,37119000104,2,2,2,2,0,0,0,0
nc,37119001508,37119004400,1,1,1,1,0,0,0,0
nc,37119001701,37119004304,0,0,0,0,0,0,0,0
nc,37119001701,37119980200,0,0,0,0,0,0,0,0
nc,37119001702,37119005536,0,0,0,0,0,0,0,0
nc,37119001910,37119001917,0,0,0,0,0,0,0,0
nc,37119001911,37109071102,1,1,1,1,0,0,0,0
nc,37119001914,37119000401,0,0,0,0,0,0,0,0
nc,37119001916,37119001927,0,0,0,0,0,0,0,0
nc,37119001917,37119980200,0,0,0,0,0,0,0,0
nc,37119001918,37071032000,1,2,2,2,0,0,0,0
nc,37119001918,37119005533,2,3,3,3,0,0,0,0
nc,37119001923,37119002500,0,0,0,0,0,0,0,0
nc,37119001924,37119000102,0,0,0,0,0,0,0,0
nc,37119001926,37119000102,0,0,0,0,0,0,0,0
nc,37119001927,37119980300,0,0,0,0,0,0,0,0
nc,37119002006,37119000502,0,0,0,0,0,0,0,0
nc,37119002201,37119003805,0,0,0,0,0,0,0,0
nc,37119002202,37119003500,0,0,0,0,0,0,0,0
nc,37119002400,37119000600,0,0,0,0,0,0,0,0
nc,37119002400,37119005913,0,0,1,1,0,0,0,1
nc,37119002500,37119000101,1,1,1,1,0,0,0,0
nc,37119002500,37119003500,0,0,0,0,0,0,0,0
nc,37119002800,37119003702,0,0,0,0,0,0,0,0
nc,37119002907,37081016201,0,0,0,0,0,0,0,0
nc,37119002908,37119002910,0,0,0,0,0,0,0,0
nc,37119003006,37119005536,0,0,0,0,0,0,0,0
nc,37119003015,37119980300,0,0,0,0,0,0,0,0
nc,37119003016,37119002909,0,0,0,0,0,0,0,0
nc,37119003017,37119001914,0,0,0,0,0,0,0,0
nc,37119003018,37119002701,0,0,0,0,0,0,0,0
nc,37119003022,37119003802,0,0,0,0,0,0,0,0
nc,37119003022,37119980300,0,0,0,0,0,0,0,0
nc,37119003106,37119003802,0,0,0,0,0,0,0,0
nc,37119003106,37183053613,6,7,8,9,0,0,0,2
nc,37119003110,37119002910,0,0,0,0,0,0,0,0
nc,37119003110,37119006005,2,2,2,2,0,0,0,0
nc,37119003111,37119000102,0,0,0,0,0,0,0,0
nc,37119003302,37183053415,6,7,8,9,1,1,1,2
nc,37119003402,37149920304,4,6,6,6,0,0,0,1
nc,37119003600,37119980200,0,0,0,0,0,0,0,0
nc,37119003807,37119004200,0,0,0,0,0,0,0,0
nc,37119003809,37035011503,2,2,2,2,0,0,0,0
nc,37119003903,37119005515,1,1,1,1,0,0,0,0
nc,37119004101,37119000401,0,0,0,0,0,0,0,0
nc,37119004200,37119003702,0,0,0,0,0,0,0,0
nc,37119004302,37119002005,0,0,0,0,0,0,0,0
nc,37119004302,37119005623,0,0,0,0,0,0,0,0
nc,37119004304,37119000101,0,0,0,0,0,0,0,0
nc,37119004306,37119000502,0,0,0,0,0,0,0,0
nc,37119004400,37119005508,0,0,0,0,0,0,0,0
nc,37119004600,37159050202,0,0,0,0,0,0,0,0
nc,37119004800,37119003903,1,1,1,1,0,0,0,0
nc,37119004800,37119005928,1,1,1,1,0,0,0,0
nc,37119005307,37021000100,5,7,7,7,0,0,0,0
nc,37119005307,37119003022,1,1,1,2,0,0,0,1
nc,37119005404,37025041505,4,4,4,5,0,0,0,0
nc,37119005404,37151031601,0,0,0,0,0,0,0,0
nc,37119005405,37119005919,0,0,0,0,0,0,0,0
nc,37119005510,37119005847,0,0,0,0,0,0,0,0
nc,37119005511,37119006224,2,2,2,2,0,0,0,0
nc,37119005512,37119003500,0,0,0,0,0,0,0,0
nc,37119005515,37025042300,1,1,1,1,0,0,0,0
nc,37119005516,37119006112,2,2,2,1,0,0,0,1
nc,37119005517,37071030404,6,6,6,6,0,0,0,1
nc,37119005519,37101040800,4,5,5,5,1,1,1,2
nc,37119005527,37119005833,1,1,1,1,0,0,0,0
nc,37119005529,37025041201,1,1,1,1,0,0,0,0
nc,37119005530,37119000104,0,0,0,0,0,0,0,0
nc,37119005530,37119004400,0,0,0,0,0,0,0,0
nc,37119005532,37097061304,4,4,4,4,0,0,0,1
nc,37119005534,37119000102,0,1,1,1,0,0,0,0
nc,37119005536,37119000501,0,0,0,0,0,0,0,0
nc,37119005609,37119005915,1,2,4,4,0,0,0,1
nc,37119005610,37119000401,1,2,3,3,0,0,0,0
nc,37119005613,37119003022,3,3,3,3,0,0,0,1
nc,37119005616,37119004304,0,0,0,0,0,0,0,0
nc,37119005618,37119000402,0,0,0,0,0,0,0,0
nc,37119005619,37119001917,0,0,0,0,0,0,0,0
nc,37119005622,37025042603,1,1,1,1,0,0,0,0
nc,37119005622,37119005919,1,1,2,2,0,0,0,0
nc,37119005623,37119005403,0,0,0,0,0,0,0,0
nc,37119005626,37119005851,4,4,4,4,0,0,0,0
nc,37119005710,37119003008,0,0,0,0,0,0,0,0
nc,37119005710,37119005517,1,1,1,1,0,0,0,0
nc,37119005716,37001020701,1,2,2,2,0,0,0,1
nc,37119005716,37119002903,0,0,0,0,0,0,0,0
nc,37119005719,37179020307,3,6,5,7,0,0,0,1
nc,37119005723,37119005840,2,2,2,2,0,0,0,0
nc,37119005723,37119005866,0,0,0,0,0,0,0,0
nc,37119005817,37119000102,0,0,0,0,0,0,0,0
nc,37119005826,37119001000,0,0,0,0,0,0,0,0
nc,37119005826,37119002500,0,0,0,0,0,0,0,0
nc,37119005827,37097061408,5,5,4,5,0,0,0,0
nc,37119005827,37119002903,0,0,0,0,0,0,0,0
nc,37119005836,37119002202,3,4,4,4,1,1,1,1
nc,37119005840,37071032405,0,1,1,1,0,0,0,0
nc,37119005843,37159051400,0,0,0,1,0,0,0,1
nc,37119005845,37119003402,0,0,0,0,0,0,0,0
nc,37119005845,37179020307,2,4,4,5,0,0,0,1
nc,37119005848,37119000102,0,0,0,0,0,0,0,0
nc,37119005850,37119001910,0,0,0,0,0,0,0,0
nc,37119005850,37189920800,6,7,7,8,2,2,2,3
nc,37119005851,37119005866,1,1,1,1,0,0,0,0
nc,37119005852,37081012509,0,0,0,1,0,0,0,1
nc,37119005853,37063002021,8,9,11,12,1,1,1,2
nc,37119005855,37119003805,0,1,2,3,0,0,0,0
nc,37119005855,37119005916,0,1,1,2,0,0,0,0
nc,37119005856,37119005916,1,4,4,4,0,0,0,0
nc,37119005858,37119005918,4,9,10,10,0,0,0,0
nc,37119005862,37119005604,2,2,2,3,1,1,1,1
nc,37119005864,37119003805,0,1,2,3,0,0,0,0
nc,37119005866,37119003805,0,1,1,1,0,0,0,0
nc,37119005866,37179021016,3,4,4,4,0,0,0,0
nc,37119005867,37183052814,9,12,13,13,1,1,1,3
nc,37119005908,37119002903,0,0,0,0,0,0,0,0
nc,37119005913,37025041604,1,1,2,2,0,0,0,0
nc,37119005915,37119003022,0,0,0,0,0,0,0,0
nc,37119005920,37071030503,1,2,2,2,0,1,1,1
nc,37119005923,37119000600,0,0,1,1,0,0,0,0
nc,37119005924,37119005100,1,1,1,1,0,0,0,1
nc,37119005926,37119000102,0,1,2,2,0,0,0,0
nc,37119005929,37119005826,2,3,5,5,0,0,0,0
nc,37119005929,37183053506,6,7,9,10,1,1,1,2
nc,37119006011,37119980200,0,0,0,0,0,0,0,0
nc,37119006012,37119003500,0,0,0,0,0,0,0,0
nc,37119006103,37119002600,1,1,1,1,1,1,1,1
nc,37119006105,37025040900,0,0,0,0,0,0,0,0
nc,37119006105,37071030106,3,3,3,3,1,1,1,1
nc,37119006108,37119002903,0,0,0,0,0,0,0,0
nc,37119006111,37119005826,0,0,0,0,0,0,0,0
nc,37119006211,37025042602,3,2,2,3,0,0,0,1
nc,37119006211,37035011102,9,9,10,10,0,0,0,1
nc,37119006216,37097061404,2,2,2,2,0,0,0,0
nc,37119006223,37119005916,2,2,2,2,0,0,0,0
nc,37119006306,37097061404,0,0,0,1,0,0,0,1
nc,37119006306,37119000101,2,2,2,2,1,1,1,1
nc,37119006306,37119006211,0,0,0,1,0,0,0,1
nc,37119006307,37119005916,1,1,1,1,1,1,1,1
nc,37119006311,37119005525,0,0,0,0,0,0,0,0
nc,37119006403,37119000102,2,2,2,2,0,0,0,0
nc,37119006407,37119005916,1,1,1,1,0,0,0,1
nc,37121950100,37199960300,0,1,2,2,0,0,0,0
nc,37123960202,37183052701,5,6,7,8,1,1,1,1
nc,37123960402,37123960401,0,0,0,0,0,0,0,0
nc,37125950304,37125950604,2,3,3,4,0,0,0,0
nc,37125950403,37155960900,11,11,11,11,0,0,0,0
nc,37125950404,37051003302,0,0,0,0,0,0,0,0
nc,37125950503,37085070700,4,4,4,4,0,0,0,0
nc,37125950506,37125950601,0,0,0,0,0,0,0,0
nc,37125950801,37125950601,0,0,0,0,0,0,0,0
nc,37125950802,37081016007,2,2,2,2,0,0,0,0
nc,37127010604,37167931204,10,14,14,17,1,1,1,3
nc,37127010604,37183052307,5,8,8,10,0,0,0,2
nc,37127010802,37127010700,0,0,0,0,0,0,0,0
nc,37127010900,37065021000,1,1,2,2,0,0,0,0
nc,37127011101,37127010900,2,3,3,3,0,0,0,0
nc,37127011201,37127010506,1,1,1,1,0,0,0,0
nc,37127011400,37195000802,11,10,10,10,0,0,0,2
nc,37129010200,37129010504,0,0,0,0,0,0,0,0
nc,37129010400,37129010100,0,0,0,0,0,0,0,0
nc,37129010503,37129010600,0,0,0,0,0,0,0,0
nc,37129010504,37051003207,7,10,11,11,0,0,0,0
nc,37129010600,37129011606,0,0,0,0,0,0,0,0
nc,37129010800,37183052701,1,3,5,5,0,0,0,1
nc,37129011100,37129011503,1,1,2,3,1,1,2,3
nc,37129011501,37189920400,12,15,17,18,0,0,0,2
nc,37129011503,37047930200,1,2,3,3,0,0,0,0
nc,37129011504,37129011503,1,2,2,2,1,2,2,2
nc,37129011608,37129010600,1,1,1,1,0,0,0,0
nc,37129011611,37183053609,5,7,9,10,0,0,0,1
nc,37129011612,37129011300,0,0,0,0,0,0,0,0
nc,37129011701,37129010501,0,0,0,0,0,0,0,0
nc,37129011701,37129011300,0,0,0,0,0,0,0,0
nc,37129011703,37129012109,0,0,0,0,0,0,0,0
nc,37129011705,37129011200,0,0,0,0,0,0,0,0
nc,37129011705,37129011608,1,1,1,2,0,0,0,1
nc,37129011705,37157040300,9,11,12,14,0,0,0,4
nc,37129011905,37129010501,1,1,1,1,0,0,0,0
nc,37129011905,37155960701,6,9,10,11,1,1,1,2
nc,37129012008,37125950603,11,14,15,15,0,0,0,1
nc,37129012010,37129011701,0,0,1,1,0,0,0,1
nc,37129012012,37129010600,0,0,0,0,0,0,0,0
nc,37129012106,37129010600,3,3,4,5,0,0,0,1
nc,37129012106,37129011504,6,6,7,8,0,0,0,3
nc,37129012110,37129010504,2,2,2,2,0,0,0,0
nc,37129012110,37141920403,1,3,5,5,0,0,0,0
nc,37129012111,37129011300,0,0,0,0,0,0,0,0
nc,37129012111,37129012201,4,4,4,4,2,2,2,2
nc,37129012201,37009970501,14,18,22,23,2,2,2,5
nc,37129012202,37063002029,9,13,16,16,2,2,2,4
nc,37133000103,37183053724,13,17,22,29,0,0,0,0
nc,37133000204,37061090503,0,0,0,0,0,0,0,0
nc,37133000205,37067003315,7,7,7,7,0,0,0,0
nc,37133000207,37049960600,0,0,0,0,0,0,0,0
nc,37133000401,37051003318,0,0,0,0,0,0,0,0
nc,37133001101,37133001400,1,1,1,1,0,0,0,0
nc,37133001201,37133001101,1,1,1,2,0,0,0,1
nc,37133001202,37183053009,3,3,3,3,0,0,0,1
nc,37133002202,37133002600,0,0,0,0,0,0,0,0
nc,37133002400,37049961301,0,0,0,1,0,0,0,1
nc,37133002500,37133001303,1,1,1,2,0,0,0,0
nc,37133002802,37147000605,3,4,6,6,0,0,0,0
nc,37133002803,37031970806,0,0,0,0,0,0,0,0
nc,37133002803,37133000401,2,2,2,3,0,0,0,0
nc,37135010705,37135011601,1,1,1,1,0,0,1,1
nc,37135010708,37081016502,0,0,0,1,0,0,0,1
nc,37135010710,37135011103,0,0,0,0,0,0,0,0
nc,37135010803,37183052601,2,2,2,3,0,0,0,1
nc,37135010804,37063002100,0,0,0,0,0,0,0,0
nc,37135010804,37183053208,3,4,4,4,0,0,0,0
nc,37135010902,37135011206,0,0,0,0,0,0,0,0
nc,37135011001,37063002100,0,0,0,0,0,0,0,0
nc,37135011002,37159051202,0,0,0,1,0,0,0,1
nc,37135011103,37101041005,6,8,9,9,0,0,0,0
nc,37135011104,37063001501,0,0,0,0,0,0,0,0
nc,37135011104,37183052701,1,1,1,2,0,0,0,1
nc,37135011204,37125950802,1,1,1,2,0,0,0,1
nc,37135011207,37135011902,0,0,0,0,0,0,0,0
nc,37135011210,37135010705,0,0,0,0,0,0,0,0
nc,37135011400,37135011601,0,0,1,1,0,0,1,1
nc,37135011400,37183054118,8,9,10,10,2,2,2,2
nc,37135012201,37135011601,2,2,2,2,0,0,1,1
nc,37135012202,37135011601,2,2,2,2,0,0,1,1
nc,37139960400,37025041202,14,17,18,20,1,1,1,3
nc,37139960600,37091950300,1,2,2,2,0,0,0,0
nc,37139960701,37139960100,0,0,0,0,0,0,0,0
nc,37141920201,37129010600,1,1,2,2,1,1,2,2
nc,37141920201,37129011605,1,1,2,2,1,1,2,2
nc,37141920201,37141920106,0,0,0,0,0,0,0,0
nc,37141920202,37129011300,1,1,2,2,0,0,0,0
nc,37141920300,37061090402,0,0,0,0,0,0,0,0
nc,37141920300,37141920401,0,0,0,0,0,0,0,0
nc,37141920402,37129011701,1,1,1,2,0,0,0,0
nc,37141920403,37101040800,1,1,1,1,0,0,0,0
nc,37141920601,37063001100,3,5,5,5,0,0,0,1
nc,37141920601,37129011504,1,1,1,1,0,0,0,0
nc,37141920602,37129010600,4,4,4,4,0,0,0,0
nc,37143920101,37139960600,0,0,0,0,0,0,0,0
nc,37145920100,37135012103,2,2,2,3,0,0,0,0
nc,37145920200,37145920400,0,0,0,0,0,0,0,0
nc,37145920500,37063001501,0,0,0,0,0,0,0,0
nc,37145920500,37145920601,0,0,0,0,0,0,0,0
nc,37145920500,37147000101,4,6,6,10,0,0,0,3
nc,37147000101,37147000605,2,2,2,2,0,0,0,0
nc,37147000102,37147000101,0,0,0,0,0,0,0,0
nc,37147000303,37147000101,1,1,1,1,1,1,1,1
nc,37147000303,37195000802,2,2,2,4,1,1,1,3
nc,37147000304,37147001700,0,0,0,1,0,0,0,1
nc,37147000400,37183052401,2,3,7,10,0,0,0,2
nc,37147000400,37183053405,3,7,10,12,0,0,0,2
nc,37147000504,37147000501,0,1,1,1,0,0,0,0
nc,37147000605,37127011104,6,6,6,8,0,0,0,2
nc,37147000606,37147000605,0,0,0,0,0,0,0,0
nc,37147000901,37147000605,2,2,2,2,0,0,0,0
nc,37147001002,37013931002,1,1,1,1,0,0,0,0
nc,37147001002,37147000501,3,4,4,4,0,0,0,0
nc,37147001003,37107010800,1,2,2,2,0,0,0,0
nc,37147001003,37147000101,0,0,0,0,0,0,0,0
nc,37147001100,37081016406,3,5,9,12,0,0,0,3
nc,37147001200,37147000101,1,1,1,1,0,0,0,0
nc,37147001301,37147000605,0,0,0,0,0,0,0,0
nc,37147001305,37147000501,0,0,0,0,0,0,0,0
nc,37147001305,37183053003,3,8,11,12,0,0,0,1
nc,37147001402,37107010700,0,0,0,0,0,0,0,0
nc,37147001602,37147000602,0,0,0,0,0,0,0,0
nc,37147001700,37119003600,9,15,19,20,1,1,1,3
nc,37147001800,37147000605,0,0,0,0,0,0,0,0
nc,37147002002,37139960600,2,4,4,4,0,0,0,0
nc,37151030504,37057060800,3,3,3,3,0,0,0,0
nc,37151030600,37119006407,3,3,3,3,0,0,0,0
nc,37151030700,37037020402,0,0,0,0,0,0,0,0
nc,37151030803,37081012619,0,0,0,0,0,0,0,0
nc,37151030804,37067003804,1,1,1,2,0,0,0,1
nc,37151030806,37119003805,4,6,7,7,0,0,0,1
nc,37151031102,37081016011,0,0,0,0,0,0,0,0
nc,37151031102,37151030400,0,0,0,0,0,0,0,0
nc,37151031200,37067003107,0,0,0,0,0,0,0,0
nc,37151031200,37167931002,1,1,1,1,0,0,0,0
nc,37151031307,37119005533,4,5,5,5,0,0,0,0
nc,37151031401,37081980100,0,1,1,1,0,0,0,0
nc,37151031501,37081014501,0,0,0,0,0,0,0,0
nc,37151031501,37119006211,3,3,3,3,0,0,0,0
nc,37153971100,37007920400,3,3,3,3,0,0,0,0
nc,37155960102,37195000402,1,10,15,20,0,0,0,5
nc,37155960203,37183052701,2,2,2,2,0,0,0,0
nc,37155960403,37081014503,3,4,5,6,0,0,0,1
nc,37155960404,37165010400,0,0,0,0,0,0,0,0
nc,37155960502,37155960503,0,0,0,0,0,0,0,0
nc,37155960802,37051003800,1,1,1,1,0,0,0,0
nc,37155961302,37057061807,9,10,11,12,0,0,0,0
nc,37155961400,37047930700,1,1,1,1,0,0,0,0
nc,37155961400,37155961000,2,2,2,2,0,0,0,0
nc,37155961500,37001021901,5,7,7,8,0,0,0,1
nc,37155961700,37155960502,2,2,2,2,0,0,0,0
nc,37155961801,37155961301,0,0,0,0,0,0,0,0
nc,37157040101,37081016503,1,2,2,2,0,0,0,0
nc,37157040400,37057061502,1,1,1,1,0,0,0,0
nc,37157041001,37001021801,0,1,1,2,0,0,0,1
nc,37157041300,37001021201,4,4,4,4,0,0,0,0
nc,37157041300,37071031706,3,5,5,6,0,0,0,1
nc,37159050300,37097061403,4,4,4,4,1,1,1,1
nc,37159050400,37025040800,0,1,1,1,0,0,0,0
nc,37159050700,37183050100,4,5,5,5,1,1,1,1
nc,37159050800,37097061302,1,1,1,1,0,0,0,0
nc,37159050800,37159050400,0,0,0,0,0,0,0,0
nc,37159050903,37067003702,2,2,2,2,0,0,0,0
nc,37159050904,37025042602,2,2,2,2,0,0,0,1
nc,37159051001,37159051002,0,0,0,0,0,0,0,0
nc,37159051102,37089930800,21,24,24,23,0,0,0,2
nc,37159051102,37159051901,0,0,0,0,0,0,0,0
nc,37159051201,37119003500,0,0,0,0,0,0,0,0
nc,37159051302,37057060900,1,1,1,1,0,0,0,1
nc,37159051302,37159050500,0,0,0,0,0,0,0,0
nc,37159051303,37119000102,3,3,3,3,0,0,0,0
nc,37159051400,37159051303,0,2,3,3,0,0,0,0
nc,37159051501,37025040705,0,0,0,0,0,0,0,0
nc,37159051600,37025040703,0,0,0,0,0,0,0,0
nc,37159051600,37025040704,0,0,0,0,0,0,0,0
nc,37159051600,37159051204,0,0,0,0,0,0,0,0
nc,37159051700,37159051202,0,0,0,0,0,0,0,0
nc,37159051700,37183052701,3,4,4,4,1,1,1,1
nc,37161960101,37161960502,0,0,0,0,0,0,0,0
nc,37161960203,37007920502,2,3,5,6,0,0,0,2
nc,37161960400,37087920102,1,2,4,6,1,1,1,1
nc,37161960502,37161960600,0,0,0,0,0,0,0,0
nc,37161960503,37089931000,0,2,2,2,0,0,0,2
nc,37161960700,37045950900,0,1,1,1,0,0,0,1
nc,37161960900,37045950400,0,0,0,0,0,0,0,0
nc,37161960900,37119005840,1,1,3,3,0,0,0,0
nc,37161960900,37161960503,1,1,1,1,0,0,0,0
nc,37161961001,37161961103,0,0,0,0,0,0,0,0
nc,37161961102,37045951400,2,2,2,2,0,0,0,0
nc,37161961103,37161960503,1,1,1,1,0,0,0,0
nc,37163970302,37025041202,8,9,9,9,0,0,0,0
nc,37163970302,37183054404,3,3,3,3,0,0,0,0
nc,37163970702,37163970600,0,0,0,0,0,0,0,0
nc,37165010101,37159050500,4,4,5,6,0,0,0,1
nc,37165010101,37165010300,1,1,1,1,0,0,0,0
nc,37165010300,37165010102,2,2,2,2,0,0,0,0
nc,37165010602,37153971000,0,0,0,0,0,0,0,0
nc,37167930102,37119003500,4,6,7,8,0,0,0,1
nc,37167930200,37179020312,4,6,6,6,1,1,1,1
nc,37167930700,37119980300,2,3,4,4,0,0,0,0
nc,37167930801,37119002500,2,3,4,4,1,1,1,1
nc,37167930801,37167930700,0,0,0,0,0,0,0,0
nc,37167930901,37119001926,3,5,6,6,0,0,0,0
nc,37167931102,37167930200,0,0,0,0,0,0,0,0
nc,37169070102,37081016405,0,0,1,1,0,0,0,0
nc,37169070200,37157040900,0,0,0,0,0,0,0,0
nc,37169070504,37167930801,1,2,3,4,0,0,0,1
nc,37169070505,37081016800,1,1,1,1,0,0,0,0
nc,37169070600,37001020200,3,4,4,5,0,0,0,3
nc,37169070600,37119003811,0,0,0,0,0,0,0,0
nc,37169070702,37081012804,0,0,0,0,0,0,0,0
nc,37171930202,37171931002,0,0,0,0,0,0,0,0
nc,37171930700,37119006220,2,4,4,4,0,0,0,0
nc,37171930901,37025040900,5,7,8,9,0,0,0,0
nc,37171930902,37067004005,0,0,0,0,0,0,0,0
nc,37175960301,37089931801,2,2,2,2,1,1,1,1
nc,37175960302,37021002305,3,3,3,3,0,0,0,0
nc,37177960100,37041930101,0,0,2,2,0,0,0,1
nc,37177960100,37041930202,0,0,0,0,0,0,0,0
nc,37179020100,37179020401,1,1,1,2,1,1,1,2
nc,37179020203,37035011506,5,5,5,5,0,0,0,0
nc,37179020205,37021003201,4,6,6,8,0,0,0,3
nc,37179020205,37119005609,1,1,1,1,0,0,0,0
nc,37179020205,37179020406,2,1,1,1,0,0,0,2
nc,37179020305,37071031600,2,3,3,4,0,1,1,2
nc,37179020309,37119005536,1,2,3,4,0,0,0,0
nc,37179020310,37119000102,2,2,1,1,0,0,0,0
nc,37179020310,37119003500,2,2,1,1,0,0,0,0
nc,37179020312,37119003805,3,4,4,5,0,0,0,0
nc,37179020314,37051003315,6,7,7,8,0,0,0,1
nc,37179020314,37119000104,7,7,7,6,0,0,0,0
nc,37179020318,37119000503,2,2,2,3,0,0,0,1
nc,37179020320,37119003022,4,4,4,6,0,0,0,1
nc,37179020320,37119004101,2,2,2,4,0,0,0,1
nc,37179020401,37179020601,1,1,1,2,1,1,1,2
nc,37179020403,37119006407,2,2,3,6,0,0,1,2
nc,37179020403,37159050300,6,5,5,5,0,0,1,1
nc,37179020405,37119005508,3,3,4,7,0,0,0,0
nc,37179020502,37179020405,0,0,0,0,0,0,0,0
nc,37179020601,37059080400,6,8,9,9,1,1,1,1
nc,37179020602,37179020501,2,2,2,2,0,0,0,0
nc,37179020902,37081016008,7,6,6,6,0,0,0,1
nc,37179020902,37179021012,2,2,2,2,0,0,0,0
nc,37179021007,37119003805,0,2,3,4,0,0,0,0
nc,37179021007,37119005916,0,2,2,3,0,0,0,0
nc,37179021009,37179021020,0,0,0,0,0,0,0,0
nc,37179021014,37119005508,2,4,4,5,0,0,0,1
nc,37179021016,37047931000,9,9,9,10,1,1,1,4
nc,37179021016,37193961100,4,7,8,8,0,0,0,0
nc,37179021018,37119000501,0,3,3,3,0,0,0,0
nc,37179021019,37063001705,1,4,5,5,0,0,0,1
nc,37179021019,37119003022,2,2,2,2,0,0,0,0
nc,37181960300,37183053009,5,5,5,7,0,0,0,3
nc,37181960400,37081010702,0,0,1,2,0,0,0,1
nc,37181960903,37129012006,13,13,13,15,0,0,0,3
nc,37181961000,37183052701,0,0,0,0,0,0,0,0
nc,37183050300,37183053513,9,9,9,7,0,0,0,1
nc,37183050400,37183053723,0,0,0,0,0,0,0,0
nc,37183050800,37183053011,0,0,0,0,0,0,0,0
nc,37183051200,37119003108,6,8,9,10,1,1,1,3
nc,37183051200,37183054206,3,4,4,4,0,0,0,0
nc,37183051502,37183051200,1,1,1,1,0,0,0,0
nc,37183051600,37183053431,0,1,1,1,0,0,0,0
nc,37183052002,37183054212,3,3,3,4,0,0,0,1
nc,37183052101,37101040400,3,3,4,7,0,0,0,2
nc,37183052101,37183052001,0,0,0,0,0,0,0,0
nc,37183052303,37183054018,2,2,2,3,0,0,0,1
nc,37183052304,37101041004,2,3,3,3,0,0,0,0
nc,37183052304,37183050100,0,0,0,1,0,0,0,1
nc,37183052304,37183052001,1,3,3,3,0,0,0,0
nc,37183052404,37183051200,3,2,2,1,0,0,0,0
nc,37183052404,37183053609,5,5,5,5,0,0,0,0
nc,37183052407,37063980100,2,3,3,3,1,1,1,1
nc,37183052407,37183052001,1,1,1,1,0,0,0,0
nc,37183052504,37051003003,1,1,2,2,0,0,0,0
nc,37183052504,37183053609,0,0,0,0,0,0,0,0
nc,37183052509,37183052001,13,12,11,6,0,0,0,0
nc,37183052601,37063980100,2,3,3,3,1,1,1,1
nc,37183052704,37183053419,3,3,4,4,0,0,0,0
nc,37183052705,37183052001,0,0,0,0,0,0,0,0
nc,37183052705,37183052701,0,0,0,0,0,0,0,0
nc,37183052706,37183052701,0,0,0,0,0,0,0,0
nc,37183052707,37183054007,1,1,1,1,0,0,0,0
nc,37183052707,37183054106,0,1,1,1,0,0,0,1
nc,37183052801,37183053619,2,3,3,3,1,1,1,1
nc,37183052802,37063002038,1,3,4,6,0,0,0,0
nc,37183052807,37183053609,0,1,1,1,0,0,0,0
nc,37183052810,37101040906,1,1,2,2,0,0,0,0
nc,37183052811,37183053003,2,5,5,5,0,0,0,0
nc,37183052812,37183051200,2,3,3,3,0,0,0,0
nc,37183052814,37183054018,3,3,3,3,0,0,0,1
nc,37183052902,37119000104,6,8,9,9,0,0,0,1
nc,37183052902,37183054106,0,0,0,0,0,0,0,0
nc,37183052902,37183054502,0,1,1,1,0,0,0,0
nc,37183052903,37183052401,0,0,0,0,0,0,0,0
nc,37183053003,37119005932,6,8,10,10,1,1,1,3
nc,37183053005,37183052701,0,0,0,0,0,0,0,0
nc,37183053005,37183053603,0,0,0,0,0,0,0,0
nc,37183053009,37183053522,1,1,1,1,0,0,0,0
nc,37183053010,37183053003,0,0,0,0,0,0,0,0
nc,37183053011,37183053509,0,0,0,0,0,0,0,0
nc,37183053105,37183052001,0,2,2,2,0,0,0,0
nc,37183053109,37183052504,0,0,0,0,0,0,0,0
nc,37183053110,37085070401,0,0,0,0,0,0,0,0
nc,37183053110,37101041001,3,3,3,3,0,0,0,0
nc,37183053110,37183053717,0,1,2,2,0,0,0,1
nc,37183053115,37101041112,0,0,0,0,0,0,0,0
nc,37183053115,37183053717,0,0,1,1,0,0,0,0
nc,37183053202,37183054502,0,0,0,0,0,0,0,0
nc,37183053203,37001021703,3,3,3,3,0,0,0,0
nc,37183053203,37183052509,0,0,0,0,0,0,0,0
nc,37183053204,37135012201,3,3,3,4,0,0,0,0
nc,37183053204,37183051102,2,2,2,2,0,0,0,0
nc,37183053208,37119002300,7,10,11,13,0,0,0,2
nc,37183053209,37037020104,2,2,2,2,0,0,0,0
nc,37183053211,37183052001,3,5,5,5,0,0,0,0
nc,37183053405,37183053609,3,3,3,3,1,1,1,4
nc,37183053410,37183053512,0,0,0,0,0,0,0,0
nc,37183053411,37119003807,6,8,9,9,0,0,0,1
nc,37183053415,37063002200,1,1,1,1,0,0,0,3
nc,37183053421,37183053415,0,1,1,1,0,0,0,1
nc,37183053424,37183053609,0,0,0,0,0,0,0,0
nc,37183053425,37063980100,1,1,1,2,1,1,1,2
nc,37183053428,37063980100,1,1,1,2,1,1,1,2
nc,37183053428,37183053003,0,0,0,0,0,0,0,0
nc,37183053428,37183053604,0,0,0,0,0,0,0,0
nc,37183053431,37183053516,0,0,0,0,0,0,0,0
nc,37183053434,37183052001,2,2,2,2,0,0,0,0
nc,37183053436,37135012201,1,1,1,1,0,0,0,0
nc,37183053505,37119005536,6,8,9,9,1,1,1,2
nc,37183053512,37063980100,2,3,3,3,1,1,1,1
nc,37183053520,37063980100,4,6,6,6,1,1,1,1
nc,37183053520,37183053619,1,1,1,1,0,0,0,0
nc,37183053521,37063002037,0,0,0,0,0,0,0,0
nc,37183053524,37183052401,2,2,2,2,0,0,0,0
nc,37183053603,37183054502,3,4,4,4,0,0,0,0
nc,37183053604,37183052701,2,2,2,2,0,0,0,0
nc,37183053604,37183053405,0,0,0,0,0,0,0,0
nc,37183053612,37183052504,0,0,0,0,0,0,0,0
nc,37183053612,37183054206,0,0,0,0,0,0,0,0
nc,37183053613,37183052601,1,1,1,1,0,0,0,0
nc,37183053615,37183053619,0,0,0,0,0,0,0,0
nc,37183053615,37183980100,0,0,0,0,0,0,0,0
nc,37183053617,37183054502,4,5,6,7,1,1,1,1
nc,37183053620,37063002037,0,0,0,0,0,0,0,0
nc,37183053712,37183052401,0,0,0,0,0,0,0,0
nc,37183053716,37183052504,0,0,0,0,0,0,0,0
nc,37183053717,37183052001,1,1,1,1,0,0,0,0
nc,37183053717,37183053425,0,0,0,0,0,0,0,0
nc,37183053720,37183053609,0,0,0,0,0,0,0,0
nc,37183053721,37183053712,0,0,0,0,0,0,0,0
nc,37183053724,37063980100,1,1,1,1,1,1,1,1
nc,37183053725,37195000100,10,9,9,9,0,0,0,4
nc,37183053726,37183053609,0,0,0,0,0,0,0,0
nc,37183053804,37183053615,0,0,0,0,0,0,0,0
nc,37183053805,37069060302,0,0,1,2,0,0,0,2
nc,37183053808,37063002200,2,2,4,5,0,0,0,0
nc,37183053808,37183050900,0,0,0,0,0,0,0,0
nc,37183053902,37183054012,0,0,0,0,0,0,0,0
nc,37183054007,37183052001,0,0,0,0,0,0,0,0
nc,37183054012,37183053003,0,0,1,1,0,0,0,0
nc,37183054015,37183054018,0,0,0,0,0,0,0,0
nc,37183054023,37063001705,0,0,1,2,0,0,0,1
nc,37183054023,37183054015,0,0,0,0,0,0,0,0
nc,37183054109,37183054019,1,1,1,1,0,0,0,0
nc,37183054112,37101041108,0,0,0,0,0,0,0,0
nc,37183054114,37183052507,0,0,1,1,0,0,0,0
nc,37183054114,37183054204,1,1,1,1,0,0,0,1
nc,37183054115,37147001002,5,8,8,11,0,0,0,2
nc,37183054115,37155961302,2,3,4,4,0,0,0,0
nc,37183054115,37183050400,0,0,0,0,0,0,0,0
nc,37183054203,37119005511,0,1,1,2,0,0,0,1
nc,37183054206,37081011602,0,0,0,1,0,0,0,1
nc,37183054212,37119002910,0,0,0,1,0,0,0,1
nc,37183054212,37135011002,0,0,0,0,0,0,0,0
nc,37183054216,37183053609,0,0,0,0,0,0,0,0
nc,37183054217,37183052701,0,0,0,0,0,0,0,0
nc,37183054218,37183050300,0,0,0,2,0,0,0,2
nc,37183054218,37183053110,2,2,2,4,0,0,0,2
nc,37183054220,37119000502,8,10,12,12,0,0,0,1
nc,37183054220,37183053003,2,2,3,3,0,0,0,0
nc,37183054223,37063001810,4,4,4,4,1,1,1,2
nc,37183054224,37069060302,0,0,0,0,0,0,0,0
nc,37183054224,37183053009,2,3,4,6,0,0,0,3
nc,37183054304,37063001709,2,2,3,4,0,0,0,1
nc,37183054402,37183050100,0,0,0,0,0,0,0,0
nc,37183054402,37183054502,1,2,2,2,0,0,0,0
nc,37183054501,37183050100,0,0,0,0,0,0,0,0
nc,37183054501,37183053609,4,4,5,6,0,0,0,0
nc,37183054502,37179020602,8,12,12,13,0,0,0,1
nc,37183980100,37101041506,5,6,6,6,0,0,0,0
nc,37185950103,37183051600,4,5,5,7,0,0,0,0
nc,37185950202,37081012619,1,1,1,2,0,0,0,1
nc,37185950400,37045950702,1,2,2,3,0,0,0,2
nc,37185950400,37183053419,5,6,7,8,0,0,0,0
nc,37187950201,37187950202,3,4,4,4,0,0,0,0
nc,37189920300,37189920500,0,0,0,0,0,0,0,0
nc,37189920701,37063001604,2,4,6,6,1,1,1,4
nc,37189920702,37161960900,9,9,10,10,0,0,1,2
nc,37191000102,37183053009,3,4,4,7,0,0,0,0
nc,37191000303,37101041004,6,6,7,11,0,0,0,0
nc,37191000303,37183052701,7,8,9,13,0,0,0,0
nc,37191000401,37119005853,7,9,10,11,0,0,0,1
nc,37191000402,37191000603,0,0,0,0,0,0,0,0
nc,37191000603,37191000601,0,0,0,0,0,0,0,0
nc,37191000700,37191002000,0,0,0,0,0,0,0,0
nc,37191000901,37081012804,2,2,2,3,0,0,0,1
nc,37191000901,37191001500,0,0,0,0,0,0,0,0
nc,37191000902,37191001500,0,0,0,0,0,0,0,0
nc,37191001104,37191000500,1,1,1,1,1,1,1,1
nc,37191001301,37061090103,2,2,2,2,0,0,0,0
nc,37191001302,37191001800,0,0,0,0,0,0,0,0
nc,37191001500,37191001302,0,0,0,0,0,0,0,0
nc,37191001800,37147002002,2,6,5,5,0,0,0,2
nc,37191001800,37191000302,2,2,2,3,0,0,0,0
nc,37191002000,37101040700,5,6,8,7,0,0,0,1
nc,37193960101,37171930302,1,1,2,2,0,0,0,0
nc,37193960401,37119003600,5,6,6,6,0,0,0,1
nc,37193960500,37035011000,5,5,5,5,0,0,0,0
nc,37193960500,37193961100,1,1,1,1,0,0,0,0
nc,37193960802,37119003802,4,5,5,6,1,1,1,2
nc,37193961202,37097061002,1,1,1,1,0,0,0,0
nc,37195000100,37195000200,0,0,0,0,0,0,0,0
nc,37195000401,37127010505,13,14,14,15,0,0,0,1
nc,37195000402,37183054305,7,8,8,8,0,0,0,0
nc,37195000402,37195000502,0,0,0,0,0,0,0,0
nc,37195000501,37127010504,8,9,9,10,0,0,0,1
nc,37195000502,37191001200,2,5,7,8,0,0,0,2
nc,37195000601,37191002000,0,1,4,5,0,0,0,2
nc,37195000602,37183054017,9,10,10,12,0,0,1,1
nc,37195000701,37085070700,14,25,30,35,0,0,0,4
nc,37195001200,37101040700,15,25,30,32,0,0,0,0
nc,37195001501,37195000702,8,9,9,10,0,0,0,5
nc,37195001501,37195000802,4,6,7,7,0,0,0,3
nc,37195001700,37195000601,2,4,4,4,0,0,0,2
nc,37197050101,37081016406,0,1,1,1,0,0,0,0
nc,37197050102,37067003701,0,2,2,2,0,0,0,0
nc,37197050502,37171931002,1,1,1,1,0,0,0,0
ny,36001000202,36113070701,1,1,1,1,0,0,0,0
ny,36001001500,36001001100,2,1,1,1,0,0,0,0
ny,36001012800,36029009110,3,3,4,4,0,0,0,0
ny,36001013000,36001013509,3,3,3,3,0,0,0,0
ny,36001013100,36083052301,2,2,3,4,0,0,0,1
ny,36001013512,36001013703,2,2,2,2,1,1,1,1
ny,36001013602,36083052306,2,2,3,4,0,0,0,0
ny,36001013604,36103145804,4,5,7,14,0,0,0,2
ny,36001013709,36001013901,0,0,0,0,0,0,0,0
ny,36001013804,36093032101,0,0,0,0,0,0,0,0
ny,36001014502,36001002100,3,3,3,4,0,0,0,1
ny,36001014502,36061005800,9,19,17,16,6,6,6,7
ny,36001014614,36001000401,0,0,0,0,0,0,0,0
ny,36001014616,36061009000,9,8,7,10,6,6,6,8
ny,36001014617,36083052402,4,4,5,5,0,0,0,0
ny,36001014700,36093032602,0,0,0,0,0,0,0,0
ny,36003950100,36055013005,0,0,0,0,0,0,0,0
ny,36005002300,36047050100,4,5,6,8,5,5,5,6
ny,36005002702,36061000900,7,11,14,21,5,5,5,6
ny,36005002800,36061010400,9,10,11,12,3,3,3,4
ny,36005002800,36081058100,7,9,12,15,1,2,2,3
ny,36005004100,36005042100,13,13,13,12,0,0,0,0
ny,36005004200,36061014200,7,9,11,10,1,1,1,2
ny,36005004400,36005039600,0,0,0,1,0,0,0,1
ny,36005005200,36119005500,3,4,4,5,0,0,0,1
ny,36005005400,36061009400,9,10,10,11,3,3,3,3
ny,36005006301,36061013100,8,7,6,5,3,3,3,6
ny,36005006400,36081033100,7,10,12,11,1,2,2,3
ny,36005006500,36005004300,2,2,2,2,0,0,0,1
ny,36005007000,36061010900,8,10,11,12,3,3,3,4
ny,36005007300,36081003200,17,18,20,21,1,2,2,2
ny,36005007700,36061010100,9,9,9,9,3,3,3,3
ny,36005008400,36047023000,9,15,18,24,1,2,2,2
ny,36005009200,36061011100,11,16,18,17,5,5,5,5
ny,36005009301,36061008400,8,9,11,11,3,3,3,4
ny,36005009600,36119002101,6,7,7,7,0,0,0,5
ny,36005012500,36005014100,2,2,2,2,0,0,0,0
ny,36005014900,36061019600,3,3,3,3,1,1,1,1
ny,36005015500,36061010400,11,11,11,11,3,3,3,3
ny,36005015900,36061001401,12,13,13,14,3,3,3,3
ny,36005017500,36047002100,14,16,17,17,5,5,5,7
ny,36005017901,36061010000,9,9,9,9,4,4,4,5
ny,36005017901,36061014900,4,4,6,7,1,1,1,1
ny,36005018301,36047021600,15,19,23,30,5,5,5,7
ny,36005019300,36059304202,11,13,15,18,1,2,2,5
ny,36005019900,36061007600,8,11,15,14,4,4,4,5
ny,36005019900,36061010000,12,12,12,12,4,4,4,5
ny,36005020000,36005009600,0,0,0,0,0,0,0,0
ny,36005020900,36061027100,7,10,8,6,2,2,2,2
ny,36005021001,36081035700,6,7,7,8,1,2,2,3
ny,36005021100,36047059300,5,6,11,13,6,6,6,9
ny,36005021200,36001002100,12,12,16,17,0,0,0,4
ny,36005021502,36119010500,5,6,7,7,0,0,0,1
ny,36005022102,36001001100,10,11,12,13,0,0,0,5
ny,36005022102,36061010100,8,11,15,14,4,4,4,5
ny,36005022300,36061009000,8,10,11,11,4,4,4,5
ny,36005022901,36061004500,17,19,22,19,4,4,4,5
ny,36005025200,36119004801,2,3,3,3,0,0,0,0
ny,36005026601,36047008400,11,13,15,23,1,2,2,4
ny,36005026602,36047049600,11,14,15,18,1,2,2,2
ny,36005026701,36061010000,11,12,12,14,4,4,4,4
ny,36005026702,36047022400,16,17,15,15,6,6,6,8
ny,36005028800,36005024800,0,0,0,0,0,0,0,0
ny,36005029500,36061010803,8,9,10,10,4,4,4,5
ny,36005029700,36061009600,7,6,5,5,4,4,4,4
ny,36005030202,36119009500,5,6,6,6,0,0,0,0
ny,36005032600,36005036901,2,2,2,1,0,0,0,0
ny,36005032600,36059519702,5,6,8,13,1,2,2,4
ny,36005033000,36061012101,8,10,12,13,3,3,3,3
ny,36005033202,36005039300,1,1,2,1,0,0,0,0
ny,36005033202,36047059200,22,32,33,32,1,2,2,4
ny,36005035600,36061000900,12,16,19,27,1,2,2,3
ny,36005035800,36005048402,0,0,0,0,0,0,0,0
ny,36005036100,36047044200,9,16,19,24,1,2,2,5
ny,36005036300,36061001502,15,17,17,19,4,4,4,5
ny,36005036300,36087010602,7,8,9,9,0,0,0,3
ny,36005037400,36005004300,15,15,16,15,0,0,0,0
ny,36005038303,36061012601,14,15,15,14,1,1,1,1
ny,36005038500,36061012000,19,19,19,18,2,2,2,2
ny,36005038600,36103135205,4,5,7,12,1,2,2,4
ny,36005038900,36119010701,7,7,6,7,0,0,0,0
ny,36005039500,36061008400,8,10,8,7,3,3,3,3
ny,36005039901,36047046201,22,28,29,34,6,6,6,8
ny,36005040302,36005023200,0,0,1,1,0,0,0,1
ny,36005040304,36061014802,6,6,6,6,1,1,1,6
ny,36005042300,36061009600,10,12,12,11,4,4,4,4
ny,36005042300,36061020300,11,13,18,17,2,2,2,3
ny,36005042400,36047113400,9,13,14,17,1,2,2,3
ny,36005042600,36005035100,0,0,0,0,0,0,0,0
ny,36005042902,36119000401,0,0,0,0,0,0,0,0
ny,36005043400,36005005300,4,4,4,4,0,0,0,0
ny,36005044400,36005041400,0,0,0,0,0,0,0,0
ny,36005044902,36059407301,5,6,8,10,1,2,2,5
ny,36005046203,36005042000,0,0,0,0,0,0,0,0
ny,36005046203,36061009600,8,10,11,12,3,3,3,3
ny,36005046206,36005042100,2,3,5,4,0,0,0,0
ny,36007001500,36007013900,1,1,1,1,0,0,0,0
ny,36007012101,36067000300,0,2,2,2,0,0,0,1
ny,36007012103,36007000600,2,2,2,4,0,0,0,2
ny,36007013201,36007010200,0,0,0,0,0,0,0,0
ny,36007013303,36007013400,1,1,1,1,0,0,0,0
ny,36007013600,36007012900,5,3,3,3,0,0,0,1
ny,36009960500,36013035300,0,0,0,0,0,0,0,0
ny,36009960800,36029013501,0,0,0,0,0,0,0,0
ny,36009961000,36009960703,0,0,0,0,0,0,0,0
ny,36009962200,36009960704,0,0,0,0,0,0,0,0
ny,36011040101,36117021501,0,0,0,0,0,0,0,0
ny,36011040500,36011040800,1,2,2,2,0,0,0,0
ny,36011040900,36067000200,0,2,2,2,0,0,0,1
ny,36011041500,36011041400,0,0,0,0,0,0,0,0
ny,36011041700,36011041300,0,0,0,0,0,0,0,0
ny,36011041800,36067016600,1,1,1,1,0,0,0,0
ny,36013035100,36055012301,0,0,0,0,0,0,0,0
ny,36013035400,36013035300,0,0,0,0,0,0,0,0
ny,36013036100,36029000500,1,1,1,1,0,0,0,1
ny,36013036801,36013037200,0,0,0,0,0,0,0,0
ny,36013036901,36013030500,0,0,0,0,0,0,0,0
ny,36013037200,36013036402,0,0,0,0,0,0,0,0
ny,36013037500,36013037300,0,0,0,0,0,0,0,0
ny,36015000600,36015010302,1,1,1,1,0,0,0,0
ny,36015010100,36055013208,0,0,0,0,0,0,0,0
ny,36015010600,36101962600,0,0,0,0,0,0,0,0
ny,36015010900,36107020702,5,5,6,6,1,1,1,2
ny,36015011200,36111953500,3,4,6,6,0,0,0,0
ny,36017970101,36017970501,0,0,0,0,0,0,0,0
ny,36017970801,36007014301,6,6,7,7,1,1,1,2
ny,36017970901,36017971000,0,0,0,0,0,0,0,0
ny,36019102800,36019101000,0,0,0,0,0,0,0,0
ny,36019103200,36019101600,0,0,0,0,0,0,0,0
ny,36019103900,36019104200,0,0,0,0,0,0,0,0
ny,36021000402,36083052501,0,0,0,0,0,0,0,0
ny,36021001000,36001013604,2,2,2,2,1,1,1,2
ny,36021001500,36021001200,0,0,0,0,0,0,0,0
ny,36023970300,36023971000,1,1,1,1,0,0,0,0
ny,36023970500,36109000500,1,1,1,1,0,0,0,0
ny,36023970900,36023971200,0,0,0,0,0,0,0,0
ny,36025971000,36025970800,0,0,0,0,0,0,0,0
ny,36027020004,36027140500,2,2,2,2,0,0,0,0
ny,36027020004,36119007200,3,3,3,4,0,0,0,1
ny,36027050103,36027050203,0,0,0,0,0,0,0,0
ny,36027050203,36111951300,2,2,2,3,1,1,1,2
ny,36027050205,36119014805,2,2,2,2,0,0,0,0
ny,36027070301,36081071305,23,26,27,27,1,2,2,3
ny,36027140101,36027140801,1,1,1,2,0,0,0,1
ny,36027140101,36061011900,30,29,29,30,4,4,4,6
ny,36027140202,36027060202,5,5,6,6,1,1,1,1
ny,36027140400,36059407301,14,17,20,23,1,2,2,5
ny,36027140500,36061011500,27,30,32,31,4,5,6,6
ny,36027140602,36027140500,0,0,0,0,0,0,0,0
ny,36027190102,36023971000,10,10,10,10,0,0,0,1
ny,36027210301,36061007002,8,7,6,6,6,6,6,6
ny,36027220801,36069050104,5,6,7,7,0,0,0,1
ny,36027221001,36027080103,2,1,1,1,0,0,0,0
ny,36027640001,36059300500,14,17,18,19,1,2,2,3
ny,36029000600,36029016500,2,2,2,2,0,0,0,0
ny,36029001700,36029000110,0,0,0,0,0,0,0,0
ny,36029001900,36063021100,2,2,2,4,0,0,0,2
ny,36029003000,36029010803,4,4,4,4,0,0,0,1
ny,36029003600,36029000200,5,5,5,5,0,0,0,0
ny,36029004500,36029016500,0,0,0,0,0,0,0,0
ny,36029004601,36029016500,0,0,0,0,0,0,0,0
ny,36029004902,36029009602,5,5,5,5,0,0,0,0
ny,36029005600,36029009301,3,3,3,3,0,0,0,0
ny,36029005700,36029005000,2,2,2,2,0,0,0,1
ny,36029005801,36009960300,6,7,7,8,0,0,0,1
ny,36029005802,36029014102,4,5,5,6,0,0,0,0
ny,36029005802,36029016500,2,3,3,4,0,0,0,0
ny,36029006904,36029005202,0,0,0,1,0,0,0,1
ny,36029007102,36039080600,3,4,5,6,0,0,0,1
ny,36029007304,36029006100,3,3,3,3,0,0,0,0
ny,36029007306,36029009104,1,2,2,2,0,0,0,0
ny,36029007306,36029016500,1,2,2,4,0,0,0,0
ny,36029007800,36029016500,1,2,2,4,0,0,0,0
ny,36029008002,36029009402,4,4,4,4,0,0,0,0
ny,36029008002,36063023100,1,1,1,1,0,0,0,0
ny,36029008003,36029005000,0,0,0,0,0,0,0,0
ny,36029008003,36029009200,1,1,1,1,0,0,0,0
ny,36029008102,36029011201,3,3,4,4,0,0,0,0
ny,36029009104,36029980400,3,3,3,3,0,0,0,0
ny,36029009115,36029008400,0,0,0,0,0,0,0,0
ny,36029009501,36029013400,6,6,6,6,0,0,0,0
ny,36029009501,36029016500,3,3,3,3,0,0,0,0
ny,36029009900,36029014502,0,0,0,0,0,0,0,0
ny,36029010002,36029010001,1,1,1,1,0,0,0,0
ny,36029010003,36029005600,8,8,9,9,0,0,0,3
ny,36029010103,36029009602,0,0,0,0,0,0,0,0
ny,36029010202,36029016400,5,5,5,5,0,0,0,0
ny,36029010804,36055980200,6,6,6,6,0,0,0,0
ny,36029011100,36029009012,1,1,1,1,0,0,0,0
ny,36029011201,36029009602,1,1,1,1,0,0,0,0
ny,36029011400,36029003100,4,4,4,4,0,0,0,1
ny,36029011700,36029009401,7,7,7,7,0,0,0,0
ny,36029013002,36065020300,10,10,10,10,0,0,0,1
ny,36029013201,36029008400,2,2,2,4,0,0,0,3
ny,36029013501,36029011800,0,0,0,0,0,0,0,0
ny,36029013600,36029005500,6,7,7,7,0,0,0,1
ny,36029013600,36029010700,1,1,1,1,0,0,0,0
ny,36029013701,36029980400,2,2,2,2,0,0,0,0
ny,36029014102,36029980400,1,1,1,1,0,0,0,0
ny,36029014206,36061009600,15,19,18,17,6,6,6,8
ny,36029014400,36029000500,1,1,1,1,0,0,0,0
ny,36029014606,36037951000,0,0,0,0,0,0,0,0
ny,36029014703,36029009012,0,0,0,0,0,0,0,0
ny,36029015001,36029014901,0,0,0,0,0,0,0,0
ny,36029015101,36029013701,0,0,0,0,0,0,0,0
ny,36029015401,36029009601,1,1,1,1,0,0,0,0
ny,36029015401,36029016500,1,1,1,1,0,0,0,1
ny,36029015402,36029005202,4,4,4,5,0,0,0,1
ny,36029015504,36013035100,0,0,0,0,0,0,0,0
ny,36029016700,36071011000,10,10,12,13,0,0,0,0
ny,36029016900,36121971000,3,3,3,3,0,0,0,0
ny,36029017000,36029009601,3,3,3,3,0,0,0,0
ny,36033950301,36033950501,3,3,3,3,0,0,0,0
ny,36033950501,36001013604,5,5,5,5,1,1,1,1
ny,36035970200,36035971300,0,0,0,0,0,0,0,0
ny,36035970601,36035970602,0,0,0,0,0,0,0,0
ny,36035970800,36029009007,5,5,6,6,0,0,0,0
ny,36035971300,36057072100,0,0,0,0,0,0,0,0
ny,36037950100,36055013208,0,0,1,1,0,0,0,0
ny,36037950200,36037950401,0,0,0,0,0,0,0,0
ny,36037950502,36037950800,0,0,0,0,0,0,0,0
ny,36037951100,36055013206,0,0,0,0,0,0,0,0
ny,36037951200,36055013205,0,0,0,0,0,0,0,0
ny,36037951300,36055013104,0,0,0,0,0,0,0,0
ny,36039081002,36047000900,10,13,13,15,6,6,6,8
ny,36039081101,36039080600,0,0,0,0,0,0,0,0
ny,36043010100,36065025100,0,0,0,0,0,0,0,0
ny,36045060101,36045061600,0,0,0,0,0,0,0,0
ny,36045060401,36045061300,0,0,0,0,0,0,0,0
ny,36045060401,36045061600,0,0,0,0,0,0,0,0
ny,36045060901,36045061000,0,0,0,0,0,0,0,0
ny,36045061101,36001014608,2,2,2,2,0,0,0,0
ny,36045061802,36045061600,0,0,0,0,0,0,0,0
ny,36045062200,36045061600,0,0,0,0,0,0,0,0
ny,36047000301,36047022400,1,2,2,2,0,0,0,0
ny,36047000501,36061004100,6,6,5,7,2,2,2,4
ny,36047000501,36061010100,7,7,6,8,2,2,2,5
ny,36047001501,36061010900,6,6,5,9,2,2,2,5
ny,36047003400,36061010000,8,9,10,11,2,2,2,3
ny,36047003400,36087013402,16,15,16,18,4,4,4,5
ny,36047003700,36061010900,6,6,5,9,2,2,2,5
ny,36047003700,36081001903,2,3,6,10,0,0,0,1
ny,36047004100,36061005400,6,6,5,7,2,2,2,3
ny,36047004500,36047021100,1,1,1,1,0,0,0,0
ny,36047004600,36047006800,0,0,0,0,0,0,0,0
ny,36047005601,36119008500,22,23,21,22,2,2,3,8
ny,36047005800,36047001100,3,4,4,4,0,0,0,0
ny,36047006700,36061004700,8,8,7,9,2,2,2,4
ny,36047007000,36047055200,3,4,4,4,0,0,0,0
ny,36047007100,36061011300,6,6,5,9,2,2,2,5
ny,36047007800,36047041200,2,2,2,2,0,0,0,0
ny,36047008000,36047114400,8,8,8,8,0,0,0,0
ny,36047011901,36061009500,7,7,6,8,2,2,2,5
ny,36047012200,36061005400,7,8,7,9,2,2,2,3
ny,36047012902,36061011300,8,8,6,10,2,2,2,5
ny,36047013800,36047081600,5,5,5,5,0,0,0,0
ny,36047014102,36061011700,10,9,8,8,2,2,2,3
ny,36047014200,36061013700,10,11,11,12,2,2,2,3
ny,36047015700,36061012000,10,11,9,11,5,5,5,6
ny,36047016000,36061000700,1,1,1,2,0,0,0,0
ny,36047016900,36061010300,9,9,8,8,2,2,2,5
ny,36047017200,36061008200,10,11,12,15,2,2,2,5
ny,36047018501,36061015601,12,12,11,13,4,4,4,5
ny,36047019400,36087013101,18,17,18,20,4,4,4,5
ny,36047019900,36061015200,15,15,11,14,4,4,4,6
ny,36047020100,36061010100,9,9,6,8,2,2,2,5
ny,36047021400,36047022600,1,1,1,1,0,0,0,0
ny,36047021400,36061008400,7,7,7,9,2,2,2,3
ny,36047022100,36061006200,5,6,8,8,0,0,0,1
ny,36047022100,36061013100,9,9,6,8,2,2,2,3
ny,36047023000,36047000200,1,1,1,1,0,0,0,0
ny,36047023100,36005027900,8,14,17,20,6,6,6,7
ny,36047023600,36047023400,0,0,0,0,0,0,0,0
ny,36047024500,36081095400,11,12,9,9,0,0,0,2
ny,36047024700,36061005200,9,10,7,10,2,2,2,4
ny,36047025200,36085015602,17,17,15,14,3,3,3,3
ny,36047025700,36081000102,0,0,0,2,0,0,0,2
ny,36047025901,36061010900,2,3,4,6,2,2,2,6
ny,36047026500,36081019902,3,3,2,2,0,0,0,0
ny,36047027800,36047006200,2,2,2,2,0,0,0,0
ny,36047027800,36047019900,6,8,11,10,0,0,0,3
ny,36047028600,36061003100,8,8,7,7,3,3,3,7
ny,36047029000,36081045500,16,23,20,17,0,0,0,6
ny,36047029500,36119005300,5,7,9,14,2,2,2,8
ny,36047030500,36061003300,11,11,8,10,3,3,3,6
ny,36047030800,36061008200,8,8,8,11,2,2,2,4
ny,36047031500,36061001300,12,17,16,13,6,8,7,9
ny,36047032100,36047053800,0,0,0,0,0,0,0,0
ny,36047032500,36047109800,4,5,6,4,0,0,0,2
ny,36047034100,36061008800,3,3,3,5,2,2,2,4
ny,36047034200,36047046400,5,5,5,5,0,0,0,1
ny,36047034200,36047097400,17,19,17,12,0,0,0,2
ny,36047034300,36085029102,10,17,20,20,3,3,3,4
ny,36047035000,36047055400,3,3,4,4,0,0,0,1
ny,36047036002,36047041200,1,1,2,3,0,0,0,0
ny,36047037402,36059300902,17,22,20,24,0,0,0,1
ny,36047038100,36081134701,1,5,7,7,0,0,0,1
ny,36047038200,36081001903,6,8,13,14,0,0,0,2
ny,36047038800,36047037402,0,0,0,0,0,0,0,0
ny,36047039100,36061010000,3,3,3,5,2,2,2,4
ny,36047039200,36005032300,17,17,17,18,2,2,2,2
ny,36047039900,36061011402,7,7,9,7,4,4,5,7
ny,36047040300,36061009600,4,4,4,6,2,2,2,4
ny,36047040400,36047025800,0,0,0,0,0,0,0,0
ny,36047040600,36047013300,0,0,2,3,0,0,0,3
ny,36047040900,36047061004,16,22,19,15,0,0,0,2
ny,36047041200,36047055200,0,0,0,0,0,0,0,0
ny,36047041900,36061003700,3,4,4,7,2,2,2,5
ny,36047042100,36061009600,3,3,3,5,2,2,2,4
ny,36047042900,36061002100,12,12,11,9,3,3,3,7
ny,36047043900,36047052300,0,0,0,0,0,0,0,0
ny,36047044100,36061003300,5,7,7,10,3,3,3,7
ny,36047044100,36061010100,7,7,9,10,2,2,2,6
ny,36047044800,36047028100,6,7,7,7,0,0,0,1
ny,36047045400,36081024600,21,23,23,15,0,0,0,2
ny,36047046000,36047052800,0,0,0,0,0,0,0,0
ny,36047046800,36047053700,7,9,12,10,0,1,1,3
ny,36047047700,36061009903,3,3,3,8,3,3,3,8
ny,36047048600,36061011900,9,11,11,12,2,2,2,3
ny,36047048800,36047061600,2,2,2,2,0,0,0,0
ny,36047050500,36061005700,7,5,5,6,2,2,2,5
ny,36047050804,36061013100,8,11,9,11,2,2,2,3
ny,36047051400,36061009000,10,12,9,12,2,2,2,3
ny,36047051601,36021001000,14,20,28,32,2,2,2,4
ny,36047051601,36047020300,3,3,4,3,0,0,0,0
ny,36047051601,36061005200,8,9,7,9,2,2,2,3
ny,36047051900,36061003700,3,4,4,7,2,2,2,3
ny,36047054600,36047042000,0,0,0,0,0,0,0,0
ny,36047054700,36047053500,0,0,0,0,0,0,0,0
ny,36047054800,36061012500,8,10,8,10,2,2,2,3
ny,36047055200,36085032300,6,11,15,17,3,3,3,6
ny,36047055500,36061006200,0,0,0,0,0,0,0,0
ny,36047055500,36061012101,2,2,2,2,2,2,2,2
ny,36047055500,36061012800,5,5,5,8,4,4,4,4
ny,36047056500,36061004300,3,4,4,7,2,2,2,3
ny,36047057600,36061021703,14,15,15,16,4,4,4,5
ny,36047059402,36085012806,16,15,14,14,3,3,3,3
ny,36047060000,36061009903,13,14,14,14,3,3,3,7
ny,36047060600,36047011000,3,4,4,4,0,0,0,0
ny,36047061004,36047042000,1,1,1,1,0,0,0,0
ny,36047066000,36047112800,9,9,8,6,0,0,0,1
ny,36047067800,36047090200,5,8,8,8,0,0,0,0
ny,36047068800,36061003100,8,13,10,9,3,3,3,7
ny,36047070601,36103147302,16,18,18,21,1,1,1,6
ny,36047076000,36047046000,0,0,0,0,0,0,0,0
ny,36047076600,36061002000,6,9,7,9,2,2,2,3
ny,36047076800,36061010100,9,10,10,10,2,2,2,5
ny,36047077600,36047076800,0,0,0,0,0,0,0,0
ny,36047077600,36081017902,16,15,12,10,0,0,0,2
ny,36047080200,36081087100,3,3,6,13,0,0,0,4
ny,36047082400,36061012101,9,10,8,10,2,2,2,3
ny,36047082800,36047082200,1,1,1,1,0,0,0,0
ny,36047082800,36081017102,10,12,18,19,0,0,0,2
ny,36047083000,36071002100,14,15,13,18,4,4,4,4
ny,36047083800,36047054600,7,7,6,5,0,0,0,0
ny,36047085000,36061000700,0,1,1,1,0,0,0,0
ny,36047086000,36047004600,5,6,6,6,0,0,0,0
ny,36047086200,36059301800,6,8,9,17,0,0,0,0
ny,36047086400,36001000302,24,30,32,34,2,2,2,5
ny,36047086600,36061004900,13,13,12,14,2,2,2,5
ny,36047088200,36081014202,4,3,3,4,0,0,0,0
ny,36047088400,36047053700,8,10,10,9,0,0,0,1
ny,36047089400,36047035101,1,2,3,2,0,0,0,1
ny,36047090000,36061015602,12,10,10,9,4,5,5,7
ny,36047090200,36047044902,2,2,2,2,0,0,0,0
ny,36047090600,36061005600,8,6,6,7,2,2,2,4
ny,36047091600,36061008200,5,5,5,7,2,2,2,5
ny,36047093600,36047013800,7,7,7,7,0,0,0,0
ny,36047094402,36005001901,19,25,26,26,2,2,2,3
ny,36047095600,36061008800,11,10,9,11,2,2,2,4
ny,36047098200,36071000400,29,33,34,36,2,2,2,9
ny,36047098600,36061016700,13,11,11,14,4,4,4,9
ny,36047098600,36061020300,13,11,11,14,4,4,4,9
ny,36047099200,36047023200,4,5,6,6,0,0,0,0
ny,36047102000,36005023800,8,10,12,22,2,2,2,2
ny,36047105801,36047001100,16,18,17,14,0,0,0,0
ny,36047105804,36061011202,13,13,14,19,2,2,2,8
ny,36047107800,36061010900,7,9,10,13,2,2,2,6
ny,36047107800,36081155104,13,13,13,11,0,0,0,1
ny,36047110600,36061007400,8,9,9,11,2,2,2,5
ny,36047111000,36047109800,4,4,3,2,0,0,0,0
ny,36047112400,36081026901,4,5,7,6,0,0,0,0
ny,36047113000,36005029600,8,11,12,20,2,2,2,2
ny,36047113200,36047049200,1,4,4,3,0,0,0,0
ny,36047113400,36061003100,4,5,7,11,3,3,3,8
ny,36047114201,36081077300,1,1,2,7,0,0,0,0
ny,36047115000,36061001502,6,8,12,10,3,3,3,7
ny,36047115000,36081033100,6,7,10,9,0,0,0,2
ny,36047115600,36047028200,22,24,21,15,0,0,0,0
ny,36047115600,36061008400,7,8,8,10,2,2,2,5
ny,36047115800,36047050700,0,1,2,2,0,0,0,0
ny,36047117400,36061003700,6,5,5,8,2,2,2,5
ny,36047118201,36061009400,6,7,8,8,2,2,2,4
ny,36047118202,36047015900,9,7,7,8,0,0,0,0
ny,36047118600,36081035200,2,1,3,5,0,0,0,2
ny,36047118600,36081057700,1,2,2,2,0,0,0,0
ny,36047119600,36047055300,5,5,5,5,0,0,0,0
ny,36047120802,36061011300,6,8,10,12,2,2,2,6
ny,36049950200,36001001100,7,7,7,8,0,0,0,1
ny,36049950200,36045060901,0,0,0,0,0,0,0,0
ny,36051030100,36029011201,3,3,3,3,0,0,0,0
ny,36051030100,36055013206,0,0,0,0,0,0,0,0
ny,36051030201,36051030702,0,0,0,0,0,0,0,0
ny,36053030300,36067014200,0,0,0,0,0,0,0,0
ny,36053030403,36067015701,0,0,0,0,0,0,0,0
ny,36053030501,36053030502,0,0,0,0,0,0,0,0
ny,36055002200,36055009401,0,0,0,0,0,0,0,0
ny,36055002900,36055003101,0,0,0,0,0,0,0,0
ny,36055003600,36055009402,0,0,0,0,0,0,0,0
ny,36055004702,36055013203,1,1,1,1,0,0,0,0
ny,36055004900,36055005600,0,0,0,0,0,0,0,0
ny,36055005700,36055009605,0,0,0,0,0,0,0,0
ny,36055006900,36055006300,0,0,0,0,0,0,0,0
ny,36055009602,36055008801,0,0,0,0,0,0,0,0
ny,36055010300,36055008500,0,0,0,0,0,0,0,0
ny,36055010601,36055009402,0,0,0,0,0,0,0,0
ny,36055010800,36055011712,0,0,0,0,0,0,0,0
ny,36055010901,36055008100,0,0,0,0,0,0,0,0
ny,36055011302,36055007802,0,1,1,1,0,0,0,0
ny,36055011707,36087011102,9,11,12,12,0,0,0,1
ny,36055012202,36055011901,0,0,0,0,0,0,0,0
ny,36055012301,36055009404,2,2,2,2,0,0,0,2
ny,36055012402,36047044700,8,10,14,15,8,8,8,12
ny,36055012402,36055013005,0,0,0,0,0,0,0,0
ny,36055013101,36055008801,0,0,0,0,0,0,0,0
ny,36055013203,36055011603,2,2,2,2,0,0,0,1
ny,36055013300,36055009404,0,0,0,0,0,0,0,0
ny,36055013402,36055003806,0,0,0,0,0,0,0,0
ny,36055013511,36055009605,4,6,7,7,0,0,0,1
ny,36055013511,36055015400,0,0,0,0,0,0,0,0
ny,36055013800,36055000200,2,2,2,2,0,0,0,0
ny,36055014104,36055014504,0,0,0,0,0,0,0,0
ny,36055014205,36109001400,9,9,9,9,0,0,0,0
ny,36055014206,36029013002,5,5,5,5,0,0,0,0
ny,36055014301,36055001000,1,1,1,1,0,0,0,0
ny,36055014601,36067010301,0,0,0,0,0,0,0,0
ny,36055014700,36055003806,0,0,1,2,0,0,0,1
ny,36055014803,36029009104,6,6,6,6,0,0,0,0
ny,36055014901,36055011303,3,6,7,7,0,0,0,0
ny,36055015000,36069050104,0,0,1,1,0,0,0,0
ny,36055015200,36055003200,0,0,0,0,0,0,0,0
ny,36055015303,36055014400,1,1,1,1,0,0,0,0
ny,36057070900,36057072100,0,0,0,0,0,0,0,0
ny,36057072500,36061009400,12,15,15,14,6,6,6,7
ny,36059300400,36059300600,0,0,0,0,0,0,0,0
ny,36059300400,36103110300,8,8,8,8,0,0,0,0
ny,36059300800,36059408900,11,12,12,14,0,0,0,1
ny,36059300902,36059302000,0,0,0,0,0,0,0,0
ny,36059301000,36061015501,26,26,26,21,4,4,4,4
ny,36059301101,36059300700,4,4,4,4,0,0,0,0
ny,36059301700,36061009600,8,14,15,18,2,2,2,2
ny,36059301700,36061010300,8,14,15,18,2,2,2,4
ny,36059301800,36007014400,33,43,48,46,2,2,2,8
ny,36059302000,36103145605,0,0,1,5,0,0,0,1
ny,36059302900,36081122704,6,6,5,6,0,0,0,1
ny,36059303203,36059407301,3,3,3,3,0,0,0,1
ny,36059303203,36061011100,11,16,16,22,4,4,4,9
ny,36059303204,36005016100,2,3,5,6,2,2,3,4
ny,36059303700,36059406400,0,0,0,0,0,0,0,0
ny,36059304002,36059406400,1,2,2,3,0,0,0,1
ny,36059304100,36059304002,0,0,0,0,0,0,0,0
ny,36059404800,36061010100,12,18,16,21,2,2,2,7
ny,36059404902,36061003700,16,19,15,21,2,2,2,7
ny,36059405100,36005037600,9,10,10,10,2,2,3,3
ny,36059405200,36059414400,3,3,3,4,0,0,0,1
ny,36059405302,36061010200,9,12,15,18,2,2,2,5
ny,36059405800,36047012100,40,34,31,28,0,0,0,2
ny,36059406501,36119011101,16,16,19,18,2,2,3,6
ny,36059406702,36081073900,10,12,9,12,0,0,0,2
ny,36059407000,36059407700,4,4,4,5,0,0,0,0
ny,36059407102,36059407301,1,1,1,1,0,0,0,0
ny,36059407301,36061009500,8,14,15,19,2,2,2,8
ny,36059407401,36047003700,43,38,31,28,0,0,0,7
ny,36059407600,36059301800,4,5,6,8,0,0,0,1
ny,36059407700,36059301800,2,3,3,4,0,0,0,1
ny,36059407900,36059410000,8,8,9,9,0,0,0,1
ny,36059407900,36081003301,20,23,21,24,0,0,0,4
ny,36059408000,36081044602,22,20,17,17,0,0,0,2
ny,36059408500,36059414900,0,0,0,0,0,0,0,0
ny,36059408700,36103122300,1,2,2,3,0,0,0,1
ny,36059408900,36103146616,2,3,3,3,0,0,0,2
ny,36059409000,36005031200,7,7,10,11,2,2,3,5
ny,36059409100,36047002100,39,37,35,30,0,0,0,6
ny,36059409200,36047069602,25,24,23,24,0,0,0,4
ny,36059409400,36059518203,1,1,2,2,0,0,0,0
ny,36059409400,36103123500,0,1,1,1,0,0,0,0
ny,36059409800,36059406400,2,2,2,3,0,0,0,1
ny,36059410300,36085012200,36,37,32,32,3,3,3,5
ny,36059410300,36103122300,1,1,1,2,0,0,0,1
ny,36059410900,36059404800,3,3,3,4,0,0,0,2
ny,36059411000,36119013000,26,27,29,30,2,2,2,6
ny,36059411200,36059406400,3,3,3,3,0,0,0,0
ny,36059411302,36061011202,14,18,21,20,2,2,2,7
ny,36059411700,36005028300,13,16,14,15,2,2,3,3
ny,36059413100,36105951801,17,20,22,26,2,2,3,10
ny,36059413300,36047029300,3,7,10,14,0,0,0,2
ny,36059413300,36059412301,0,0,0,0,0,0,0,0
ny,36059413400,36059416202,0,0,1,1,0,0,0,0
ny,36059413600,36061011500,11,18,21,23,2,3,4,8
ny,36059413700,36059411800,1,1,1,1,0,0,0,0
ny,36059414100,36059410400,1,2,2,2,0,0,0,0
ny,36059414201,36081001903,10,17,19,20,0,0,0,4
ny,36059414304,36047110400,15,18,16,19,0,0,0,3
ny,36059414304,36059414400,0,0,0,0,0,0,0,0
ny,36059414304,36103147702,0,0,0,0,0,0,0,0
ny,36059414400,36059304203,4,5,5,5,0,0,0,0
ny,36059414400,36081120100,19,20,17,18,0,0,0,3
ny,36059414502,36103123900,0,0,0,0,0,0,0,0
ny,36059414800,36059303000,8,8,8,8,0,0,0,1
ny,36059414800,36059303600,13,14,13,13,0,0,0,1
ny,36059414800,36081089201,2,3,5,8,0,0,0,3
ny,36059414900,36081007100,23,27,24,26,0,0,1,4
ny,36059415000,36059407201,5,5,5,5,0,0,0,0
ny,36059415401,36059412000,5,6,6,6,0,0,0,0
ny,36059415401,36061011900,13,20,22,23,2,2,2,7
ny,36059415700,36061011202,27,30,30,33,2,2,2,7
ny,36059416000,36061015602,30,37,34,37,3,3,4,7
ny,36059416300,36059406400,8,8,9,9,0,0,0,0
ny,36059416300,36059406801,10,11,13,13,0,0,0,0
ny,36059416401,36047061003,8,8,8,7,0,0,0,3
ny,36059416702,36061009600,11,15,17,17,2,2,2,5
ny,36059416702,36081015500,8,12,15,16,0,0,0,3
ny,36059416702,36081103900,11,12,9,10,0,0,1,1
ny,36059416802,36047120801,9,10,11,12,0,0,0,3
ny,36059416900,36061009400,13,19,21,22,2,2,2,7
ny,36059517000,36061009800,22,22,22,18,2,2,2,2
ny,36059517102,36059406400,12,14,15,14,0,0,0,0
ny,36059517301,36059406400,11,13,14,13,0,0,0,0
ny,36059517302,36059416000,8,10,9,10,0,1,1,2
ny,36059517500,36103112215,6,6,6,8,0,0,0,1
ny,36059517701,36061000800,15,20,20,24,2,2,2,2
ny,36059518000,36059518201,2,2,2,2,0,0,0,0
ny,36059518000,36081094500,6,9,9,9,0,0,0,0
ny,36059518100,36059408000,2,4,4,4,1,1,1,2
ny,36059518204,36061017500,16,19,26,27,4,4,4,7
ny,36059518400,36059519300,3,3,3,3,0,0,0,0
ny,36059518501,36059520002,0,0,0,0,0,0,0,0
ny,36059518501,36061006200,5,11,16,21,0,0,0,5
ny,36059518700,36081032000,8,8,7,7,0,0,0,0
ny,36059518800,36059518501,0,0,0,0,0,0,0,0
ny,36059519000,36047001802,35,30,31,30,0,0,0,3
ny,36059519000,36059414400,2,2,2,2,0,0,0,0
ny,36059519703,36103112218,1,1,1,1,0,0,0,0
ny,36059519900,36059407700,3,3,3,3,0,0,0,0
ny,36059520001,36047011000,16,19,17,19,0,0,0,3
ny,36059520001,36061007900,9,16,19,24,2,2,2,7
ny,36059520402,36059517301,12,12,12,12,1,1,1,4
ny,36059521500,36103145701,1,1,1,1,0,0,0,0
ny,36059521601,36061001502,11,17,23,25,3,3,3,9
ny,36059521700,36059301800,2,3,3,4,0,0,0,1
ny,36059522000,36059301800,2,3,3,4,0,0,0,1
ny,36059522000,36087011303,16,19,24,25,2,2,3,9
ny,36061000202,36061018500,8,6,6,7,4,4,4,5
ny,36061000500,36081046500,14,16,17,18,7,7,6,5
ny,36061000800,36061019900,7,7,7,6,2,2,2,4
ny,36061001800,36061002100,3,3,3,3,1,1,1,1
ny,36061002100,36061031703,0,0,0,0,0,0,0,0
ny,36061002602,36061009800,1,3,3,3,0,0,0,0
ny,36061002602,36061018900,6,7,7,6,2,2,2,2
ny,36061003200,36061011900,1,1,1,1,0,0,0,0
ny,36061003400,36061031703,4,3,5,5,1,1,1,1
ny,36061003601,36047022100,6,7,10,9,2,2,2,2
ny,36061003602,36061011900,1,1,1,1,0,0,0,0
ny,36061003900,36061012400,12,10,9,9,4,4,4,5
ny,36061004001,36061003100,1,1,1,1,1,1,1,1
ny,36061004002,36061010000,1,2,2,2,0,0,0,0
ny,36061004100,36061012400,9,9,7,7,2,2,2,3
ny,36061004500,36061010900,0,1,1,1,0,0,0,0
ny,36061005200,36061028300,4,2,2,1,2,2,2,2
ny,36061005800,36061010400,0,0,0,0,0,0,0,0
ny,36061006000,36061011600,6,9,8,8,2,2,2,2
ny,36061006100,36055010200,6,6,8,8,1,1,1,1
ny,36061006300,36103158329,5,8,15,22,2,2,2,5
ny,36061007001,36061011401,2,2,3,4,2,2,3,4
ny,36061007300,36061001300,6,11,10,8,4,6,5,4
ny,36061007300,36061010400,0,1,1,1,0,0,0,0
ny,36061007400,36061012902,0,0,0,0,0,0,0,0
ny,36061007800,36061001300,14,18,19,14,4,6,5,5
ny,36061008100,36061005400,0,0,0,1,0,0,0,1
ny,36061008300,36001013708,19,21,18,17,1,1,1,3
ny,36061008300,36061009903,4,3,4,4,0,1,2,2
ny,36061008800,36061005200,0,1,1,1,0,0,0,0
ny,36061009100,36061008200,1,1,1,1,1,1,1,1
ny,36061009500,36061003001,1,1,1,1,0,0,0,0
ny,36061011000,36059518204,12,14,15,21,3,4,3,8
ny,36061011500,36061010100,2,4,5,4,0,1,1,1
ny,36061012400,36061000700,13,16,17,17,4,4,4,6
ny,36061012400,36061006200,6,7,6,6,4,4,4,5
ny,36061012400,36061010200,3,4,3,4,2,2,2,3
ny,36061012601,36081047000,15,15,15,19,4,4,5,8
ny,36061012700,36061009901,6,10,11,7,0,0,0,0
ny,36061012901,36119004900,10,11,10,10,4,4,4,5
ny,36061013203,36061011202,3,4,3,4,2,2,2,2
ny,36061013400,36061007600,5,6,6,6,2,2,2,2
ny,36061013800,36061009600,4,4,4,4,2,2,2,2
ny,36061014000,36119012000,8,12,14,17,2,2,2,4
ny,36061014601,36061021200,8,6,4,2,0,0,0,0
ny,36061014602,36061001300,13,17,18,16,6,8,7,6
ny,36061015102,36061013700,3,3,3,4,2,2,2,2
ny,36061015200,36061017000,2,1,1,1,0,0,0,0
ny,36061015301,36059301300,16,16,14,14,4,4,4,4
ny,36061015403,36059407301,12,14,19,22,4,4,4,8
ny,36061015501,36061005400,5,4,3,3,2,2,2,2
ny,36061015502,36061008800,6,4,3,3,2,2,2,2
ny,36061015802,36061002901,11,11,13,13,3,3,3,4
ny,36061016002,36111953500,11,10,11,12,2,2,3,5
ny,36061016600,36061008300,12,17,18,16,2,2,2,2
ny,36061016800,36061020500,0,0,0,0,0,0,0,0
ny,36061016900,36061016800,0,0,0,0,0,0,0,0
ny,36061016900,36119009300,7,9,8,8,2,2,2,3
ny,36061017100,36081024600,14,13,12,18,4,4,5,8
ny,36061018700,36061013700,4,2,1,1,2,2,2,2
ny,36061018900,36081006501,12,11,11,12,4,4,4,5
ny,36061019100,36061004300,6,12,13,11,2,2,2,2
ny,36061019200,36061008800,6,6,6,7,2,2,2,2
ny,36061019200,36061013300,3,3,3,4,2,2,2,2
ny,36061019400,36119008200,8,10,12,13,2,2,2,2
ny,36061019600,36061009400,8,8,8,8,2,2,2,2
ny,36061019900,36061000700,14,17,16,16,4,4,4,5
ny,36061020101,36061020300,0,0,0,0,0,0,0,0
ny,36061021100,36061016200,10,9,4,4,0,0,0,0
ny,36061021303,36061009400,10,9,4,4,2,2,2,2
ny,36061021303,36061020300,2,2,2,2,0,0,0,0
ny,36061021800,36083041300,8,9,12,17,2,2,3,8
ny,36061022302,36061005200,5,4,3,3,2,2,2,2
ny,36061022500,36047074200,15,16,15,16,4,4,4,5
ny,36061022500,36061020500,0,0,0,0,0,0,0,0
ny,36061022600,36085002700,21,27,27,26,7,7,7,10
ny,36061023600,36047060600,25,34,33,32,4,4,4,6
ny,36061023700,36059518900,8,10,12,16,4,4,4,8
ny,36061024100,36061022900,0,0,0,0,0,0,0,0
ny,36061024302,36061006200,6,7,9,10,4,4,4,4
ny,36061024700,36061004900,6,12,13,11,2,2,2,2
ny,36061024700,36081126700,7,8,10,11,4,4,5,8
ny,36061024700,36119010702,14,14,12,13,2,2,2,4
ny,36061025300,36061008700,7,10,14,13,2,2,2,4
ny,36061025500,36059300400,7,9,11,12,2,4,4,5
ny,36061026100,36081026700,9,11,14,15,4,4,4,5
ny,36061026300,36005024100,9,11,9,7,2,2,2,2
ny,36061027700,36061009902,2,2,2,2,2,2,2,2
ny,36061027900,36061011500,2,4,5,4,2,3,4,3
ny,36061029100,36061009903,4,5,6,6,2,3,4,4
ny,36061029300,36081019000,12,16,23,29,4,4,4,7
ny,36061029900,36047023200,12,12,15,15,4,4,4,6
ny,36061031704,36061008000,7,8,8,7,2,2,2,3
ny,36063020500,36029008400,4,4,4,4,0,0,0,0
ny,36063020700,36063021200,0,0,0,0,0,0,0,0
ny,36063022000,36063022601,1,1,1,1,0,0,0,0
ny,36063022601,36029009104,1,2,2,2,0,0,0,0
ny,36063022702,36029006702,5,5,5,7,0,0,0,2
ny,36063022702,36029009107,3,3,3,3,0,0,0,0
ny,36063022717,36029013002,0,0,0,1,0,0,0,1
ny,36063022803,36029003800,4,4,4,4,0,0,0,1
ny,36063022902,36063024102,2,2,2,2,0,0,0,0
ny,36063023301,36029009107,1,1,1,1,0,0,0,1
ny,36063023302,36063022715,0,0,0,0,0,0,0,0
ny,36063023404,36029002502,7,7,7,7,0,0,0,0
ny,36063023404,36029008900,2,2,2,2,0,0,0,0
ny,36063023902,36029008900,3,3,3,3,0,0,0,0
ny,36063024302,36063024502,0,0,0,0,0,0,0,0
ny,36063024405,36063023600,1,1,1,1,0,0,0,0
ny,36063024600,36029007903,1,1,1,1,0,0,0,0
ny,36065020803,36065023400,7,8,8,8,1,1,1,2
ny,36065021402,36047022800,12,13,16,19,8,8,8,12
ny,36065021602,36065023400,2,2,2,2,0,0,0,1
ny,36065022200,36071015003,0,0,0,1,0,0,0,1
ny,36065023000,36065023901,1,1,1,1,0,0,0,1
ny,36065023501,36065023200,1,1,1,1,0,0,0,0
ny,36065023502,36001000401,4,4,4,4,0,0,0,0
ny,36065024303,36065022702,0,0,0,0,0,0,0,0
ny,36065024900,36065024800,0,0,0,0,0,0,0,0
ny,36065024900,36067013500,0,0,0,0,0,0,0,0
ny,36065025800,36065020802,0,0,0,0,0,0,0,0
ny,36065026200,36065026100,0,0,0,0,0,0,0,0
ny,36065026700,36075020102,0,0,0,0,0,0,0,0
ny,36067000700,36067014400,0,0,0,1,0,0,0,1
ny,36067000900,36067014500,0,0,0,0,0,0,0,0
ny,36067001000,36067005300,0,0,0,1,0,0,0,1
ny,36067003900,36017970601,1,1,1,1,0,0,0,0
ny,36067004401,36011042100,2,2,2,2,0,0,0,1
ny,36067004401,36065023300,2,3,4,4,0,0,0,1
ny,36067005200,36055001000,0,1,1,1,0,0,0,0
ny,36067005700,36067011101,1,1,1,2,0,0,0,1
ny,36067006102,36067003500,1,1,1,2,0,0,0,1
ny,36067010321,36043010202,4,4,5,5,0,0,0,1
ny,36067010600,36067011101,1,1,1,1,0,0,0,0
ny,36067011012,36077590800,0,2,2,3,0,0,0,1
ny,36067011021,36067001600,1,1,1,1,0,0,0,1
ny,36067011242,36001013902,3,4,4,4,0,0,0,1
ny,36067011242,36061003001,3,5,5,6,6,6,6,7
ny,36067011600,36067003200,1,1,1,1,0,0,0,0
ny,36067011600,36087010802,3,4,4,5,0,0,0,1
ny,36067012300,36067014300,7,6,6,6,0,0,0,1
ny,36067012600,36067004301,2,2,2,2,0,0,0,0
ny,36067012700,36067011800,0,0,0,0,0,0,0,0
ny,36067012900,36061010801,11,17,16,14,6,6,6,8
ny,36067013000,36011042100,2,2,2,2,0,0,0,1
ny,36067013000,36067012800,1,1,1,1,0,0,0,0
ny,36067013100,36067004302,7,9,9,9,0,0,0,0
ny,36067014200,36053030602,0,0,0,0,0,0,0,0
ny,36067014500,36067005500,4,4,4,4,0,0,0,0
ny,36067014700,36067000100,1,1,1,1,1,1,1,3
ny,36067014800,36067003200,3,3,4,5,0,0,0,0
ny,36067014800,36067013000,1,3,3,3,0,0,0,0
ny,36067015201,36055013104,0,0,0,1,0,0,0,1
ny,36067015202,36067005602,0,0,0,0,0,0,0,0
ny,36067016001,36045061600,6,7,7,7,0,0,0,0
ny,36067016501,36067000100,3,3,3,3,1,1,1,1
ny,36069050204,36055013208,0,0,0,0,0,0,0,0
ny,36069050603,36055004000,0,1,1,2,0,0,0,1
ny,36069050800,36055012800,1,1,1,1,0,0,0,1
ny,36069050900,36055013101,0,0,0,0,0,0,0,0
ny,36069052003,36051030203,0,0,0,0,0,0,0,0
ny,36071000301,36061010000,15,14,11,12,6,6,6,6
ny,36071000501,36027060400,5,4,4,4,0,0,0,1
ny,36071000501,36071010502,7,6,6,6,0,0,0,2
ny,36071001300,36071011000,1,1,1,1,0,0,0,0
ny,36071002100,36071002200,0,0,0,0,0,0,0,0
ny,36071010501,36071011000,4,4,4,4,0,0,0,0
ny,36071010702,36061010900,8,11,13,14,6,6,6,7
ny,36071011000,36111953000,1,1,2,1,0,0,0,0
ny,36071011500,36071001602,0,0,0,0,0,0,0,0
ny,36071011701,36071011302,8,8,8,8,0,0,0,0
ny,36071011702,36061009600,12,16,15,13,6,6,6,10
ny,36071011801,36071013000,17,17,16,14,1,1,1,1
ny,36071012601,36103158505,10,13,16,21,1,2,2,6
ny,36071012900,36071013600,0,0,0,0,0,0,0,0
ny,36071013000,36071000302,9,9,7,8,0,0,0,1
ny,36071013400,36071015003,0,0,0,0,0,0,0,0
ny,36071013400,36079011300,5,7,7,6,0,0,0,0
ny,36071013600,36061008200,7,6,5,5,6,6,6,6
ny,36071013700,36061007600,7,11,13,11,6,6,6,6
ny,36071013900,36087012206,1,1,1,1,0,0,0,0
ny,36071014301,36071011200,4,4,5,5,0,0,0,0
ny,36071014301,36105951701,5,5,6,6,0,0,0,0
ny,36071014302,36087010501,1,2,2,2,0,0,0,0
ny,36071015005,36071015009,0,0,0,0,0,0,0,0
ny,36071015010,36071015003,0,0,0,0,0,0,0,0
ny,36071015100,36105950702,1,1,1,1,0,0,0,0
ny,36071015201,36061006500,10,21,19,18,6,6,6,6
ny,36073040400,36037950200,0,0,0,0,0,0,0,0
ny,36073040500,36063023401,0,0,0,0,0,0,0,0
ny,36073040603,36073040701,2,2,2,2,0,0,0,0
ny,36073040702,36055014802,1,1,1,1,0,0,0,0
ny,36073040802,36055014802,1,1,1,1,0,0,0,0
ny,36073401300,36073040802,0,0,0,0,0,0,0,0
ny,36075020202,36067016300,1,2,2,3,0,0,0,0
ny,36075020600,36061013900,7,9,9,11,6,6,6,7
ny,36075020800,36067002901,3,4,4,4,0,0,0,3
ny,36075021103,36075021101,1,1,1,1,0,0,0,0
ny,36075021104,36067014600,6,6,6,6,0,0,0,1
ny,36077590102,36077590101,0,0,0,0,0,0,0,0
ny,36077591500,36017970300,0,0,0,0,0,0,0,0
ny,36077591602,36017970801,0,0,0,0,0,0,0,0
ny,36079010500,36119014703,0,0,0,0,0,0,0,0
ny,36079010800,36061001300,15,15,15,14,10,12,11,10
ny,36079010800,36119981000,6,9,9,10,0,0,0,1
ny,36079011501,36079011900,0,2,2,3,0,0,0,1
ny,36079011900,36005042100,8,9,9,12,0,0,0,1
ny,36081000600,36005015700,10,15,16,17,2,2,2,2
ny,36081000702,36061000700,4,7,8,15,0,0,0,1
ny,36081002800,36081071600,6,7,10,9,2,2,2,3
ny,36081003301,36061010200,5,5,7,7,2,2,2,2
ny,36081003600,36061008603,9,10,13,12,2,2,2,4
ny,36081004002,36061010900,12,9,7,10,2,2,2,6
ny,36081006100,36061010100,2,2,3,3,2,2,2,4
ny,36081006202,36081016300,3,5,6,6,0,0,0,1
ny,36081007300,36103146500,23,23,22,23,0,0,0,1
ny,36081008100,36061010100,3,3,3,3,2,2,2,4
ny,36081008300,36061010300,8,13,14,14,2,2,2,4
ny,36081008700,36005029600,4,7,7,8,2,2,2,3
ny,36081010300,36047109800,12,15,17,15,0,0,0,4
ny,36081011100,36061013502,5,7,7,10,2,4,4,4
ny,36081012000,36081007500,4,9,10,14,0,0,0,1
ny,36081012100,36059301400,7,8,9,10,1,1,1,1
ny,36081012800,36059300901,5,5,7,6,1,1,1,2
ny,36081013700,36061000900,7,12,15,21,0,0,0,1
ny,36081014000,36081065900,2,3,3,3,0,0,0,1
ny,36081014300,36061003300,6,8,10,10,3,3,3,5
ny,36081015000,36081079200,2,2,2,4,0,0,0,2
ny,36081015300,36061013100,5,5,7,7,2,2,2,2
ny,36081015500,36061001300,11,17,18,16,6,8,7,7
ny,36081015700,36061011300,5,5,7,7,2,2,2,4
ny,36081016300,36061003700,6,7,4,4,2,2,2,3
ny,36081018101,36047000200,4,5,6,11,0,0,0,2
ny,36081018300,36081017901,2,2,2,2,0,0,0,0
ny,36081018501,36081051300,0,0,1,1,0,0,0,0
ny,36081019400,36081071600,2,2,3,3,2,2,2,2
ny,36081021200,36119013000,9,13,14,17,2,2,2,6
ny,36081022001,36059410100,8,7,9,10,0,0,0,2
ny,36081023800,36081099703,1,2,2,2,0,0,0,1
ny,36081025100,36047086800,12,13,12,12,0,0,0,2
ny,36081025100,36061013700,7,7,9,9,2,2,2,2
ny,36081026000,36061001800,14,15,14,15,2,2,2,6
ny,36081026100,36061020901,29,27,20,19,4,4,4,4
ny,36081026502,36059411200,8,10,12,17,0,0,1,5
ny,36081026902,36047023600,5,10,12,17,0,0,1,2
ny,36081026902,36061009300,4,4,4,5,2,2,2,2
ny,36081027102,36081046600,3,4,5,9,0,0,1,4
ny,36081027301,36005002300,8,10,10,10,2,2,2,3
ny,36081027302,36081035700,0,0,0,0,0,0,0,0
ny,36081028100,36047033500,0,1,4,5,0,0,0,0
ny,36081028400,36059410700,5,7,6,8,0,0,0,4
ny,36081028500,36061011203,11,11,12,10,4,4,4,4
ny,36081029500,36081001903,0,0,0,0,0,0,0,0
ny,36081031700,36119007500,9,11,14,15,2,2,2,4
ny,36081032000,36005014900,3,7,12,15,2,2,2,2
ny,36081032800,36047049600,16,18,15,15,0,0,0,2
ny,36081032900,36005006500,8,10,10,10,2,2,2,4
ny,36081033405,36061010900,6,9,11,13,2,2,2,7
ny,36081033405,36081063200,0,2,2,3,0,0,0,0
ny,36081035800,36047080800,15,15,12,12,0,0,0,2
ny,36081035800,36081054800,9,8,7,7,0,0,0,1
ny,36081036300,36047066600,14,12,10,9,0,0,0,0
ny,36081037501,36061006700,10,12,9,9,2,2,2,3
ny,36081040501,36061020300,25,26,21,21,4,4,4,4
ny,36081041400,36047001100,13,13,12,10,0,0,0,6
ny,36081045400,36081044800,0,0,0,0,0,0,0,0
ny,36081045900,36059404300,2,3,5,6,0,0,0,3
ny,36081046200,36071011900,13,18,22,25,2,2,2,8
ny,36081046500,36061009100,6,7,7,7,2,2,2,2
ny,36081046800,36081053200,4,3,5,5,0,0,0,0
ny,36081046902,36081006100,4,4,4,4,0,0,0,0
ny,36081047500,36047098800,7,9,9,8,0,0,0,1
ny,36081047900,36081068300,3,3,3,3,0,0,0,0
ny,36081048400,36061004300,26,25,22,21,2,2,2,5
ny,36081049500,36061013700,6,6,8,8,2,2,2,3
ny,36081049600,36081071600,11,10,10,10,2,2,2,2
ny,36081051600,36059518300,6,6,5,5,0,0,0,0
ny,36081052100,36047081400,6,9,9,8,0,0,0,0
ny,36081052600,36061000700,26,25,26,23,0,0,0,3
ny,36081054200,36047114400,23,19,17,13,0,0,0,1
ny,36081054700,36061009200,9,9,10,11,2,2,2,4
ny,36081054900,36061010300,9,9,10,11,2,2,2,6
ny,36081055100,36081080302,2,2,2,4,0,0,0,3
ny,36081055400,36005008700,2,3,3,5,2,2,2,4
ny,36081055600,36047036700,0,4,5,10,0,0,0,0
ny,36081055700,36061007900,5,6,6,10,2,2,2,3
ny,36081055900,36061006500,6,7,7,10,2,2,2,3
ny,36081055900,36061009903,6,6,7,10,3,3,3,6
ny,36081057700,36061018300,15,15,18,15,4,4,4,4
ny,36081058300,36061000700,7,7,10,11,0,0,0,3
ny,36081058500,36061010100,5,5,6,6,2,2,2,4
ny,36081059501,36061004300,8,8,7,10,2,2,2,3
ny,36081059600,36059517301,7,7,6,6,0,0,0,0
ny,36081060100,36061010200,8,8,11,11,2,2,2,3
ny,36081062700,36047000900,3,3,6,5,0,0,0,2
ny,36081062900,36005023800,2,3,5,8,2,2,2,3
ny,36081064500,36081072900,0,0,0,0,0,0,0,0
ny,36081064600,36061004900,5,8,11,15,2,2,2,6
ny,36081064600,36061007600,8,12,14,12,2,2,2,5
ny,36081066000,36047000200,18,22,19,17,0,0,0,3
ny,36081066301,36061000900,6,8,10,14,0,0,0,1
ny,36081066403,36061018900,18,22,23,23,4,4,4,8
ny,36081066701,36061006800,3,3,3,3,2,2,2,3
ny,36081067900,36061011300,6,6,6,8,2,2,2,4
ny,36081067900,36081012400,6,5,5,5,0,0,0,0
ny,36081069500,36061009200,3,6,7,9,2,2,2,5
ny,36081069702,36081071306,0,0,0,0,0,0,0,0
ny,36081071303,36103122300,19,20,18,21,0,0,0,4
ny,36081071304,36061013800,9,10,13,13,4,4,4,4
ny,36081071304,36081075701,3,4,3,3,0,0,0,0
ny,36081071305,36061009400,3,6,7,9,2,2,2,5
ny,36081071306,36005022901,7,9,11,12,2,2,2,2
ny,36081073900,36061005800,7,9,10,13,2,2,2,2
ny,36081074100,36103112215,4,5,8,13,0,0,0,3
ny,36081077300,36047021200,7,11,12,15,0,0,0,0
ny,36081077902,36061009400,5,8,9,11,2,2,2,2
ny,36081077903,36047093600,4,7,8,11,0,0,0,1
ny,36081077908,36047057901,1,6,7,9,0,0,0,2
ny,36081084602,36081012301,9,11,13,13,0,0,0,2
ny,36081085300,36081000701,12,11,9,7,1,1,1,1
ny,36081085300,36081120100,3,2,2,1,2,1,1,1
ny,36081086300,36081000702,10,10,8,6,0,0,0,0
ny,36081088902,36047060800,24,30,26,22,0,0,0,4
ny,36081090700,36081030904,2,2,2,3,0,0,0,1
ny,36081094500,36061002700,8,11,13,20,3,3,3,5
ny,36081098100,36005001901,7,9,11,12,2,2,2,3
ny,36081099900,36061005600,5,6,6,6,2,2,2,2
ny,36081101004,36061005600,7,11,12,12,2,2,2,5
ny,36081101700,36005009000,2,3,5,6,2,2,2,2
ny,36081114700,36047060800,17,24,22,21,0,0,0,2
ny,36081119300,36047044300,3,4,5,7,0,0,0,0
ny,36081122300,36081071100,0,2,1,1,0,0,0,0
ny,36081122703,36103135303,1,1,2,8,0,0,0,2
ny,36081126500,36061013100,11,11,12,14,2,2,2,3
ny,36081129103,36033950501,15,16,18,19,2,2,2,5
ny,36081129104,36059303600,1,1,1,2,0,0,0,1
ny,36081134701,36047118201,9,8,7,6,0,0,0,0
ny,36081137700,36059404400,0,0,0,1,0,0,0,1
ny,36081139900,36061003100,9,13,13,18,3,3,3,5
ny,36081140902,36061000700,8,13,14,21,0,0,0,3
ny,36081145102,36061015101,22,24,24,20,4,4,4,4
ny,36081150701,36047001100,7,12,13,19,0,0,0,3
ny,36081152902,36059301800,2,2,2,2,0,0,0,0
ny,36081155103,36059302800,0,0,0,0,0,0,0,0
ny,36081155104,36059302800,0,0,0,0,0,0,0,0
ny,36081162100,36081092900,0,1,1,2,0,0,0,1
ny,36083040800,36001000401,1,2,2,2,1,1,1,2
ny,36083040900,36087010601,12,11,11,12,0,0,0,2
ny,36083041300,36083052402,1,1,2,3,0,0,0,1
ny,36083052004,36091060704,3,3,3,3,0,0,0,0
ny,36083052101,36083041300,2,2,2,2,0,0,0,0
ny,36083052203,36001013507,2,2,2,2,0,0,0,0
ny,36083052406,36001001100,3,3,3,3,0,0,0,0
ny,36083052408,36047037000,24,25,23,25,1,2,2,6
ny,36083052502,36001000401,0,2,2,2,0,0,0,1
ny,36083052502,36091061301,0,0,0,0,0,0,0,0
ny,36085000800,36085005000,0,0,0,0,0,0,0,0
ny,36085002900,36085017300,3,3,3,3,0,0,0,0
ny,36085003600,36061012800,10,12,14,18,5,6,6,7
ny,36085004002,36081084902,4,9,19,24,1,2,3,7
ny,36085005901,36081001902,6,8,14,17,1,2,2,5
ny,36085007400,36085014606,2,2,2,2,0,0,0,0
ny,36085008100,36047152200,6,6,11,11,1,2,2,2
ny,36085011201,36081000101,2,6,11,15,1,2,2,3
ny,36085011204,36085001800,0,0,0,0,0,0,0,0
ny,36085011401,36085029102,0,3,5,5,0,0,0,0
ny,36085012200,36047014000,12,10,8,7,1,2,2,2
ny,36085012804,36061001300,10,12,10,10,7,10,9,10
ny,36085012806,36061013100,21,22,21,24,3,4,4,5
ny,36085013204,36085009701,0,1,2,2,0,0,0,0
ny,36085013400,36081077902,20,19,19,25,1,2,2,5
ny,36085013800,36005004200,6,14,20,25,3,4,5,9
ny,36085013800,36047089600,7,9,10,9,1,2,2,2
ny,36085014100,36085029102,2,2,2,2,0,0,0,0
ny,36085014604,36085015601,0,0,0,0,0,0,0,0
ny,36085017007,36061004100,5,6,7,8,3,4,4,6
ny,36085017016,36029009301,16,21,23,27,0,0,0,2
ny,36085017701,36059519702,40,35,34,34,1,2,2,4
ny,36085018100,36061003700,10,10,10,13,3,4,4,6
ny,36085018901,36047044700,8,9,13,14,1,2,2,4
ny,36085019800,36061001501,25,25,21,22,4,5,5,8
ny,36085020100,36061001200,4,5,5,6,3,4,4,6
ny,36085024401,36061011500,6,11,9,6,3,5,6,8
ny,36085024700,36071011000,6,7,7,11,1,1,1,3
ny,36085027702,36047001100,4,6,8,11,1,2,2,3
ny,36085027704,36047044700,8,9,12,13,1,2,2,4
ny,36085027704,36085030302,1,1,2,2,0,0,0,0
ny,36085027705,36081088902,4,8,17,23,1,2,3,8
ny,36087010101,36087010501,0,0,0,0,0,0,0,0
ny,36087010701,36087013101,0,0,0,0,0,0,0,0
ny,36087010802,36119981000,9,9,9,9,0,0,0,2
ny,36087010803,36087011200,0,0,0,0,0,0,0,0
ny,36087010901,36005025500,4,6,6,7,0,0,0,3
ny,36087011000,36061005600,10,10,9,9,6,6,6,6
ny,36087011303,36119981000,10,10,10,11,0,0,0,2
ny,36087011403,36061006200,9,12,14,16,8,8,8,8
ny,36087011405,36087010902,0,0,0,0,0,0,0,0
ny,36087011506,36087012116,3,3,3,3,0,0,0,0
ny,36087011509,36119008602,2,2,2,5,0,0,0,4
ny,36087011602,36087012109,0,0,0,0,0,0,0,0
ny,36087012108,36087012203,0,0,0,0,0,0,0,0
ny,36087012110,36061004700,8,18,16,15,6,6,6,6
ny,36087012113,36061010200,8,7,6,8,6,6,6,6
ny,36087012302,36087012206,0,0,0,0,0,0,0,0
ny,36087012401,36087011102,4,4,4,4,0,0,0,1
ny,36087012506,36061010300,6,11,12,11,6,6,6,6
ny,36087012600,36047000502,18,20,19,20,8,8,8,9
ny,36087012800,36119008500,2,2,2,4,0,0,0,4
ny,36087012800,36119009400,2,2,2,4,0,0,0,4
ny,36089490700,36019101901,7,7,7,7,0,0,0,0
ny,36089490700,36033950200,2,2,2,2,0,0,0,1
ny,36089490800,36065026200,3,3,3,3,0,0,0,0
ny,36089492600,36019103000,5,5,5,5,0,0,0,0
ny,36089492700,36093033004,8,8,8,8,0,0,0,0
ny,36089492900,36033952000,2,2,2,2,0,0,0,0
ny,36091060602,36053031000,2,2,2,2,0,0,0,0
ny,36091060706,36055014202,5,6,7,8,0,0,0,1
ny,36091061202,36065026600,5,5,5,5,0,0,0,0
ny,36091061403,36091061301,1,2,2,2,0,0,0,0
ny,36091061600,36093032403,0,0,0,0,0,0,0,0
ny,36091061701,36027210101,6,6,6,6,1,1,1,2
ny,36091061800,36001001100,1,1,1,2,0,0,0,1
ny,36091062407,36057072800,5,5,5,5,0,0,0,0
ny,36091062503,36061007400,9,12,14,15,4,4,4,6
ny,36091062505,36091062501,0,0,0,0,0,0,0,0
ny,36091062507,36093033400,3,3,3,3,0,0,0,0
ny,36093020800,36001013703,4,4,4,4,1,1,1,1
ny,36093020800,36047019900,13,16,18,21,8,8,8,12
ny,36093020800,36059303102,8,11,13,18,1,2,2,4
ny,36093021600,36093033500,0,0,0,0,0,0,0,0
ny,36093031902,36001013703,1,1,1,1,1,1,1,1
ny,36093032000,36091061702,2,2,2,2,2,2,2,2
ny,36093032402,36083040300,3,3,3,4,0,0,0,0
ny,36093032402,36083052402,4,4,4,4,0,0,0,0
ny,36093032404,36057072100,0,0,0,0,0,0,0,0
ny,36093032404,36091061500,0,0,0,0,0,0,0,0
ny,36093032502,36001000302,6,6,6,6,0,0,0,0
ny,36093033102,36001000302,0,0,0,0,0,0,0,0
ny,36093033102,36071013900,1,1,1,2,0,0,0,1
ny,36095740400,36095740100,0,0,0,0,0,0,0,0
ny,36097950500,36123150101,0,0,0,0,0,0,0,0
ny,36101960900,36003951000,0,0,0,0,0,0,0,0
ny,36101961800,36101962301,0,0,0,0,0,0,0,0
ny,36101962000,36101960600,0,0,0,0,0,0,0,0
ny,36101962100,36067011011,5,5,5,5,0,0,0,1
ny,36101962200,36029009110,0,1,1,1,0,0,0,1
ny,36101962301,36069052200,0,0,0,0,0,0,0,0
ny,36101962700,36101962600,0,0,0,0,0,0,0,0
ny,36101962800,36101962600,0,0,0,0,0,0,0,0
ny,36103110300,36061003700,16,21,21,26,2,2,2,6
ny,36103110501,36061006200,12,18,19,22,0,0,0,5
ny,36103110901,36103110803,2,2,2,2,0,0,0,0
ny,36103111002,36103124602,3,3,3,3,0,0,0,0
ny,36103111102,36059303600,7,9,10,11,0,0,0,0
ny,36103111102,36059520001,4,4,4,4,0,0,0,0
ny,36103111201,36061006800,9,15,20,26,2,2,2,5
ny,36103111402,36103112104,0,0,0,0,0,0,0,0
ny,36103111503,36059518300,1,1,1,1,0,0,0,0
ny,36103111703,36061016800,19,24,24,26,3,3,4,6
ny,36103111803,36103123204,4,4,4,5,0,0,0,3
ny,36103111900,36103123201,0,0,1,2,0,0,0,1
ny,36103112103,36103135005,0,0,0,0,0,0,0,0
ny,36103112104,36061009600,7,13,18,23,2,2,2,6
ny,36103112217,36081146700,0,1,5,7,0,0,1,2
ny,36103112219,36047021100,6,10,14,21,0,0,0,7
ny,36103122407,36005033000,2,4,8,10,2,2,3,4
ny,36103122408,36103146607,3,3,3,3,0,0,0,0
ny,36103122502,36047107001,2,2,4,8,0,0,0,4
ny,36103122603,36059520800,0,0,0,0,0,0,0,0
ny,36103122801,36103146800,0,0,0,0,0,0,0,0
ny,36103122802,36061010400,27,30,30,33,2,2,2,6
ny,36103123101,36103111900,2,2,2,2,0,0,0,0
ny,36103123102,36103122902,0,0,0,0,0,0,0,0
ny,36103123102,36103145701,0,0,0,0,0,0,0,0
ny,36103123701,36059300901,8,9,8,10,1,1,1,3
ny,36103123703,36103146617,0,0,0,0,0,0,0,0
ny,36103124001,36103112215,1,1,1,1,0,0,0,0
ny,36103124101,36061000700,12,16,22,26,0,0,0,5
ny,36103124200,36103201200,0,0,0,0,0,0,0,0
ny,36103124301,36103112002,1,1,1,1,0,0,0,1
ny,36103124601,36059520700,0,0,0,0,0,0,0,0
ny,36103124602,36081013200,39,35,30,26,0,0,0,3
ny,36103134703,36061010000,23,23,23,21,2,2,2,6
ny,36103134909,36029014208,14,18,25,28,3,3,3,8
ny,36103135003,36047069800,35,31,25,23,1,1,1,5
ny,36103135003,36059518204,2,2,2,2,0,0,0,0
ny,36103135103,36001001100,12,15,22,25,0,0,0,0
ny,36103135104,36103110104,0,0,0,0,0,0,0,0
ny,36103135104,36103146500,4,4,4,4,0,0,0,0
ny,36103135306,36103110104,0,0,0,0,0,0,0,0
ny,36103135403,36059413200,1,1,1,1,0,0,0,0
ny,36103135500,36061012500,5,11,16,21,2,2,2,5
ny,36103145703,36103122603,2,2,2,2,0,0,0,0
ny,36103145808,36103134909,0,0,0,0,0,0,0,0
ny,36103146002,36103122300,2,2,2,2,0,0,0,0
ny,36103146002,36103123701,0,0,0,0,0,0,0,0
ny,36103146103,36103147302,0,0,0,0,0,0,0,0
ny,36103146201,36103146106,0,0,0,0,0,0,0,0
ny,36103146203,36103147504,2,2,2,2,0,0,0,0
ny,36103146612,36103146618,2,2,2,2,0,0,0,0
ny,36103146616,36103147901,0,0,0,0,0,0,0,0
ny,36103146616,36103158607,0,0,0,0,0,0,0,0
ny,36103146617,36081005800,9,11,12,14,0,0,0,4
ny,36103146704,36103146902,0,0,0,0,0,0,0,0
ny,36103146901,36103158604,2,2,2,2,0,0,0,0
ny,36103147202,36103145903,1,1,1,1,0,0,0,0
ny,36103147301,36047088200,6,10,13,17,0,0,0,3
ny,36103147302,36103146902,0,0,0,0,0,0,0,0
ny,36103147302,36103147202,0,0,0,0,0,0,0,0
ny,36103147502,36103112218,1,1,1,1,0,0,0,0
ny,36103147504,36103122300,2,2,2,2,0,0,0,0
ny,36103147505,36103112215,2,2,2,2,0,0,0,0
ny,36103147602,36103147502,0,0,0,0,0,0,0,0
ny,36103147702,36103146607,0,0,0,0,0,0,0,0
ny,36103147803,36103122300,2,2,2,2,0,0,0,0
ny,36103147804,36047069800,24,27,24,25,1,1,1,5
ny,36103147804,36103147702,0,0,0,0,0,0,0,0
ny,36103158009,36103158016,0,0,0,0,0,0,0,0
ny,36103158013,36005026400,2,3,7,10,2,2,3,5
ny,36103158017,36103158209,0,0,0,0,0,0,0,0
ny,36103158102,36103158015,0,0,0,0,0,0,0,0
ny,36103158103,36059408100,1,1,1,2,0,0,0,0
ny,36103158111,36103158206,0,0,0,0,0,0,0,0
ny,36103158304,36103135209,0,0,0,0,0,0,0,0
ny,36103158306,36103145701,0,0,0,0,0,0,0,0
ny,36103158320,36103146617,0,0,0,0,0,0,0,0
ny,36103158320,36103147803,0,0,0,0,0,0,0,0
ny,36103158324,36081155104,2,3,4,6,0,0,0,1
ny,36103158325,36059414304,0,0,0,0,0,0,0,0
ny,36103158328,36059304203,1,1,1,2,0,0,0,1
ny,36103158402,36059519702,1,1,1,2,0,0,0,1
ny,36103158402,36085027702,36,34,34,31,3,3,3,6
ny,36103158402,36103159604,1,1,1,1,0,0,0,0
ny,36103158506,36059301400,1,1,4,7,1,1,1,2
ny,36103158512,36103158609,0,0,0,0,0,0,0,0
ny,36103158514,36061010100,5,12,17,23,2,2,2,8
ny,36103158710,36103146616,2,2,2,2,0,0,0,0
ny,36103158711,36103134908,0,0,0,0,0,0,0,0
ny,36103158715,36061000600,8,13,18,24,2,2,2,6
ny,36103158715,36103158711,0,0,0,0,0,0,0,0
ny,36103158805,36103135402,0,0,0,0,0,0,0,0
ny,36103159106,36103146300,0,0,0,0,0,0,0,0
ny,36103159106,36103158407,0,0,0,0,0,0,0,0
ny,36103159106,36103158513,0,0,0,0,0,0,0,0
ny,36103159107,36103158408,1,1,1,1,0,0,0,1
ny,36103159107,36103158805,0,0,0,0,0,0,0,0
ny,36103159109,36103190402,2,1,1,1,0,0,0,0
ny,36103159204,36103112215,0,0,0,1,0,0,0,1
ny,36103159509,36103145804,0,0,0,0,0,0,0,0
ny,36103159511,36103159515,0,0,0,0,0,0,0,0
ny,36103159512,36103122707,0,0,1,1,0,0,0,0
ny,36103159514,36103123201,0,0,0,0,0,0,0,0
ny,36103159517,36103122300,2,2,2,2,0,0,0,0
ny,36103159602,36061009600,5,11,16,22,2,2,2,6
ny,36103159604,36059303101,2,3,4,5,0,0,0,1
ny,36103169905,36103170101,1,2,3,3,0,0,0,1
ny,36103169906,36103159108,1,3,3,3,0,0,0,0
ny,36103170003,36061008300,7,16,21,27,2,2,2,6
ny,36103170006,36061000900,10,18,24,33,0,0,0,7
ny,36103190405,36081010300,4,7,11,15,0,0,1,4
ny,36103190603,36103169706,1,1,1,1,0,0,0,0
ny,36103190706,36103190802,2,2,2,2,0,0,0,0
ny,36103190710,36103190802,2,2,2,2,0,0,0,0
ny,36103200904,36103201005,4,4,4,4,0,0,0,1
ny,36103201009,36103190801,10,10,10,10,0,0,0,0
ny,36105952200,36001001100,4,6,6,6,0,0,0,0
ny,36105952300,36061007300,6,7,7,7,6,6,6,10
ny,36107020702,36109000600,5,6,6,6,0,0,0,0
ny,36109000500,36045061802,3,5,5,5,0,0,0,1
ny,36109001000,36097950400,0,0,0,0,0,0,0,0
ny,36109001600,36109000900,0,0,0,0,0,0,0,0
ny,36109002000,36019101901,2,2,2,2,0,0,0,0
ny,36111952000,36111953300,0,0,0,0,0,0,0,0
ny,36111952400,36103145901,12,15,18,25,1,2,2,6
ny,36111952800,36061001300,10,15,16,16,10,12,11,11
ny,36111953300,36111953500,0,0,0,0,0,0,0,0
ny,36111953400,36111953700,0,0,0,0,0,0,0,0
ny,36111953500,36027140500,0,0,0,1,0,0,0,1
ny,36111953600,36027140201,4,3,3,3,0,0,0,0
ny,36111954200,36061010300,13,18,19,19,6,6,6,7
ny,36113070801,36093032404,1,1,2,2,0,0,0,0
ny,36113071000,36113070603,0,0,0,0,0,0,0,0
ny,36115085000,36111952400,7,6,7,9,0,0,0,2
ny,36117020302,36051030800,0,0,0,0,0,0,0,0
ny,36117020401,36075021401,0,0,0,0,0,0,0,0
ny,36117021100,36055013505,3,5,5,6,0,0,0,2
ny,36119000101,36061000900,19,22,20,20,6,6,6,7
ny,36119001800,36005027900,0,2,2,3,0,0,0,0
ny,36119002000,36061003001,16,16,18,20,4,4,4,4
ny,36119002101,36061008700,14,17,18,17,4,4,4,5
ny,36119002101,36119011200,3,3,3,3,0,0,0,0
ny,36119002104,36119001702,0,0,0,0,0,0,0,0
ny,36119002106,36061009100,14,18,19,18,4,4,4,4
ny,36119002204,36061011203,15,16,16,18,6,6,6,6
ny,36119002401,36103110602,12,14,15,16,3,4,4,7
ny,36119002401,36119013104,6,6,7,9,2,2,2,4
ny,36119002402,36005009600,0,0,0,0,0,0,0,0
ny,36119002403,36119009400,0,1,1,1,0,0,0,0
ny,36119002900,36005014500,22,21,19,17,0,0,0,1
ny,36119003100,36119012303,2,3,3,3,0,0,0,1
ny,36119003700,36061010900,11,14,15,13,4,4,4,4
ny,36119003800,36119009300,0,1,1,1,0,0,0,0
ny,36119003900,36005034000,0,0,0,0,0,0,0,0
ny,36119005002,36061010000,27,27,28,27,4,4,4,4
ny,36119005400,36079011202,6,7,8,8,0,0,0,2
ny,36119005500,36119015100,4,4,4,4,0,0,0,2
ny,36119005800,36081045500,11,13,13,13,1,2,2,2
ny,36119006301,36119003300,1,1,1,1,0,0,0,0
ny,36119006600,36119002000,5,5,4,4,0,0,0,0
ny,36119006700,36061007400,13,16,17,18,4,4,4,4
ny,36119006801,36055011401,13,14,15,18,0,0,0,5
ny,36119007000,36061009500,13,16,17,18,4,4,4,4
ny,36119008100,36119009702,2,2,2,2,0,0,0,0
ny,36119008200,36119002300,3,3,3,3,0,0,0,0
ny,36119008403,36119010803,0,0,0,0,0,0,0,0
ny,36119008602,36061009901,13,13,12,13,4,4,4,4
ny,36119008901,36119007902,1,2,2,2,0,0,0,0
ny,36119009100,36119009000,0,0,0,0,0,0,0,0
ny,36119009100,36119010804,0,0,0,0,0,0,0,0
ny,36119009202,36119011200,0,0,0,0,0,0,0,0
ny,36119009300,36119014701,7,9,10,12,0,0,0,3
ny,36119009400,36061009000,11,14,16,17,4,4,4,5
ny,36119009600,36119012303,2,2,2,2,0,0,0,0
ny,36119010000,36061010200,14,13,11,12,4,4,4,4
ny,36119010903,36119013202,7,7,8,6,0,0,0,1
ny,36119011500,36119011800,3,3,3,3,0,0,0,0
ny,36119012303,36005046203,5,5,5,6,0,0,0,0
ny,36119012501,36119008500,2,2,2,2,0,0,0,0
ny,36119013104,36061001300,22,21,20,21,8,10,9,9
ny,36119013301,36119011902,7,8,7,8,2,2,2,4
ny,36119013600,36103159517,8,10,11,17,1,2,2,5
ny,36119013800,36119014909,2,2,3,3,2,2,2,2
ny,36119014605,36059304001,7,11,12,14,1,2,2,4
ny,36119014703,36081048900,16,18,23,29,2,3,3,4
ny,36119014703,36119014813,0,0,0,0,0,0,0,0
ny,36119014809,36119009300,3,4,4,5,0,0,0,2
ny,36119014810,36087010601,5,4,4,4,0,0,0,0
ny,36119015000,36061004700,19,20,19,23,6,6,6,7
ny,36121970201,36055005600,4,4,4,4,0,0,0,0
ny,36121970202,36037950800,2,2,2,2,0,0,0,0
ny,36121970400,36029980000,9,9,9,9,1,1,1,2
ny,36121970600,36055014700,2,2,2,2,0,0,0,0
oh,39001770301,39001770100,0,0,0,0,0,0,0,0
oh,39001770400,39061027400,15,20,20,19,0,0,0,2
oh,39001770400,39113050503,9,11,11,12,0,0,0,0
oh,39003010300,39003011500,3,4,4,4,0,0,0,0
oh,39003011301,39003011800,1,1,1,1,0,0,0,0
oh,39003011301,39003014100,0,0,0,0,0,0,0,0
oh,39003011302,39091004300,0,0,0,0,0,0,0,0
oh,39003011900,39011040300,1,1,1,1,0,0,0,0
oh,39003012100,39003011600,0,0,0,0,0,0,0,0
oh,39003012300,39049009392,2,3,3,4,0,0,0,2
oh,39003012900,39051040900,4,4,4,4,0,0,0,0
oh,39003013100,39173021601,8,8,8,8,0,0,0,0
oh,39003014100,39003013800,1,1,1,1,0,0,0,0
oh,39005970400,39005970500,0,0,0,0,0,0,0,0
oh,39005970600,39035189110,15,15,16,17,0,0,0,2
oh,39005970700,39017014100,8,12,16,20,2,2,2,5
oh,39005970700,39169002300,3,3,3,2,0,0,0,0
oh,39005970800,39005970400,3,4,4,3,0,0,0,0
oh,39005970800,39043041800,8,8,8,7,0,0,0,0
oh,39005971000,39101000700,5,5,5,6,0,0,0,2
oh,39007000103,39049010100,11,11,13,13,2,2,3,3
oh,39007000900,39055312201,1,1,1,1,0,0,0,0
oh,39007001002,39035161500,7,7,9,10,1,1,1,2
oh,39007001201,39093013101,3,4,8,9,3,3,3,4
oh,39007001401,39035194300,3,3,4,4,0,0,0,1
oh,39009972900,39009973101,2,2,2,2,1,1,1,1
oh,39009973300,39009973000,1,1,1,1,0,0,0,0
oh,39009973500,39049007812,6,9,11,11,0,0,0,0
oh,39009973700,39009973902,3,3,3,3,1,1,1,1
oh,39011040200,39107968000,4,4,4,4,0,0,0,0
oh,39011040300,39159050301,3,3,3,3,0,0,0,1
oh,39011040500,39107967500,1,1,1,1,0,0,0,0
oh,39011041000,39011040900,1,1,1,1,0,0,0,1
oh,39011041201,39149971700,2,2,2,2,0,0,0,0
oh,39013010300,39013012300,1,1,1,1,1,1,1,1
oh,39013010300,39013012400,1,1,1,1,1,1,1,1
oh,39013010600,39009973800,7,8,9,11,0,0,0,0
oh,39013010600,39081011402,1,1,1,1,0,0,0,0
oh,39013010600,39141956300,8,11,12,14,0,0,0,1
oh,39013010902,39013010700,0,0,0,0,0,0,0,0
oh,39013011000,39049003000,1,2,3,4,0,0,0,0
oh,39013011400,39013010100,0,0,0,0,0,0,0,0
oh,39013011400,39081000200,3,3,4,5,1,1,2,4
oh,39015951201,39025040101,0,0,0,0,0,0,0,0
oh,39015951301,39061025103,5,7,7,5,0,0,0,1
oh,39015951900,39025041702,2,2,2,2,0,0,0,0
oh,39017000200,39061022301,7,8,8,8,0,0,0,2
oh,39017000200,39165031601,5,6,6,6,0,0,0,0
oh,39017000400,39061002800,18,17,17,17,1,1,1,2
oh,39017000500,39165031601,3,4,4,4,0,0,0,0
oh,39017001001,39061023901,14,15,15,14,2,2,2,2
oh,39017001002,39061024322,9,10,10,9,2,2,2,2
oh,39017001100,39017010909,5,6,6,4,2,2,2,2
oh,39017001100,39061024001,18,19,19,18,2,2,2,3
oh,39017010103,39017010104,0,0,0,0,0,0,0,0
oh,39017010105,39061026500,12,13,13,14,1,1,1,2
oh,39017010201,39015951700,21,22,23,20,4,4,4,4
oh,39017010202,39017011123,10,11,11,7,2,2,2,2
oh,39017010203,39061021304,6,7,7,8,0,0,0,0
oh,39017010800,39017011123,10,11,11,12,0,0,0,1
oh,39017010901,39061022301,7,8,8,8,0,0,0,2
oh,39017010904,39061023901,6,6,6,6,0,0,0,1
oh,39017010909,39017011131,7,6,6,6,0,0,0,0
oh,39017010909,39061024322,5,4,4,4,0,0,0,1
oh,39017010911,39017010913,4,5,5,5,0,0,0,3
oh,39017010912,39165030504,6,8,8,10,0,0,0,3
oh,39017011003,39061022700,7,7,7,7,0,0,0,1
oh,39017011003,39061023902,10,10,10,10,0,0,0,2
oh,39017011004,39061021801,18,18,18,16,0,0,0,3
oh,39017011112,39017011123,0,0,0,0,0,0,0,0
oh,39017011112,39061021571,7,7,7,6,0,0,0,0
oh,39017011122,39017010909,1,1,1,1,0,0,0,0
oh,39017011123,39061022301,3,3,3,3,0,0,0,1
oh,39017011126,39049001901,11,11,11,12,1,1,1,2
oh,39017011128,39017011136,2,2,2,2,0,0,0,0
oh,39017011130,39061023521,1,1,1,1,0,0,0,0
oh,39017011135,39017010912,4,4,4,4,0,0,0,0
oh,39017011136,39017011125,0,0,1,1,0,0,0,0
oh,39017011136,39061003000,3,3,5,5,0,0,0,0
oh,39017011200,39017011004,6,7,7,9,0,0,0,0
oh,39017011200,39061023100,11,11,11,11,0,0,0,2
oh,39017011300,39113003404,4,4,7,10,0,0,0,5
oh,39017011300,39165032100,9,12,12,14,0,0,0,0
oh,39017011800,39035176100,19,23,28,30,1,1,2,5
oh,39017011800,39113050303,12,12,12,13,1,1,1,4
oh,39017012100,39017014100,3,4,4,4,0,0,0,0
oh,39017012700,39061023501,6,8,11,10,0,0,0,1
oh,39017014000,39017010909,2,4,5,4,1,1,1,1
oh,39017014800,39061022302,11,12,12,9,2,2,2,2
oh,39017015000,39017010912,11,13,13,10,2,2,2,2
oh,39017015100,39061003200,14,14,14,14,0,0,0,1
oh,39017015100,39113010100,12,13,13,14,1,1,1,4
oh,39019720100,39035192900,4,4,5,5,0,0,0,1
oh,39019720500,39049007956,22,26,26,29,0,0,0,0
oh,39019720600,39153508301,4,4,4,4,0,0,0,0
oh,39021010200,39095007202,6,6,6,6,0,0,0,1
oh,39021010600,39159050301,1,1,1,1,0,0,0,0
oh,39021011001,39003014100,3,3,3,3,0,0,0,2
oh,39021011001,39021010600,1,1,1,1,0,0,0,0
oh,39023000200,39023002605,2,2,2,2,0,0,0,0
oh,39023000300,39041010200,4,6,8,9,1,1,1,2
oh,39023000700,39023000400,3,3,3,3,0,0,0,0
oh,39023000901,39023003301,1,1,1,1,0,0,0,0
oh,39023001300,39097040400,0,2,2,2,0,0,0,0
oh,39023001900,39023001600,5,5,5,5,0,0,0,0
oh,39023002000,39093097201,10,11,12,12,0,0,0,2
oh,39023002501,39021010600,3,3,3,3,0,0,0,1
oh,39023002602,39021011505,0,0,0,0,0,0,0,0
oh,39023003002,39109365001,5,6,6,5,0,0,0,0
oh,39023003301,39057210401,3,3,4,4,0,0,0,0
oh,39023003301,39097040400,1,2,2,2,0,0,0,1
oh,39025040101,39089757702,9,10,10,10,0,0,0,1
oh,39025040203,39061000700,8,7,8,8,0,0,0,1
oh,39025040203,39061023522,4,4,4,4,0,0,0,1
oh,39025040205,39025040704,2,2,3,3,0,0,0,1
oh,39025040301,39165032008,3,3,3,3,0,0,0,0
oh,39025040303,39017011131,3,3,3,3,0,0,0,1
oh,39025040401,39061007300,2,3,3,5,1,1,1,1
oh,39025040500,39113120102,19,20,20,23,0,0,0,6
oh,39025040703,39061025402,7,7,7,7,0,0,1,2
oh,39025040900,39025041001,0,0,0,0,0,0,0,0
oh,39025040900,39061023522,7,7,7,7,0,0,1,1
oh,39025041002,39061023902,6,6,6,6,0,0,1,1
oh,39025041104,39015951400,2,2,2,2,0,0,0,0
oh,39025041105,39025041403,7,8,8,6,1,1,1,1
oh,39025041201,39025041306,0,0,0,0,0,0,0,0
oh,39025041202,39061022302,2,4,4,3,1,2,2,1
oh,39025041303,39061020502,5,5,5,5,0,0,0,0
oh,39025041307,39061002300,5,5,5,5,0,0,0,0
oh,39025041403,39061008000,4,4,4,4,1,1,1,1
oh,39025041404,39025041305,3,4,4,2,0,0,0,0
oh,39025041405,39061022500,13,14,14,14,1,1,1,3
oh,39025041503,39061026500,6,8,8,8,0,0,0,2
oh,39025041504,39061000700,4,6,6,6,0,0,0,2
oh,39025041701,39025041202,2,2,2,2,0,0,0,0
oh,39025041702,39061004703,4,4,4,4,0,0,0,0
oh,39027964600,39047925900,1,2,2,2,0,0,0,0
oh,39027964900,39165032400,1,1,1,1,1,1,1,1
oh,39027965100,39041012400,8,11,13,15,1,1,2,3
oh,39029950100,39099813501,0,0,0,0,0,0,0,0
oh,39029950300,39099812001,1,1,1,1,0,0,1,1
oh,39029950500,39029950700,1,1,1,1,0,0,0,0
oh,39029950500,39099813501,2,2,2,2,0,0,0,0
oh,39029950600,39057210201,9,12,14,17,0,0,0,0
oh,39029951300,39029950500,0,0,0,0,0,0,0,0
oh,39029951401,39151711001,3,3,3,3,0,0,0,0
oh,39029951402,39099813900,2,2,3,3,0,0,0,1
oh,39029952000,39035154601,5,5,5,5,0,0,0,1
oh,39029952400,39029950500,0,0,0,0,0,0,0,0
oh,39031960900,39031961200,0,1,1,1,0,0,0,0
oh,39031960900,39157022001,0,0,0,0,0,0,0,0
oh,39033974400,39033974300,0,0,0,0,0,0,0,0
oh,39033974400,39147962800,0,0,0,0,0,0,0,0
oh,39033975000,39049002600,9,9,9,9,1,1,1,1
oh,39033975300,39033975000,0,0,0,0,0,0,0,0
oh,39035101201,39035107101,1,1,1,1,0,0,0,0
oh,39035102101,39035980500,0,0,0,0,0,0,0,0
oh,39035102102,39035137101,0,0,0,0,0,0,0,0
oh,39035102102,39035177609,5,4,4,3,0,0,0,1
oh,39035102401,39093013101,2,3,5,5,3,3,3,3
oh,39035102900,39035107802,0,0,0,0,0,0,0,0
oh,39035105700,39035192900,7,7,7,7,0,0,0,0
oh,39035106600,39035196100,0,0,0,0,0,0,0,0
oh,39035107101,39085201600,2,2,2,6,1,1,1,5
oh,39035115400,39035171102,1,1,1,1,0,0,0,0
oh,39035115800,39173020701,0,0,0,1,0,0,0,1
oh,39035117600,39035104800,2,2,2,3,1,1,1,2
oh,39035118900,39035107802,0,0,0,0,0,0,0,0
oh,39035121500,39035198600,1,1,1,1,0,0,0,0
oh,39035121900,39153532502,6,6,6,6,1,1,1,1
oh,39035122300,39035181201,2,3,5,5,0,0,0,1
oh,39035122300,39093097300,9,11,13,13,0,0,0,1
oh,39035123700,39035189107,5,5,5,5,0,0,0,0
oh,39035123700,39093097201,4,5,5,3,0,0,0,0
oh,39035124500,39035186107,4,4,4,4,0,0,0,0
oh,39035124600,39035177104,4,3,3,3,0,0,0,1
oh,39035130105,39035194300,21,22,22,25,2,3,3,7
oh,39035130106,39035123603,1,2,2,3,2,2,2,3
oh,39035130106,39035156101,7,8,8,9,1,2,2,5
oh,39035131103,39035152605,3,3,3,3,0,0,0,3
oh,39035131103,39035188107,3,4,4,4,0,0,0,1
oh,39035131103,39153506800,5,6,7,7,0,0,1,1
oh,39035131105,39035197200,0,0,0,0,0,0,0,0
oh,39035132200,39035195700,0,0,1,1,0,0,0,0
oh,39035133103,39035195700,0,0,1,1,0,0,0,0
oh,39035133104,39035107701,1,2,2,2,0,0,0,0
oh,39035134100,39035173104,3,3,3,3,0,0,0,1
oh,39035134203,39035175110,5,6,6,6,0,0,0,0
oh,39035134205,39035107701,2,2,2,2,0,0,0,0
oh,39035134205,39035123501,2,2,2,2,0,0,0,0
oh,39035134205,39035197900,2,2,2,2,0,0,0,0
oh,39035134206,39035103602,3,4,4,4,1,1,1,1
oh,39035134300,39035134203,0,0,0,0,0,0,0,0
oh,39035135104,39035135105,3,3,3,3,0,0,0,1
oh,39035135104,39035135106,3,3,3,3,0,0,0,0
oh,39035135105,39035981000,3,3,4,4,0,0,0,2
oh,39035137101,39035132200,3,3,3,3,0,0,0,0
oh,39035138108,39035177304,3,3,3,3,0,0,0,0
oh,39035140100,39035106900,7,8,8,8,0,0,0,0
oh,39035140301,39153533102,19,17,17,16,0,0,0,0
oh,39035140400,39035196800,23,22,22,20,0,0,0,1
oh,39035140400,39035197000,12,10,10,11,0,0,0,4
oh,39035140500,39035185104,2,2,2,3,0,0,0,0
oh,39035140500,39095002800,9,10,10,10,0,0,0,0
oh,39035140701,39035108701,1,2,2,2,0,0,0,0
oh,39035140800,39035981000,8,8,8,8,0,0,0,2
oh,39035141000,39085206500,1,2,2,5,0,0,0,1
oh,39035141602,39035183300,2,3,3,3,0,0,0,0
oh,39035151300,39035152303,2,2,2,3,1,1,1,5
oh,39035151600,39035184104,14,12,12,11,0,0,0,3
oh,39035152101,39093090200,6,7,7,8,0,0,0,2
oh,39035152102,39133600401,8,9,9,8,0,0,0,1
oh,39035152201,39035106800,1,1,2,3,0,0,0,2
oh,39035152302,39085205400,4,4,4,4,0,0,0,0
oh,39035152400,39035199100,1,1,1,1,0,0,0,0
oh,39035153106,39035174105,4,4,4,4,0,0,0,0
oh,39035153107,39035189109,3,3,3,3,0,0,0,3
oh,39035154501,39049009520,6,9,12,15,1,1,1,2
oh,39035154603,39035199200,7,7,8,8,0,0,0,0
oh,39035154604,39035198700,3,3,4,4,0,0,0,0
oh,39035155101,39085206500,3,3,3,3,0,0,0,0
oh,39035155101,39153530105,4,4,4,4,0,0,0,1
oh,39035160900,39035189110,4,5,5,5,1,1,1,1
oh,39035161200,39035107101,9,9,9,9,0,0,0,0
oh,39035161600,39093010200,3,3,4,4,0,0,0,0
oh,39035170201,39035105500,30,31,31,29,0,0,0,0
oh,39035170202,39085201200,2,2,2,2,0,0,0,1
oh,39035171103,39035133104,1,1,1,1,0,0,0,0
oh,39035171103,39035184104,2,2,2,2,0,0,0,1
oh,39035171103,39035194100,1,1,1,1,0,0,0,0
oh,39035171206,39035182104,9,11,11,10,0,0,0,3
oh,39035171206,39153532701,2,2,2,2,0,0,0,0
oh,39035172201,39159050301,7,10,11,11,0,0,1,1
oh,39035173106,39035107701,3,3,3,3,0,0,0,0
oh,39035174103,39035183605,10,10,11,11,0,0,0,1
oh,39035174107,39103415100,7,8,8,8,0,0,0,3
oh,39035174205,39035134203,1,1,1,1,0,0,0,0
oh,39035174205,39055311300,6,6,7,7,0,0,0,2
oh,39035175106,39035132301,6,6,6,6,0,0,0,5
oh,39035175107,39103416200,3,3,3,3,0,0,0,1
oh,39035175108,39035136103,4,4,4,4,0,0,0,0
oh,39035175108,39153508399,17,17,17,17,0,0,0,0
oh,39035175110,39035173107,4,4,4,5,0,0,0,2
oh,39035175110,39035177406,0,0,1,1,0,0,0,0
oh,39035175110,39035196800,17,14,12,10,0,0,0,3
oh,39035175110,39103400100,1,1,1,1,0,0,0,0
oh,39035177101,39035107701,0,0,0,2,0,0,0,2
oh,39035177302,39085206500,3,3,3,7,1,1,1,5
oh,39035177404,39035196800,15,12,10,8,0,0,0,3
oh,39035177405,39035172102,9,9,11,10,0,0,0,3
oh,39035177406,39035102101,1,1,1,2,0,0,0,1
oh,39035177503,39035135106,18,20,19,20,0,0,0,1
oh,39035177505,39035156101,11,11,12,12,0,0,0,4
oh,39035177606,39035197200,4,4,4,4,0,0,0,2
oh,39035177607,39035196200,3,3,3,5,0,0,0,4
oh,39035177608,39035124600,3,3,3,3,0,0,0,1
oh,39035177608,39035183100,0,0,0,2,0,0,0,2
oh,39035177609,39153534000,11,12,12,12,0,0,0,1
oh,39035178102,39035138109,2,2,2,2,0,0,0,1
oh,39035178204,39035186206,4,4,4,5,0,0,0,1
oh,39035178206,39035198000,3,3,3,4,0,0,0,3
oh,39035179101,39035198600,0,0,1,1,0,0,0,0
oh,39035181100,39093013202,4,4,4,4,2,2,2,2
oh,39035181100,39093071202,10,10,10,11,0,0,0,2
oh,39035181201,39035107701,1,2,2,2,0,0,0,1
oh,39035181201,39035173104,6,6,6,6,1,1,1,2
oh,39035181203,39093097201,4,5,5,4,0,0,0,0
oh,39035182103,39035197200,4,6,7,6,0,0,0,0
oh,39035183200,39035103602,2,2,2,2,1,1,1,2
oh,39035183501,39035107701,0,0,0,0,0,0,0,0
oh,39035183501,39035115900,0,1,1,1,0,0,0,0
oh,39035183502,39035197200,0,0,0,1,0,0,0,1
oh,39035183502,39035198500,0,0,0,1,0,0,0,1
oh,39035183604,39035151300,5,5,5,5,0,0,0,0
oh,39035183605,39041011740,7,7,8,8,1,1,2,2
oh,39035184105,39061022301,11,13,17,21,2,2,2,5
oh,39035184108,39085200400,26,26,26,24,0,0,0,1
oh,39035185101,39035107701,7,9,9,9,0,0,0,0
oh,39035185102,39055310600,8,8,8,8,0,0,0,2
oh,39035185104,39035196800,9,7,7,8,0,0,0,2
oh,39035185201,39055312300,12,12,11,11,0,0,0,3
oh,39035186103,39035104800,7,7,7,7,1,1,1,1
oh,39035186103,39035117800,5,5,5,5,0,0,0,0
oh,39035186105,39035110901,3,3,3,3,0,0,0,0
oh,39035186105,39035154501,8,8,8,8,0,0,0,1
oh,39035186203,39035107101,3,3,3,3,0,0,0,2
oh,39035186205,39035186201,0,0,0,0,0,0,0,0
oh,39035186206,39151711900,6,6,6,7,0,0,0,1
oh,39035187104,39035104800,2,2,3,3,1,1,1,1
oh,39035187104,39085202400,13,13,13,13,2,2,2,4
oh,39035189105,39035107802,1,2,2,4,0,1,1,3
oh,39035189105,39035192900,8,9,9,11,0,1,1,3
oh,39035189108,39035197200,4,5,5,6,0,0,0,0
oh,39035190506,39035197200,2,2,2,2,0,0,0,0
oh,39035194100,39153530604,2,2,2,2,0,0,0,0
oh,39035195700,39035132100,1,1,1,1,0,0,0,0
oh,39035195800,39035156101,11,11,11,11,0,0,0,5
oh,39035196200,39035197200,16,16,14,12,0,0,0,0
oh,39035197500,39035108400,2,2,2,2,0,0,0,0
oh,39035197500,39035141300,5,5,5,5,0,0,0,0
oh,39035197500,39035179102,2,2,2,3,1,1,1,3
oh,39035197500,39153532301,3,3,3,3,0,0,0,2
oh,39035197800,39103400100,14,13,12,11,0,0,0,2
oh,39035198800,39035107701,0,0,0,0,0,0,0,0
oh,39035199100,39035981000,11,11,11,11,2,2,2,4
oh,39035199300,39155932900,29,28,28,26,0,0,0,2
oh,39037500100,39149971900,1,2,2,2,0,0,0,0
oh,39037510100,39041011710,11,13,13,13,0,0,0,2
oh,39037530100,39037555101,0,0,0,0,0,0,0,0
oh,39037540100,39035188107,10,13,16,17,0,0,0,2
oh,39037550100,39023002200,2,4,4,4,0,0,0,0
oh,39037555001,39037555101,0,0,0,0,0,0,0,0
oh,39037555101,39037555102,0,0,0,0,0,0,0,0
oh,39037560101,39037555102,0,0,0,0,0,0,0,0
oh,39037560101,39109350102,3,3,4,4,0,0,0,0
oh,39037560102,39061026500,23,22,22,21,0,0,0,1
oh,39039958200,39051040900,1,1,1,1,0,0,0,0
oh,39039958400,39039958100,0,0,0,0,0,0,0,0
oh,39039958600,39049006430,7,8,8,8,0,0,0,0
oh,39039958700,39039958300,0,0,0,0,0,0,0,0
oh,39039958700,39039958500,0,0,0,0,0,0,0,0
oh,39039958900,39039958700,0,0,0,0,0,0,0,0
oh,39041010200,39041011430,7,7,8,9,1,1,1,2
oh,39041010422,39049002000,4,4,4,4,0,0,0,1
oh,39041010422,39049007303,9,11,11,12,1,1,1,3
oh,39041010520,39041011200,1,1,2,2,1,1,1,1
oh,39041010520,39049006386,6,6,5,5,0,0,0,0
oh,39041011412,39049006240,0,0,0,0,0,0,0,0
oh,39041011412,39049010502,1,1,1,1,0,0,0,0
oh,39041011412,39093070700,14,18,21,21,0,0,1,2
oh,39041011423,39057280300,2,2,3,3,0,0,0,0
oh,39041011430,39037530100,7,8,8,7,0,0,0,1
oh,39041011430,39041011562,3,3,3,3,0,0,0,0
oh,39041011430,39101001000,5,7,8,8,0,0,0,1
oh,39041011520,39041011766,6,9,10,10,0,0,0,0
oh,39041011530,39049006430,2,3,3,3,0,0,0,1
oh,39041011540,39049008210,2,4,6,6,0,0,0,0
oh,39041011562,39049010502,8,9,8,7,0,0,0,0
oh,39041011563,39097040400,5,5,5,6,0,0,0,0
oh,39041011563,39165032008,4,5,5,5,0,0,0,1
oh,39041011564,39049007550,7,7,7,7,0,0,0,0
oh,39041011604,39049007213,2,2,2,2,0,0,0,1
oh,39041011604,39049009590,13,15,17,17,0,0,0,1
oh,39041011710,39049007010,0,0,0,0,0,0,0,0
oh,39041011762,39049010100,5,5,5,5,0,0,0,0
oh,39041011763,39061001900,6,9,11,12,0,0,0,2
oh,39041011764,39049007010,4,4,4,4,0,0,0,0
oh,39041012100,39041012300,0,0,0,0,0,0,0,0
oh,39041012200,39109365001,8,8,8,8,0,0,0,0
oh,39041012400,39041011710,10,13,13,13,2,2,2,3
oh,39041012400,39049007114,7,8,10,10,2,2,2,3
oh,39043040100,39165030501,4,5,8,10,0,0,1,4
oh,39043040500,39043041600,3,3,3,3,0,0,0,0
oh,39043040500,39043041701,2,2,2,2,0,0,0,0
oh,39043041100,39043041701,4,4,4,3,0,0,0,1
oh,39043041800,39043041400,5,6,6,6,0,0,0,0
oh,39045030300,39049001121,10,10,10,10,1,1,1,3
oh,39045030300,39095008401,24,27,29,29,1,1,1,5
oh,39045030400,39153532502,5,5,7,7,0,0,1,1
oh,39045030602,39049003600,6,6,6,6,0,0,0,1
oh,39045030602,39049005610,7,7,7,7,0,0,0,2
oh,39045030602,39049009397,13,14,14,13,0,0,0,0
oh,39045030700,39089751600,7,7,8,8,0,0,0,1
oh,39045030800,39049009410,7,8,6,6,0,0,0,0
oh,39045031700,39049009600,5,5,5,5,0,0,0,0
oh,39045032100,39049006396,8,8,8,9,0,0,0,0
oh,39045032703,39041011561,4,4,4,5,0,0,0,1
oh,39045033000,39049009392,4,4,3,3,0,0,0,0
oh,39047926100,39089757401,8,9,9,8,0,0,0,4
oh,39049000220,39049004002,8,8,8,6,0,0,0,1
oh,39049000310,39049006923,0,0,0,0,0,0,0,0
oh,39049000420,39049004301,3,3,3,3,0,0,0,1
oh,39049000730,39049002510,1,1,1,2,0,0,0,1
oh,39049000910,39049007048,3,5,5,5,0,0,0,1
oh,39049001110,39049001121,4,4,5,5,1,1,2,3
oh,39049001121,39049006810,7,7,7,6,1,1,1,1
oh,39049001500,39049002770,0,0,0,0,0,0,0,0
oh,39049001600,39049004002,0,0,0,0,0,0,0,0
oh,39049001700,39041010520,12,12,12,10,0,0,0,3
oh,39049001820,39151711321,16,19,22,22,0,0,1,2
oh,39049001902,39049001121,3,4,4,3,1,1,1,1
oh,39049002000,39049006910,2,1,1,2,0,0,0,3
oh,39049002000,39089753100,1,1,1,1,0,0,0,0
oh,39049002520,39049007966,1,1,1,1,0,0,0,0
oh,39049002760,39049003800,11,11,10,10,0,0,0,0
oh,39049002780,39049003600,0,0,0,1,0,0,0,1
oh,39049003200,39041012400,10,11,11,12,1,1,2,3
oh,39049004200,39049005200,0,0,0,0,0,0,0,0
oh,39049004301,39049006236,4,6,6,5,0,0,0,0
oh,39049004301,39049009495,2,4,5,5,0,0,0,1
oh,39049004500,39049007966,0,0,0,0,0,0,0,0
oh,39049004620,39049008340,0,0,0,0,0,0,0,0
oh,39049005002,39089754104,10,10,10,11,0,0,0,0
oh,39049005620,39049003000,2,2,2,2,0,0,0,0
oh,39049006236,39049006238,2,2,2,2,0,0,0,1
oh,39049006238,39049006384,0,1,2,2,0,0,0,0
oh,39049006240,39049006241,1,1,1,1,0,0,0,0
oh,39049006241,39049007922,1,1,1,1,0,0,0,0
oh,39049006310,39049003800,3,3,3,3,0,0,0,0
oh,39049006323,39049008360,3,3,3,3,0,0,0,0
oh,39049006323,39061010100,2,5,5,7,0,0,0,0
oh,39049006340,39049003000,4,4,4,4,0,0,0,0
oh,39049006340,39049006991,3,3,3,3,0,0,0,0
oh,39049006351,39103415801,16,16,19,19,0,0,1,2
oh,39049006352,39049008242,5,5,5,5,0,0,0,1
oh,39049006372,39049001121,4,4,4,4,1,1,1,1
oh,39049006391,39049001820,0,0,0,0,0,0,0,0
oh,39049006391,39049003000,0,0,0,0,0,0,0,0
oh,39049006393,39049006241,1,1,1,1,0,0,0,0
oh,39049006410,39049006238,3,3,3,3,0,0,0,0
oh,39049006710,39049001121,7,7,7,6,1,1,1,3
oh,39049006721,39049004002,2,3,5,5,0,0,0,3
oh,39049006810,39049006910,0,0,0,0,0,0,0,0
oh,39049006822,39049003000,0,1,3,3,0,0,0,1
oh,39049006923,39049009495,2,3,5,5,0,0,0,2
oh,39049006933,39085204400,12,14,17,18,2,2,3,4
oh,39049006944,39049007397,0,0,1,1,0,0,0,0
oh,39049007041,39041011562,2,2,2,2,0,0,0,0
oh,39049007044,39049003000,3,4,6,6,1,1,1,2
oh,39049007047,39041011604,4,5,5,5,0,0,0,0
oh,39049007112,39049009381,1,1,2,2,1,1,1,1
oh,39049007115,39049005700,3,3,3,3,0,0,0,3
oh,39049007202,39035198200,7,8,9,10,1,1,2,3
oh,39049007202,39049006239,0,0,0,0,0,0,0,0
oh,39049007213,39041012400,8,9,9,10,1,1,2,3
oh,39049007213,39049007198,1,1,1,1,1,1,1,1
oh,39049007213,39049007211,0,0,0,0,0,0,0,0
oh,39049007213,39141956300,18,25,27,26,0,0,0,1
oh,39049007215,39049002600,0,0,0,0,0,0,0,0
oh,39049007215,39049008730,0,0,0,1,0,0,0,1
oh,39049007215,39049010900,0,0,0,0,0,0,0,0
oh,39049007301,39049007427,1,1,1,1,0,0,0,0
oh,39049007302,39049002760,4,4,4,5,0,0,0,0
oh,39049007306,39049004002,5,6,6,6,0,0,0,1
oh,39049007394,39095007802,12,12,14,15,0,0,0,2
oh,39049007398,39089757401,1,1,1,1,0,0,0,0
oh,39049007424,39049006933,1,1,1,1,0,0,0,0
oh,39049007494,39061005702,2,4,4,5,0,0,0,3
oh,39049007520,39049007550,0,0,0,0,0,0,0,0
oh,39049007532,39089757401,5,5,6,5,0,0,0,0
oh,39049007534,39151711900,18,18,19,19,1,1,2,2
oh,39049007740,39049001121,13,13,13,13,1,1,1,1
oh,39049007811,39049007966,4,4,4,4,0,0,0,1
oh,39049007955,39049006239,1,1,1,1,0,0,0,0
oh,39049007960,39049007425,1,1,1,2,1,1,1,2
oh,39049007962,39159050601,0,1,1,1,0,0,0,0
oh,39049007964,39049010502,4,5,6,6,0,0,0,0
oh,39049008001,39049001121,5,5,5,5,1,1,1,2
oh,39049008132,39153506800,17,20,25,26,0,0,1,3
oh,39049008166,39097040400,1,1,1,1,1,1,1,1
oh,39049008167,39049003000,0,0,0,0,0,0,0,0
oh,39049008167,39097040400,1,1,1,1,0,0,0,0
oh,39049008168,39049009391,0,0,0,0,0,0,0,0
oh,39049008170,39049009751,1,1,1,1,0,0,0,0
oh,39049008171,39049007209,4,4,5,6,0,0,0,1
oh,39049008171,39049008172,0,0,0,0,0,0,0,0
oh,39049008171,39113050503,0,0,1,3,0,0,1,3
oh,39049008172,39049009900,8,7,7,7,0,0,0,1
oh,39049008230,39049007426,3,3,3,3,1,1,1,1
oh,39049008350,39049000420,1,1,1,1,0,0,0,0
oh,39049008382,39049007213,9,9,9,9,0,0,0,0
oh,39049008400,39049006237,3,4,5,5,0,0,0,0
oh,39049008500,39049004002,2,2,2,2,0,0,0,1
oh,39049008500,39049008210,2,2,2,2,0,0,0,1
oh,39049008710,39049007966,2,3,3,3,0,0,0,0
oh,39049008825,39017011005,11,13,14,14,1,1,1,1
oh,39049008825,39155933400,12,17,22,25,1,1,2,5
oh,39049009100,39049007302,3,3,3,4,0,0,0,2
oh,39049009230,39049009397,1,1,1,1,0,0,0,0
oh,39049009230,39049980000,1,1,1,1,0,0,0,0
oh,39049009321,39113050107,9,10,10,9,0,0,0,0
oh,39049009326,39035156101,15,15,16,17,1,1,2,5
oh,39049009332,39049001121,6,6,6,6,1,1,1,4
oh,39049009337,39049009385,6,6,6,6,0,0,0,4
oh,39049009350,39041011604,11,11,14,14,0,0,0,1
oh,39049009384,39049009251,4,4,4,3,0,0,0,3
oh,39049009390,39049008360,4,4,4,3,0,0,0,4
oh,39049009391,39049009440,2,2,2,2,0,0,0,0
oh,39049009391,39049009590,2,3,3,3,0,0,0,1
oh,39049009395,39093013101,13,13,14,14,2,2,3,5
oh,39049009401,39049009520,0,0,0,0,0,0,0,0
oh,39049009401,39049010100,1,1,1,1,0,0,0,1
oh,39049009403,39049007114,7,7,7,8,0,0,0,1
oh,39049009405,39061020701,4,8,8,11,0,0,0,2
oh,39049009440,39049009751,2,4,4,4,0,0,0,1
oh,39049009440,39061024100,2,5,6,6,0,0,0,2
oh,39049009498,39045032701,0,0,0,0,0,0,0,0
oh,39049009712,39049007043,2,2,2,2,0,0,0,1
oh,39049009752,39049006396,0,0,0,0,0,0,0,0
oh,39049009753,39049003000,4,5,5,5,0,0,0,0
oh,39049009754,39041011762,6,9,11,12,0,0,0,1
oh,39049009754,39049001700,2,2,2,3,0,0,0,1
oh,39049009754,39049003000,1,2,3,3,0,0,0,0
oh,39049009755,39049006237,2,2,1,1,0,0,0,0
oh,39049009755,39049009361,2,2,1,1,0,0,0,0
oh,39049009900,39041011563,3,5,5,5,0,0,0,0
oh,39049009900,39049007211,2,2,2,2,0,0,0,0
oh,39049010203,39049009386,3,3,3,3,0,0,0,3
oh,39049010204,39049001121,7,7,7,7,1,1,1,4
oh,39049010204,39049003000,2,2,2,2,0,0,0,1
oh,39049010501,39049006722,4,4,5,4,1,1,1,1
oh,39049010602,39049007397,0,0,0,1,0,0,0,1
oh,39049010900,39049007211,2,2,2,2,0,0,0,0
oh,39051040702,39051040500,1,1,1,1,0,0,0,1
oh,39051040702,39069000400,4,4,4,4,0,0,0,0
oh,39051040800,39051040600,0,0,0,0,0,0,0,0
oh,39051040900,39051040702,1,1,1,1,0,0,0,0
oh,39053953700,39087051300,0,0,0,0,0,0,0,0
oh,39053953902,39141955604,2,3,3,3,0,0,0,0
oh,39053954000,39053953901,0,0,0,0,0,0,0,0
oh,39055310800,39035108301,47,47,46,42,0,0,0,1
oh,39055310800,39035194300,3,3,3,3,0,0,0,1
oh,39055311900,39055311400,0,0,0,0,0,0,0,0
oh,39055312000,39055311300,0,0,0,0,0,0,0,0
oh,39055312201,39055310800,2,2,2,2,0,0,0,0
oh,39057200300,39113110100,3,3,3,3,0,0,0,0
oh,39057200400,39057200300,0,0,0,0,0,0,0,0
oh,39057200901,39113100400,2,3,3,3,0,0,0,0
oh,39057210101,39063000700,9,10,11,12,0,0,0,3
oh,39057210202,39035196000,16,20,21,22,0,0,1,1
oh,39057210300,39141956300,4,5,5,5,1,1,1,1
oh,39057210401,39057280300,5,6,6,6,0,0,0,0
oh,39057210401,39113001501,13,14,13,12,0,0,0,0
oh,39057210500,39113050106,6,7,7,6,0,0,0,2
oh,39057220102,39061021571,5,7,8,8,0,0,0,2
oh,39057220102,39145003500,1,1,1,1,0,0,0,0
oh,39057220201,39049009751,1,1,1,1,0,0,0,0
oh,39057240700,39113001900,0,1,2,3,0,0,0,2
oh,39057260100,39165031603,2,2,2,3,0,0,0,0
oh,39057280300,39061022302,0,1,3,5,1,2,3,5
oh,39059977800,39059977900,0,0,0,0,0,0,0,0
oh,39061000200,39165032009,3,3,3,7,1,1,1,3
oh,39061001000,39049003000,1,2,3,7,0,0,0,4
oh,39061001600,39061000900,0,0,0,0,0,0,0,0
oh,39061002200,39061023001,3,3,4,5,1,1,1,1
oh,39061003300,39049007965,6,5,5,9,0,0,0,4
oh,39061003800,39061026500,0,0,0,0,0,0,0,0
oh,39061003900,39061024402,2,2,2,4,1,1,1,3
oh,39061004602,39009973600,6,7,9,9,0,0,0,0
oh,39061004604,39061006501,0,0,0,0,0,0,0,0
oh,39061004703,39061026500,0,0,0,0,0,0,0,0
oh,39061004900,39061005000,0,0,0,0,0,0,0,0
oh,39061004900,39061023100,8,9,9,9,1,1,1,4
oh,39061004900,39165032008,2,2,2,4,0,0,0,3
oh,39061005000,39017011122,9,11,11,12,0,0,0,1
oh,39061005000,39061005100,0,0,0,0,0,0,0,0
oh,39061005302,39061000700,0,0,0,0,0,0,0,0
oh,39061005500,39061000700,0,0,0,0,0,0,0,0
oh,39061005600,39061021701,4,4,4,5,0,0,0,2
oh,39061005701,39165032008,6,7,7,8,0,0,0,4
oh,39061006800,39017011134,8,9,9,9,0,0,0,0
oh,39061006900,39061025402,1,1,1,1,0,0,0,0
oh,39061007300,39061026500,0,0,0,0,0,0,0,0
oh,39061007400,39061022602,2,2,2,2,0,0,0,0
oh,39061008000,39049009900,3,6,8,13,0,0,0,4
oh,39061008201,39061022302,8,8,8,10,0,0,0,3
oh,39061008300,39017011131,12,12,13,13,1,1,1,2
oh,39061008601,39061027200,0,0,0,0,0,0,0,0
oh,39061008800,39035107701,11,17,22,27,0,0,1,5
oh,39061009902,39017011123,8,9,9,9,0,0,0,0
oh,39061009902,39061027100,0,0,0,0,0,0,0,0
oh,39061010003,39061024002,6,7,7,9,0,0,0,1
oh,39061010202,39061025300,1,2,2,2,0,0,0,0
oh,39061010900,39061010700,0,0,0,0,0,0,0,0
oh,39061011000,39061023522,0,0,0,2,0,0,0,2
oh,39061011000,39061027600,3,3,3,3,0,0,0,3
oh,39061020404,39061026300,3,3,3,3,0,0,0,1
oh,39061020501,39017011300,7,15,15,14,1,1,1,1
oh,39061020601,39061026500,2,2,2,2,0,0,0,0
oh,39061020603,39061004703,3,3,3,3,0,0,0,2
oh,39061020603,39061021002,1,1,2,2,0,0,0,0
oh,39061020603,39165031500,10,10,11,11,0,0,0,3
oh,39061020701,39017011200,9,17,17,16,0,0,0,2
oh,39061020705,39025040500,14,15,15,16,1,1,1,3
oh,39061020707,39017011109,9,12,12,11,0,0,0,1
oh,39061020741,39165032008,5,5,5,5,0,0,0,3
oh,39061020742,39017011123,8,10,10,9,0,0,0,0
oh,39061020742,39061026200,2,2,2,2,0,0,0,2
oh,39061020764,39061001100,1,1,1,1,0,0,0,0
oh,39061020764,39061024002,2,3,3,5,0,0,0,4
oh,39061020802,39061021102,0,0,0,0,0,0,0,0
oh,39061020811,39017014100,15,25,26,24,1,1,1,3
oh,39061020901,39061025800,1,1,1,1,0,0,0,0
oh,39061021101,39061021509,6,6,6,6,0,0,0,0
oh,39061021102,39061025800,1,1,1,1,0,0,0,1
oh,39061021401,39061010900,2,2,2,2,0,0,0,0
oh,39061021401,39061025700,2,2,2,2,0,0,0,0
oh,39061021506,39173021602,11,12,13,18,0,0,0,6
oh,39061021508,39017010913,0,0,0,0,0,0,0,0
oh,39061021572,39061023521,10,10,10,10,0,0,0,0
oh,39061021701,39061006000,5,5,5,5,0,0,0,2
oh,39061021802,39061000700,2,2,2,2,0,0,0,0
oh,39061022101,39061022000,1,1,1,1,0,0,0,0
oh,39061022400,39017011123,3,4,4,4,0,0,0,0
oh,39061022500,39061023001,5,4,5,6,1,1,1,2
oh,39061022700,39165032003,5,5,5,5,0,0,0,0
oh,39061023002,39035107701,9,13,18,21,0,0,1,3
oh,39061023002,39061026800,5,5,5,5,0,0,0,1
oh,39061023201,39025041306,13,15,18,18,0,0,0,1
oh,39061023501,39061024001,1,2,2,2,0,0,0,0
oh,39061023701,39061024200,5,6,7,7,0,0,0,3
oh,39061023702,39061000700,4,4,4,4,0,0,0,3
oh,39061023800,39061000700,4,4,4,4,0,0,0,3
oh,39061024100,39061002800,3,3,3,3,0,0,0,0
oh,39061024324,39061023522,2,3,3,4,0,0,0,0
oh,39061024700,39049008500,4,4,4,6,0,0,0,2
oh,39061024700,39061027600,0,0,0,0,0,0,0,0
oh,39061025001,39025041104,7,9,9,7,0,0,0,0
oh,39061025101,39061023501,6,6,6,6,0,0,0,0
oh,39061025102,39025040404,5,7,7,6,0,0,0,0
oh,39061025103,39049007205,10,12,14,13,0,0,0,3
oh,39061025402,39061025600,0,0,0,0,0,0,0,0
oh,39061025600,39061026500,1,1,1,1,0,0,0,0
oh,39061025800,39061022500,6,6,6,6,1,1,1,2
oh,39061026001,39061027600,0,0,0,0,0,0,0,0
oh,39061026002,39049003000,0,1,2,4,0,0,0,2
oh,39061026103,39025041104,4,6,7,6,0,0,0,0
oh,39061026104,39061022301,3,3,3,3,0,0,0,1
oh,39061027100,39061026700,4,4,4,4,0,0,0,0
oh,39061027700,39061001900,1,1,1,1,0,0,0,0
oh,39061027700,39061005301,1,1,1,1,0,0,0,0
oh,39063000100,39173022200,0,0,0,0,0,0,0,0
oh,39063000200,39147963100,0,0,0,0,0,0,0,0
oh,39063000500,39063000800,0,0,0,0,0,0,0,0
oh,39063000600,39049007812,5,5,6,6,0,0,0,1
oh,39063000700,39049007941,4,4,4,4,0,0,0,0
oh,39063001000,39063000200,0,0,0,0,0,0,0,0
oh,39063001000,39063000302,0,0,0,0,0,0,0,0
oh,39063001000,39143962000,2,2,2,2,0,0,0,0
oh,39063001100,39095010600,1,1,1,1,0,0,0,1
oh,39063001200,39003010100,0,0,0,0,0,0,0,0
oh,39063001300,39093070200,2,2,2,2,0,0,0,0
oh,39065000300,39003014100,1,1,1,1,0,0,0,0
oh,39065000300,39065000402,0,0,0,0,0,0,0,0
oh,39067975700,39031961400,1,3,3,3,0,0,0,0
oh,39067975700,39119911602,2,4,4,4,0,0,0,0
oh,39069000100,39095007104,1,2,3,3,0,0,0,0
oh,39069000500,39051040900,2,3,3,3,0,0,0,0
oh,39071954400,39047926400,0,0,0,0,0,0,0,0
oh,39071954500,39047925900,2,2,3,3,0,0,0,0
oh,39071955101,39113001501,5,7,8,8,0,0,0,2
oh,39071955200,39071954800,0,0,0,0,0,0,0,0
oh,39073965400,39073965200,0,0,0,0,0,0,0,0
oh,39075976401,39075976801,0,0,0,0,0,0,0,0
oh,39075976402,39151714801,1,1,1,1,0,0,0,0
oh,39075976403,39075976402,0,0,0,0,0,0,0,0
oh,39075976700,39033974400,5,5,5,5,0,0,0,0
oh,39075976700,39049006396,12,11,11,11,0,0,0,0
oh,39075976801,39097040102,5,6,6,9,0,0,0,1
oh,39077915700,39049009350,12,12,14,14,1,1,1,1
oh,39077916100,39077915600,0,0,0,0,0,0,0,0
oh,39077916400,39035184104,4,4,5,6,0,0,0,2
oh,39077916400,39139002800,0,0,0,0,0,0,0,0
oh,39079957400,39087050200,0,0,0,0,0,0,0,0
oh,39079957600,39047925900,0,0,1,2,0,0,0,1
oh,39079957700,39079957200,0,0,0,0,0,0,0,0
oh,39079957700,39093071202,17,22,26,27,0,0,0,0
oh,39081001200,39081001000,1,1,1,1,0,0,0,0
oh,39081011500,39081001200,0,0,0,0,0,0,0,0
oh,39081011900,39093071400,11,12,13,14,0,1,1,1
oh,39083006700,39089754700,0,0,0,0,0,0,0,0
oh,39083006801,39041011765,4,4,4,4,0,0,0,0
oh,39083006802,39139000600,1,2,2,3,0,0,0,2
oh,39083007702,39049006722,6,6,7,7,0,0,0,0
oh,39085200100,39035184104,3,4,4,4,0,0,0,2
oh,39085200100,39055312201,2,2,2,2,0,0,0,0
oh,39085200100,39155931000,8,10,10,10,0,0,0,0
oh,39085200200,39085205002,2,2,2,2,0,0,0,1
oh,39085200300,39035140302,1,1,2,2,0,0,0,0
oh,39085200500,39035198600,16,15,15,13,0,0,0,0
oh,39085200700,39085201200,5,4,4,4,1,1,2,2
oh,39085200700,39085206500,1,2,2,2,1,1,2,2
oh,39085201400,39035194300,5,5,5,5,0,0,0,1
oh,39085201400,39085206500,5,5,5,5,0,0,0,0
oh,39085202000,39085206500,0,1,1,1,0,0,0,0
oh,39085202400,39085201700,2,2,2,2,0,0,0,0
oh,39085202600,39085205100,2,2,2,3,0,0,0,1
oh,39085202901,39085201000,6,6,6,6,1,1,1,3
oh,39085203500,39035194500,1,1,1,1,0,0,0,0
oh,39085204700,39055312201,2,3,3,2,0,0,0,0
oh,39085204800,39035156101,3,4,8,11,0,0,0,6
oh,39085204800,39085206500,1,2,2,2,0,1,1,1
oh,39085204900,39085202100,8,8,8,8,0,0,0,0
oh,39085205002,39095007302,4,5,8,9,0,0,0,1
oh,39085205100,39055312300,1,1,1,1,0,0,0,0
oh,39085205300,39035192900,2,3,4,4,0,0,0,1
oh,39085206500,39085202800,0,0,0,0,0,0,0,0
oh,39085206500,39151711900,3,3,4,4,0,0,1,2
oh,39085206500,39153532703,1,1,2,2,0,0,1,2
oh,39087050502,39109365002,5,7,11,13,0,0,0,1
oh,39087051200,39035107701,8,12,14,14,0,0,0,0
oh,39087051200,39049009600,15,16,16,16,0,0,0,0
oh,39087051200,39165032008,5,5,5,5,1,1,1,1
oh,39089752802,39089751600,4,5,5,6,0,0,0,1
oh,39089753100,39089753302,0,0,0,0,0,0,0,0
oh,39089753900,39049009361,6,6,6,6,0,0,0,0
oh,39089754104,39049007494,7,7,7,11,0,0,0,0
oh,39089754700,39145003800,7,8,8,8,0,0,0,0
oh,39089755000,39041011762,6,6,6,6,0,0,0,0
oh,39089755000,39049006238,7,9,9,9,1,1,1,2
oh,39089755000,39049007213,3,3,3,3,0,0,0,0
oh,39089755000,39049007427,13,16,17,16,0,0,0,1
oh,39089755901,39049003000,2,3,3,3,0,0,0,1
oh,39089757100,39045030400,3,3,3,3,0,0,0,0
oh,39089757401,39049008241,4,4,4,4,0,0,0,2
oh,39089757702,39089757701,0,0,0,0,0,0,0,0
oh,39089757702,39157021501,3,4,4,4,0,0,0,1
oh,39089758300,39049009385,4,5,5,5,0,0,0,1
oh,39089758901,39083007600,4,4,4,4,0,0,0,0
oh,39089758902,39093070901,7,8,8,9,0,0,0,0
oh,39089759102,39049007830,5,5,5,5,0,0,0,0
oh,39089759102,39089757702,1,1,1,1,0,0,0,0
oh,39091003900,39159050301,0,0,0,0,0,0,0,0
oh,39091004300,39109315002,2,2,2,2,0,0,0,0
oh,39091004300,39149971700,0,0,0,0,0,0,0,0
oh,39091004400,39171950700,10,10,10,10,0,0,0,0
oh,39091004500,39159050301,1,1,1,1,0,0,0,0
oh,39091004800,39159050301,3,3,3,3,0,0,0,0
oh,39093010300,39035189110,3,3,3,4,0,0,0,3
oh,39093010400,39035107701,3,4,4,6,0,1,1,4
oh,39093013101,39035194300,23,24,24,27,3,4,4,8
oh,39093013101,39049006239,10,12,13,16,1,1,1,2
oh,39093013202,39049007113,18,19,19,18,2,2,2,3
oh,39093022100,39093091200,5,6,6,7,0,0,0,1
oh,39093022100,39093097402,2,2,2,2,0,0,0,0
oh,39093022400,39035186205,11,11,11,11,0,0,0,1
oh,39093022400,39093097500,4,4,4,4,1,1,1,1
oh,39093023200,39093077100,4,4,4,4,0,0,0,0
oh,39093023600,39093071202,6,7,7,7,0,0,0,1
oh,39093024100,39035196800,19,17,15,15,0,0,0,1
oh,39093024200,39035124201,6,7,7,9,0,0,0,0
oh,39093030102,39093050200,1,1,1,1,1,1,1,1
oh,39093050301,39035141602,2,4,4,6,0,0,0,0
oh,39093060100,39139001900,7,7,7,7,0,0,0,0
oh,39093070600,39093071500,1,1,1,1,0,0,0,0
oh,39093070700,39093097600,0,0,0,0,0,0,0,0
oh,39093071100,39035135106,7,9,9,9,1,1,1,1
oh,39093071100,39035189110,10,10,10,10,0,0,0,2
oh,39093071201,39093094101,1,1,1,1,0,0,0,0
oh,39093071201,39153506100,13,14,14,15,0,0,0,1
oh,39093071202,39035197200,3,3,3,3,0,0,0,0
oh,39093071400,39093097300,4,4,4,4,0,0,0,0
oh,39093071500,39035177104,5,4,4,3,1,1,1,2
oh,39093080101,39035197200,6,7,7,7,0,0,0,0
oh,39093080103,39035107701,6,7,7,7,0,0,0,0
oh,39093080104,39035178205,7,8,8,9,0,0,0,0
oh,39093080600,39085203700,2,3,3,6,1,1,1,5
oh,39093080600,39095000900,0,0,0,1,0,0,0,1
oh,39093080701,39035137101,2,2,2,2,0,0,0,0
oh,39093090100,39035138106,3,3,3,3,0,0,0,0
oh,39093093100,39099812604,11,13,13,13,0,0,0,0
oh,39093094102,39035182104,3,2,2,2,0,0,0,0
oh,39093094102,39093070700,2,2,2,2,0,0,0,1
oh,39093095100,39035197200,2,3,3,3,0,0,0,0
oh,39093097202,39043041100,4,4,4,4,1,1,1,1
oh,39093097300,39035980500,1,1,1,1,0,0,0,0
oh,39093097401,39093010300,1,1,1,1,0,0,0,0
oh,39093097401,39093097402,2,2,2,2,0,0,0,0
oh,39093097401,39133600401,5,6,6,8,0,0,0,1
oh,39095000201,39095000900,0,0,0,0,0,0,0,0
oh,39095000702,39095005704,1,1,1,1,0,0,0,0
oh,39095001001,39095009901,0,1,1,1,0,0,0,1
oh,39095001100,39095001303,3,3,3,3,3,3,3,3
oh,39095001201,39095001002,1,1,2,2,0,0,0,0
oh,39095001201,39095006600,2,2,2,2,0,0,0,0
oh,39095001302,39043041400,10,11,13,15,0,0,0,0
oh,39095002402,39095007104,3,4,4,4,0,0,0,0
oh,39095003901,39095007104,2,3,3,3,0,0,0,0
oh,39095004501,39123051100,4,5,5,5,0,0,0,0
oh,39095004600,39095006500,4,4,4,4,0,0,0,1
oh,39095004600,39173020100,2,2,2,2,0,0,0,0
oh,39095004701,39173020100,1,1,1,1,0,0,0,1
oh,39095005000,39173021000,0,0,0,0,0,0,0,0
oh,39095005801,39095008100,2,2,2,2,0,0,0,1
oh,39095005801,39173020601,9,9,10,11,1,1,1,2
oh,39095005901,39051040200,6,7,7,7,0,0,0,0
oh,39095005902,39095002600,2,2,2,2,0,0,0,1
oh,39095005902,39095009206,4,5,5,5,0,0,0,0
oh,39095006000,39095005602,4,4,4,4,0,0,0,1
oh,39095006801,39095002800,3,3,3,3,0,0,0,0
oh,39095007003,39063000902,2,3,4,4,1,1,1,1
oh,39095007004,39061022301,3,5,8,11,2,3,4,8
oh,39095007102,39095001100,5,7,7,7,2,2,2,3
oh,39095007104,39049005700,6,7,8,9,0,1,1,2
oh,39095007104,39095001303,6,7,7,7,1,1,1,2
oh,39095007206,39095009002,2,4,4,4,0,0,0,0
oh,39095007306,39095002800,4,4,4,4,0,0,0,0
oh,39095007306,39095009002,1,1,1,1,0,0,0,0
oh,39095007307,39095007306,0,0,0,0,0,0,0,0
oh,39095007307,39173020701,6,8,8,8,0,0,0,0
oh,39095008000,39095008402,0,1,1,1,0,0,0,1
oh,39095008209,39095001301,5,6,7,7,0,0,0,2
oh,39095008209,39095002800,6,6,6,6,0,0,0,1
oh,39095008601,39101001000,9,10,11,11,0,0,0,3
oh,39095008602,39095009205,3,4,4,4,0,0,0,0
oh,39095008702,39095001100,9,9,9,9,2,2,2,2
oh,39095008703,39095006600,4,4,4,4,0,0,0,0
oh,39095008802,39095007104,2,2,2,2,0,0,0,1
oh,39095008903,39003011200,8,8,8,8,0,0,0,0
oh,39095008903,39051040200,1,1,1,1,0,0,0,0
oh,39095009003,39041012400,13,15,17,18,2,2,3,5
oh,39095009003,39061020504,1,2,5,8,2,3,4,7
oh,39095009103,39095007306,1,1,1,1,0,0,0,0
oh,39095009204,39095001303,8,8,8,8,1,1,1,4
oh,39095009205,39095008207,1,1,1,1,0,0,0,0
oh,39095009300,39151712113,12,13,14,14,0,0,0,2
oh,39095009500,39049007957,12,13,13,13,0,0,0,0
oh,39095009901,39095009700,0,0,0,0,0,0,0,0
oh,39095009901,39095009800,0,0,0,0,0,0,0,0
oh,39097040102,39049009392,0,0,0,1,0,0,0,1
oh,39097040102,39173020602,10,10,10,10,0,0,0,1
oh,39097040500,39049008210,4,4,6,6,0,0,0,0
oh,39097040500,39097040600,1,1,1,1,1,1,1,1
oh,39097041200,39021011505,5,5,5,5,1,1,1,1
oh,39099810600,39099801100,4,4,4,4,0,0,0,0
oh,39099810700,39099812001,4,4,4,4,0,0,0,1
oh,39099811901,39099814000,0,0,0,0,0,0,0,0
oh,39099811902,39099812500,1,1,1,1,0,0,0,1
oh,39099812101,39099813700,6,6,7,7,0,0,0,0
oh,39099812102,39035189111,0,0,0,0,0,0,0,0
oh,39099812200,39095008802,6,6,6,6,1,1,1,1
oh,39099812302,39035186201,2,2,2,2,1,1,1,1
oh,39099812700,39099814000,1,1,1,1,0,0,0,0
oh,39099812700,39117965501,2,2,3,6,0,0,0,6
oh,39099813300,39155931300,4,4,4,4,0,0,0,0
oh,39099813502,39099813700,2,2,2,2,0,0,0,0
oh,39099813601,39099811902,0,0,0,0,0,0,0,0
oh,39099814000,39155932900,9,9,9,9,0,0,0,0
oh,39101000300,39101010500,2,3,3,3,0,0,0,1
oh,39101000502,39101001000,4,5,5,5,0,0,0,0
oh,39101000600,39101001000,2,2,2,2,0,0,0,0
oh,39101000900,39101010201,2,2,2,2,0,0,0,0
oh,39101001100,39101000900,0,1,1,1,0,0,0,1
oh,39103402000,39123050800,5,8,8,8,0,0,0,0
oh,39103403002,39035189108,6,6,6,6,0,0,0,0
oh,39103404000,39035183605,6,5,5,6,0,0,0,3
oh,39103404000,39103415200,2,2,2,2,0,0,0,1
oh,39103407000,39035196100,18,19,19,19,0,0,0,0
oh,39103407000,39153508301,3,3,3,4,0,0,0,1
oh,39103408001,39035156101,23,23,24,24,0,0,0,2
oh,39103408101,39035107701,2,2,2,2,0,0,0,1
oh,39103408201,39035981100,3,3,3,3,0,0,0,0
oh,39103413000,39153506800,2,2,2,3,0,0,0,1
oh,39103415801,39035123700,6,6,6,6,0,0,0,0
oh,39103416000,39103400100,1,2,2,2,0,0,0,0
oh,39103416300,39103415300,0,0,0,0,0,0,0,0
oh,39103416300,39153532902,6,7,7,8,0,0,0,0
oh,39103417200,39035154501,2,2,3,3,0,0,0,1
oh,39103417200,39103408201,4,5,5,5,0,0,0,0
oh,39105964200,39049009440,13,16,17,17,0,0,0,0
oh,39105964400,39113003404,1,3,6,8,0,0,0,3
oh,39107967700,39063000500,2,2,3,3,0,0,0,0
oh,39107967900,39149972300,5,5,5,5,0,0,0,0
oh,39109315001,39109300100,0,0,0,0,0,0,0,0
oh,39109325000,39109300100,0,0,0,0,0,0,0,0
oh,39109330100,39109350101,1,1,2,2,0,0,0,0
oh,39109345000,39113080700,18,19,19,17,1,1,1,3
oh,39109365101,39109365302,1,1,1,1,0,0,0,0
oh,39109365101,39113040401,3,3,3,5,0,0,0,2
oh,39109365200,39109315002,1,2,2,2,0,0,0,0
oh,39109365200,39113021301,3,3,3,4,0,0,0,1
oh,39109365200,39165030501,0,0,1,4,0,0,1,4
oh,39109380100,39023001900,3,3,3,4,0,0,0,1
oh,39113000200,39049008500,2,2,2,3,0,0,0,2
oh,39113000500,39113100102,3,4,5,5,1,1,1,2
oh,39113001200,39113050301,1,1,2,4,0,0,0,0
oh,39113002300,39035174205,7,9,10,11,0,0,1,1
oh,39113002400,39023002800,8,8,8,9,0,0,0,0
oh,39113003201,39109365001,4,5,6,5,0,0,0,1
oh,39113004300,39113003404,0,0,0,0,0,0,0,0
oh,39113010200,39061006300,2,3,4,4,1,2,2,2
oh,39113020100,39165030901,5,5,4,4,0,0,0,1
oh,39113020300,39113050107,2,2,2,2,0,0,0,0
oh,39113020700,39061023522,10,13,14,19,1,2,2,3
oh,39113020800,39027964700,12,17,18,18,0,0,0,2
oh,39113021302,39113003500,5,6,6,6,0,0,0,1
oh,39113021800,39113050503,5,5,5,7,0,0,0,2
oh,39113030100,39057210401,15,16,17,19,0,0,0,3
oh,39113040203,39113021602,1,1,1,1,0,0,0,1
oh,39113040303,39109365301,14,14,15,15,0,0,0,1
oh,39113040303,39113040401,2,2,2,2,0,0,0,0
oh,39113040306,39113050301,8,8,8,10,0,0,0,0
oh,39113040403,39113020200,7,7,7,7,0,0,0,0
oh,39113040406,39057210102,2,2,2,2,0,0,0,0
oh,39113040406,39113050504,4,4,4,4,0,0,0,0
oh,39113050105,39113001501,2,2,2,2,0,0,0,1
oh,39113050105,39113050107,2,2,2,3,0,0,0,0
oh,39113050301,39099812101,12,15,17,21,0,0,1,1
oh,39113050401,39113020400,2,4,4,4,0,0,0,1
oh,39113050402,39113001501,1,2,2,4,0,0,0,2
oh,39113050503,39049007043,0,1,1,3,0,0,0,2
oh,39113060200,39113040103,2,2,2,2,0,0,0,0
oh,39113060300,39113001700,2,2,2,2,0,0,0,0
oh,39113070500,39113001501,1,1,1,2,0,0,0,0
oh,39113070600,39109365200,2,4,5,5,0,0,0,1
oh,39113080100,39113165100,2,2,2,2,0,0,0,0
oh,39113080200,39113100101,5,6,6,6,1,1,1,2
oh,39113080300,39113004600,6,5,5,5,0,0,0,0
oh,39113080400,39057210602,5,6,7,7,0,0,0,1
oh,39113080500,39113120101,7,7,7,5,0,0,0,0
oh,39113090302,39113090700,5,5,5,5,1,1,1,1
oh,39113090302,39165032009,14,14,16,19,2,3,4,7
oh,39113090304,39113001501,3,3,3,3,0,0,0,1
oh,39113090900,39113001501,1,2,2,3,0,0,0,1
oh,39113091000,39113021601,5,6,6,7,0,0,0,3
oh,39113100202,39165031602,6,6,7,10,1,1,2,5
oh,39113100203,39113021000,11,11,10,10,1,1,1,1
oh,39113100301,39113003300,6,6,6,6,1,1,1,1
oh,39113100302,39113001501,6,6,6,6,0,0,0,1
oh,39113115012,39113100400,4,4,4,4,0,0,0,0
oh,39113115012,39113110202,2,2,2,2,0,0,0,0
oh,39113120102,39113001700,6,6,6,6,0,0,0,3
oh,39113125103,39049010100,3,4,4,5,1,1,1,2
oh,39113125103,39113003402,13,14,14,12,0,0,0,1
oh,39113140100,39113130102,1,1,1,1,1,1,1,1
oh,39113150100,39057220201,6,7,7,7,0,0,0,2
oh,39113160100,39049008172,5,6,6,6,0,0,0,0
oh,39115968800,39119911700,0,0,0,0,0,0,0,0
oh,39119911201,39119911900,2,2,2,2,0,0,0,0
oh,39119911602,39119911500,0,0,0,0,0,0,0,0
oh,39119911700,39119912300,2,2,2,3,0,0,0,1
oh,39119912100,39119912300,0,0,0,1,0,0,0,1
oh,39119912400,39119911800,2,2,2,3,0,0,0,1
oh,39119912500,39119911900,1,1,1,1,0,0,0,0
oh,39121968401,39165032100,1,1,1,1,0,0,0,0
oh,39123050301,39101010201,2,2,4,4,1,1,2,2
oh,39123050900,39123050700,0,0,0,0,0,0,0,0
oh,39123051000,39153520302,5,5,6,6,0,0,0,0
oh,39123051100,39095010100,1,1,1,1,0,0,0,0
oh,39123051100,39173020901,0,0,0,0,0,0,0,0
oh,39125960100,39069000400,3,5,5,5,0,0,0,0
oh,39125960200,39173020702,4,5,6,6,0,0,0,0
oh,39125960400,39161020100,1,1,1,1,0,0,0,0
oh,39125960500,39039958600,1,1,1,1,0,0,0,0
oh,39125960500,39049009392,3,4,4,5,0,0,0,2
oh,39127966000,39119911100,5,5,5,6,0,0,0,1
oh,39127966301,39127966200,0,0,0,0,0,0,0,0
oh,39129020310,39049007020,12,14,14,14,0,0,0,3
oh,39129020320,39129021102,0,0,0,0,0,0,0,0
oh,39129021201,39129021101,0,0,0,0,0,0,0,0
oh,39129021202,39049009751,7,8,8,8,0,0,0,0
oh,39129021403,39049001122,6,6,5,5,1,1,1,1
oh,39133600102,39133600103,0,0,0,0,0,0,0,0
oh,39133600302,39035124500,4,5,5,5,0,0,0,3
oh,39133600302,39035131105,10,10,10,10,0,0,0,2
oh,39133600303,39133600901,1,1,1,1,0,0,0,0
oh,39133600603,39153531406,7,7,7,10,1,1,1,4
oh,39133600706,39153505800,4,4,5,9,0,0,0,5
oh,39133600800,39133600901,0,0,0,0,0,0,0,0
oh,39133600800,39133602000,1,1,1,1,0,0,0,0
oh,39133601100,39133600200,0,0,0,0,0,0,0,0
oh,39133601100,39133600401,0,0,0,0,0,0,0,0
oh,39133601300,39133601400,0,0,0,0,0,0,0,0
oh,39133601503,39049006923,7,10,12,18,1,1,1,7
oh,39133601503,39133601400,1,1,1,1,0,0,0,0
oh,39133601503,39153531406,6,7,7,10,0,0,0,2
oh,39133601600,39153531802,6,6,7,8,0,0,0,1
oh,39133601600,39155932600,6,7,7,6,0,0,0,1
oh,39133601801,39035109801,6,6,7,7,0,0,0,0
oh,39133601901,39151710900,0,0,0,0,0,0,0,0
oh,39133602101,39133601703,0,0,0,0,0,0,0,0
oh,39135420100,39113001501,4,4,5,7,0,0,0,2
oh,39135455002,39135460100,1,1,1,1,0,0,0,0
oh,39137030200,39039958100,1,1,1,1,0,0,0,0
oh,39137030301,39003011900,2,2,2,2,0,0,0,1
oh,39137030301,39137030302,0,0,0,0,0,0,0,0
oh,39137030700,39161020700,2,2,2,2,0,0,0,0
oh,39139000500,39011040900,8,8,8,8,0,0,0,1
oh,39139000500,39139003100,1,1,1,1,0,0,0,0
oh,39139001400,39139000800,3,3,3,3,0,0,0,1
oh,39139001900,39139001400,5,5,5,5,0,0,0,1
oh,39139001900,39139002400,2,3,3,3,0,0,0,1
oh,39139001900,39139003100,2,2,2,2,0,0,0,0
oh,39139002200,39139001200,0,0,0,0,0,0,0,0
oh,39139002400,39139001400,4,4,4,4,0,0,0,0
oh,39139003001,39139002200,0,0,0,0,0,0,0,0
oh,39139003002,39083007000,0,0,0,0,0,0,0,0
oh,39139003002,39083007302,0,1,1,2,0,0,0,1
oh,39139003002,39139003100,2,3,3,4,0,0,0,2
oh,39139003100,39139001100,2,2,2,2,0,0,0,0
oh,39141955500,39141956300,0,0,0,0,0,0,0,0
oh,39141955700,39141955802,0,0,0,0,0,0,0,0
oh,39141955700,39141956300,2,2,2,2,1,1,1,1
oh,39141955801,39141956300,2,2,2,2,1,1,1,1
oh,39141955900,39141956300,3,3,3,3,1,1,1,1
oh,39141956000,39049004001,10,12,12,12,0,0,0,0
oh,39141956000,39141956300,2,2,2,2,1,1,1,1
oh,39141956100,39141956300,2,2,2,2,1,1,1,1
oh,39143961500,39173021200,0,1,1,1,0,1,1,1
oh,39143961900,39143962000,0,0,0,0,0,0,0,0
oh,39143962000,39101010201,3,3,3,3,0,0,0,0
oh,39143962200,39043041800,0,0,0,0,0,0,0,0
oh,39145002300,39001770200,0,0,0,0,0,0,0,0
oh,39145002300,39131952200,0,0,0,0,0,0,0,0
oh,39145002300,39131952500,0,0,0,0,0,0,0,0
oh,39145002700,39131952200,0,0,0,0,0,0,0,0
oh,39145003100,39141956900,0,0,0,0,0,0,0,0
oh,39145003900,39131952500,0,0,0,0,0,0,0,0
oh,39145003900,39145003800,0,0,0,0,0,0,0,0
oh,39147962600,39143962000,1,1,1,1,0,0,0,0
oh,39147962700,39147962900,0,0,0,0,0,0,0,0
oh,39147963600,39147962600,0,0,0,0,0,0,0,0
oh,39147963700,39147963200,0,0,0,0,0,0,0,0
oh,39149971400,39149971700,0,0,0,0,0,0,0,0
oh,39149971500,39109300100,2,2,2,2,0,0,0,0
oh,39149972100,39109365002,2,2,2,2,1,1,1,1
oh,39149972100,39149971900,2,2,2,2,0,0,0,0
oh,39149972300,39159050301,4,4,4,4,0,0,0,0
oh,39151700400,39151700100,0,0,0,0,0,0,0,0
oh,39151700600,39151700100,0,0,0,0,0,0,0,0
oh,39151700800,39133601802,0,0,0,0,0,0,0,0
oh,39151701200,39151714400,0,0,0,0,0,0,0,0
oh,39151701300,39151712113,3,3,3,4,0,0,0,1
oh,39151701300,39151713401,0,0,1,1,0,0,0,0
oh,39151701300,39153510100,10,11,11,12,0,0,0,2
oh,39151702100,39035156101,9,9,9,9,0,0,0,3
oh,39151702100,39153532999,1,1,1,1,0,0,0,0
oh,39151702300,39151713300,0,0,0,0,0,0,0,0
oh,39151710200,39035156101,11,11,11,11,1,1,1,5
oh,39151710800,39151712400,0,0,0,0,0,0,0,0
oh,39151711111,39035123603,10,11,11,11,0,0,0,1
oh,39151711112,39113091000,9,13,15,19,0,0,0,1
oh,39151711121,39151712000,1,1,1,1,0,0,0,0
oh,39151711202,39151701300,0,0,1,1,0,0,0,0
oh,39151711211,39153508301,5,5,5,6,0,0,0,1
oh,39151711312,39151711322,2,2,2,2,0,0,0,0
oh,39151711321,39151711502,0,0,0,0,0,0,0,0
oh,39151711324,39151712113,0,0,0,0,0,0,0,0
oh,39151711402,39151702300,2,2,2,2,0,0,0,1
oh,39151711402,39151713501,0,0,0,0,0,0,0,0
oh,39151711411,39151711324,2,2,2,2,0,0,0,0
oh,39151711700,39151712601,1,1,1,1,0,0,0,0
oh,39151711700,39153508301,2,2,2,2,0,0,0,0
oh,39151712102,39151700800,3,3,3,3,0,0,0,0
oh,39151712112,39151711900,1,1,1,1,0,0,0,0
oh,39151712114,39151701300,4,4,4,5,0,0,0,2
oh,39151712201,39029950500,5,5,5,5,0,0,0,0
oh,39151712202,39153502101,0,0,0,0,0,0,0,0
oh,39151712602,39151712300,1,1,1,1,0,0,0,0
oh,39151712800,39151712102,1,1,1,1,0,0,0,0
oh,39151712800,39153520400,10,11,11,11,0,0,0,1
oh,39151712900,39085206500,8,8,9,8,0,0,0,1
oh,39151713202,39151701300,0,0,0,0,0,0,0,0
oh,39151713502,39151700100,0,0,0,0,0,0,0,0
oh,39151713700,39029950500,5,5,5,5,0,0,0,0
oh,39151713900,39151711900,6,6,6,6,0,0,0,1
oh,39151714000,39151700100,3,3,3,3,0,0,0,0
oh,39151714302,39151713300,0,0,0,0,0,0,0,0
oh,39151714600,39035107701,1,3,3,3,0,0,0,0
oh,39151714600,39151701300,0,0,0,0,0,0,0,0
oh,39151714600,39151710500,0,0,0,0,0,0,0,0
oh,39151714600,39151713401,0,0,0,0,0,0,0,0
oh,39151714801,39169001700,0,0,0,0,0,0,0,0
oh,39151714801,39169003300,1,1,2,2,0,0,0,0
oh,39151715000,39151714802,1,1,1,1,0,0,0,0
oh,39153501700,39099801700,7,7,6,9,0,0,0,4
oh,39153502700,39151701500,8,8,8,8,0,0,0,3
oh,39153503100,39153531002,3,3,3,3,0,0,0,1
oh,39153503600,39133601703,2,2,2,3,0,0,0,1
oh,39153504200,39035197000,11,10,10,11,0,0,0,3
oh,39153505400,39151711321,2,2,2,2,0,0,0,0
oh,39153505800,39035192900,23,24,24,24,0,0,0,0
oh,39153506200,39099812101,10,12,12,14,0,0,0,3
oh,39153506500,39035196800,21,20,18,17,0,0,0,1
oh,39153506800,39153530105,3,3,3,3,0,0,0,0
oh,39153507202,39085203500,6,7,8,8,0,0,0,1
oh,39153507202,39153507203,0,0,0,0,0,0,0,0
oh,39153507203,39151714400,7,7,7,7,0,0,0,2
oh,39153507203,39153532302,2,2,2,2,0,0,0,0
oh,39153507501,39153505800,10,10,10,10,0,0,0,4
oh,39153508000,39153507203,2,2,2,1,0,0,0,0
oh,39153520105,39049001302,14,16,19,24,2,2,2,6
oh,39153520105,39153532004,8,9,9,8,1,1,1,3
oh,39153520202,39085206400,2,3,3,4,0,0,0,1
oh,39153520302,39153532302,2,2,2,2,0,0,0,0
oh,39153530104,39035184104,2,2,3,3,1,1,1,1
oh,39153530402,39153503800,5,5,5,5,0,0,0,0
oh,39153530605,39035107101,11,12,12,13,0,0,0,1
oh,39153530800,39153532702,4,4,4,4,1,1,1,2
oh,39153531001,39151711324,5,5,5,6,0,0,0,1
oh,39153531103,39153531406,3,3,3,4,0,0,0,0
oh,39153531501,39035107802,1,3,4,4,0,0,0,0
oh,39153531502,39153531405,1,1,1,1,0,0,0,0
oh,39153532202,39035123603,5,5,5,6,0,0,0,1
oh,39153532701,39035184104,2,2,3,3,1,1,1,1
oh,39153532703,39049007112,4,6,7,10,1,1,1,1
oh,39153532703,39153532705,1,1,1,1,0,0,0,0
oh,39153532705,39035132301,0,0,0,0,0,0,0,0
oh,39153532708,39035192300,8,8,8,8,0,0,0,5
oh,39153532901,39153532202,2,2,2,2,0,0,0,0
oh,39153532902,39153531406,6,7,7,6,0,0,0,0
oh,39153532999,39099812001,4,4,4,5,0,0,0,0
oh,39153532999,39151711402,1,1,1,1,0,0,0,0
oh,39153533102,39035197200,5,6,7,7,0,0,0,0
oh,39153533102,39153530105,1,1,1,1,0,0,0,0
oh,39153533200,39153504700,5,5,5,5,0,0,0,0
oh,39153533400,39151702300,2,3,3,4,0,0,0,2
oh,39153533400,39153506800,3,3,3,3,0,0,0,1
oh,39153534000,39035184104,1,1,2,3,0,0,0,1
oh,39155921000,39133601501,5,5,5,4,0,0,0,0
oh,39155921000,39155921100,1,1,1,1,0,0,0,0
oh,39155921600,39099813700,13,13,13,13,0,0,0,1
oh,39155921600,39155930900,3,3,3,3,0,0,0,2
oh,39155930400,39035184104,1,1,1,1,0,0,0,0
oh,39155930500,39133600401,0,0,0,0,0,0,0,0
oh,39155930900,39099812001,11,11,11,12,0,0,0,4
oh,39155930900,39155933301,2,3,3,3,0,0,0,1
oh,39155931000,39155921200,0,0,0,0,0,0,0,0
oh,39155931200,39155931400,0,0,0,0,0,0,0,0
oh,39155931500,39155931400,0,0,0,0,0,0,0,0
oh,39155932200,39099810100,4,4,4,4,0,0,0,0
oh,39155932300,39155931900,1,1,1,1,0,0,0,0
oh,39155932300,39155933800,9,9,9,9,0,0,0,0
oh,39155933301,39093090200,1,1,1,1,1,1,1,1
oh,39155933600,39151700200,2,2,2,2,0,0,0,0
oh,39155933600,39173022500,1,1,1,1,0,0,0,0
oh,39155934000,39035108400,9,11,12,11,0,0,0,1
oh,39157020200,39157020700,0,0,0,0,0,0,0,0
oh,39157020400,39157020100,2,3,3,3,0,0,0,0
oh,39157020700,39151715000,2,3,3,3,0,1,1,1
oh,39157020801,39081011401,0,0,0,0,0,0,0,0
oh,39157020900,39035196400,3,4,4,4,0,1,1,1
oh,39157021100,39157021000,0,0,0,0,0,0,0,0
oh,39157022001,39157021100,1,1,1,1,0,0,0,0
oh,39157022002,39157020700,1,1,1,1,0,0,0,0
oh,39159050301,39049008380,4,3,4,4,0,0,0,1
oh,39159050303,39049004002,0,0,0,1,0,0,0,1
oh,39159050303,39097040102,3,3,3,3,0,0,0,0
oh,39159050303,39159050200,1,1,1,1,0,0,0,0
oh,39159050303,39159050301,0,0,0,0,0,0,0,0
oh,39159050601,39009973101,9,9,11,13,0,0,0,4
oh,39159050601,39061008000,3,6,8,11,0,0,0,0
oh,39159050602,39041010100,3,3,3,3,0,0,0,0
oh,39161020200,39025040500,24,25,28,32,1,1,1,1
oh,39161020200,39161020700,0,0,0,0,0,0,0,0
oh,39161020500,39003010600,0,0,0,0,0,0,0,0
oh,39165030200,39017013600,2,3,3,3,0,0,0,2
oh,39165030501,39113040101,4,4,4,5,0,0,0,1
oh,39165030504,39057280300,3,4,4,6,1,1,1,4
oh,39165030504,39113040406,1,1,1,1,0,0,0,0
oh,39165030700,39061003000,2,3,5,5,0,0,0,0
oh,39165030700,39113110202,2,2,2,5,1,1,1,5
oh,39165030800,39061026500,3,4,4,7,0,0,0,2
oh,39165030901,39113050504,6,6,5,5,0,0,0,0
oh,39165031200,39061005500,0,1,1,1,0,0,0,0
oh,39165031400,39113003404,9,10,10,11,0,0,0,0
oh,39165031905,39049006398,7,7,8,8,2,2,2,3
oh,39165031907,39061023001,6,6,6,6,0,0,0,2
oh,39165031908,39017011109,2,2,2,2,0,0,0,0
oh,39165032004,39061023001,5,5,5,5,0,0,0,1
oh,39165032006,39061022302,1,1,1,1,0,0,0,0
oh,39165032006,39061027100,2,5,5,8,0,0,0,1
oh,39165032009,39061023522,1,2,2,3,1,1,1,1
oh,39165032100,39061010004,2,4,4,6,0,0,0,0
oh,39165032203,39165032008,3,3,3,3,1,1,1,2
oh,39165032300,39017011123,7,8,9,9,0,0,0,1
oh,39165032400,39025040203,0,0,0,0,0,0,0,0
oh,39165032400,39049009495,5,5,5,5,0,0,0,2
oh,39167021000,39167020300,0,0,0,0,0,0,0,0
oh,39169000500,39169000700,3,3,3,3,0,0,0,0
oh,39169000800,39093080500,6,6,7,7,0,0,0,0
oh,39169001100,39169000800,0,0,0,0,0,0,0,0
oh,39169001300,39169000900,0,0,0,0,0,0,0,0
oh,39169001800,39151713402,2,2,2,2,0,0,0,0
oh,39169001800,39169001700,0,0,0,0,0,0,0,0
oh,39169002000,39169000700,2,2,2,2,0,0,0,0
oh,39169002400,39153532301,3,3,3,3,0,0,0,1
oh,39169002901,39113003100,10,12,14,17,0,0,0,0
oh,39169002901,39153531701,0,0,0,0,0,0,0,0
oh,39169002902,39153533400,0,0,0,0,0,0,0,0
oh,39169002902,39169003300,0,0,0,0,0,0,0,0
oh,39169003100,39113050106,5,8,11,18,0,0,0,0
oh,39169003200,39169003300,0,0,0,0,0,0,0,0
oh,39169003300,39139002400,3,5,5,5,0,0,0,1
oh,39169003700,39169000500,0,0,0,0,0,0,0,0
oh,39171950200,39171950300,0,0,0,0,0,0,0,0
oh,39171950200,39171950700,1,1,1,1,0,0,0,0
oh,39171950600,39171950400,1,1,1,1,0,0,0,0
oh,39173020100,39173020601,5,5,6,7,0,0,0,1
oh,39173020200,39173020602,2,2,2,2,0,0,0,0
oh,39173020300,39095009901,5,5,5,5,0,0,0,1
oh,39173020402,39095006801,5,5,5,5,0,0,0,0
oh,39173020402,39095008303,3,3,3,3,0,0,0,0
oh,39173020601,39035194300,4,4,5,6,0,0,0,4
oh,39173020602,39095007102,2,2,2,2,0,1,1,2
oh,39173020602,39173020100,4,5,5,5,0,0,0,0
oh,39173020800,39049000120,6,6,7,7,0,0,0,1
oh,39173021300,39095001100,7,10,10,10,2,2,2,2
oh,39173021500,39173022500,0,0,0,0,0,0,0,0
oh,39173022100,39173021701,8,8,8,8,0,0,0,0
oh,39175938100,39143962000,1,1,1,1,0,0,0,0
oh,39175938200,39117965300,4,3,3,3,0,0,0,0
oh,39175938300,39063001300,0,0,0,0,0,0,0,0
oh,39175938300,39175938400,0,0,0,0,0,0,0,0
oh,39175938400,39095007104,4,5,5,5,0,0,0,1
pa,42001030400,42133010132,0,0,0,0,0,0,0,0
pa,42001030700,42001030901,1,1,1,1,0,0,0,0
pa,42001030902,42133022200,1,1,1,1,0,0,0,0
pa,42001031101,42109070100,0,1,1,2,0,0,0,0
pa,42001031401,42001030600,0,0,0,0,0,0,0,0
pa,42001031402,42001030600,0,0,0,0,0,0,0,0
pa,42001031502,42041010600,0,0,0,0,0,0,0,0
pa,42001031600,42001031000,0,0,0,0,0,0,0,0
pa,42001031600,42133021720,2,2,2,2,0,0,0,0
pa,42003020100,42003437000,1,1,1,1,0,0,0,0
pa,42003040600,42101000805,2,2,3,3,0,0,0,0
pa,42003051100,42003010302,0,0,0,0,0,0,0,0
pa,42003070800,42003070500,0,0,0,0,0,0,0,0
pa,42003070800,42003140100,0,0,0,0,0,0,0,0
pa,42003090300,42003982200,4,4,4,5,0,0,0,0
pa,42003101400,42003020100,2,3,3,4,0,0,0,1
pa,42003111500,42003040900,3,3,3,3,0,0,0,1
pa,42003120900,42003550900,3,3,3,3,0,0,0,0
pa,42003140500,42063961102,0,0,0,0,0,0,0,0
pa,42003141300,42003140100,0,0,0,0,0,0,0,0
pa,42003151600,42003452000,3,4,4,5,0,0,0,1
pa,42003190300,42003020100,1,2,2,3,0,0,0,1
pa,42003191100,42003491101,11,10,10,10,0,0,0,0
pa,42003191800,42003020100,6,7,7,8,0,0,0,0
pa,42003191800,42003563900,6,7,7,7,0,0,0,0
pa,42003281400,42003010302,0,0,0,0,0,0,0,0
pa,42003401300,42003421100,4,7,7,8,0,0,0,2
pa,42003405000,42003982200,11,13,13,15,0,0,0,0
pa,42003408001,42003450800,0,0,0,0,0,0,0,0
pa,42003408002,42003520001,7,6,7,6,0,0,0,0
pa,42003409001,42003140100,3,3,3,3,0,0,0,0
pa,42003409001,42003413500,0,0,0,0,0,0,0,0
pa,42003409001,42129802900,0,0,0,0,0,0,0,0
pa,42003409002,42017104604,1,1,1,1,0,0,0,1
pa,42003412003,42125755200,5,5,5,5,2,2,2,3
pa,42003412004,42019911800,0,0,0,0,0,0,0,0
pa,42003413100,42041012400,0,0,0,0,0,0,0,0
pa,42003413100,42125795800,14,15,14,15,0,0,0,0
pa,42003413201,42003413500,0,0,0,0,0,0,0,0
pa,42003413201,42003475101,21,23,23,23,0,0,0,0
pa,42003413202,42003430200,0,0,0,0,0,0,0,0
pa,42003413300,42003414101,0,0,0,0,0,0,0,0
pa,42003413300,42101000401,10,12,13,13,0,0,0,0
pa,42003413500,42003040900,0,0,0,0,0,0,0,0
pa,42003414200,42003413400,0,0,0,0,0,0,0,0
pa,42003419000,42003020100,7,7,7,8,0,0,0,1
pa,42003419000,42003523502,4,4,4,4,0,0,0,0
pa,42003422000,42129800500,8,7,7,7,0,0,0,0
pa,42003424000,42125741100,14,16,15,17,0,0,0,0
pa,42003425000,42003461000,4,4,4,4,0,0,0,0
pa,42003426800,42003982200,17,18,18,18,1,1,1,1
pa,42003426800,42129802102,8,9,9,9,0,0,0,0
pa,42003427000,42003421100,6,5,5,6,0,0,0,2
pa,42003427100,42007603300,0,0,0,0,0,0,0,0
pa,42003427100,42125795800,14,15,14,15,0,0,0,0
pa,42003427200,42003564100,0,0,0,0,0,0,0,0
pa,42003429100,42019912200,0,0,0,0,0,0,0,0
pa,42003429300,42015950300,5,5,5,5,0,0,0,0
pa,42003429400,42003437000,0,0,0,0,0,0,0,0
pa,42003429500,42003451101,0,0,0,0,0,0,0,0
pa,42003430200,42003411001,0,0,0,0,0,0,0,0
pa,42003430200,42003421100,5,4,4,5,0,0,0,2
pa,42003431100,42003453004,0,0,0,0,0,0,0,0
pa,42003431100,42003981200,1,1,1,1,0,0,0,1
pa,42003431400,42003432300,0,0,0,0,0,0,0,0
pa,42003437000,42003435000,0,0,0,0,0,0,0,0
pa,42003437000,42019912304,0,0,0,0,0,0,0,0
pa,42003446000,42003565100,1,1,1,1,0,0,0,0
pa,42003446000,42027012500,1,1,1,1,0,0,0,0
pa,42003451102,42003457100,6,6,6,6,0,0,0,0
pa,42003451102,42007605500,0,0,0,0,0,0,0,0
pa,42003451105,42049011002,0,0,0,0,0,0,0,0
pa,42003456003,42019902600,17,18,18,17,0,0,0,2
pa,42003456003,42125746302,8,7,8,8,0,0,0,0
pa,42003457200,42003459201,6,5,5,5,0,0,0,0
pa,42003459102,42003020100,4,3,3,3,0,0,0,0
pa,42003459201,42003020100,0,0,0,0,0,0,0,0
pa,42003459201,42003411001,0,0,0,0,0,0,0,0
pa,42003460001,42007605500,1,2,2,2,0,0,0,0
pa,42003465800,42003465600,0,0,0,0,0,0,0,0
pa,42003468800,42003040900,2,2,2,3,0,0,0,1
pa,42003470300,42003070500,12,13,13,14,0,0,0,1
pa,42003470400,42003020100,0,0,0,0,0,0,0,0
pa,42003472100,42003421100,6,5,5,6,0,0,0,2
pa,42003473200,42003020100,10,11,11,12,0,0,0,0
pa,42003473200,42003475200,12,9,7,7,0,0,0,0
pa,42003474101,42003090200,16,15,15,15,0,0,0,0
pa,42003474101,42003452000,5,5,5,5,0,0,0,1
pa,42003474201,42003480200,11,10,9,7,0,0,0,1
pa,42003474202,42129803502,19,14,13,11,0,0,0,1
pa,42003475101,42059970300,21,17,17,15,0,0,0,2
pa,42003475301,42003473500,2,1,1,1,0,0,0,0
pa,42003475303,42003010302,21,18,17,17,0,0,0,0
pa,42003475304,42003320700,10,10,10,10,0,0,0,1
pa,42003475304,42019912200,16,12,12,11,0,0,0,0
pa,42003475401,42003429100,13,15,15,15,0,0,0,0
pa,42003476100,42003020100,15,17,17,18,0,0,0,0
pa,42003477100,42003070900,14,16,16,17,0,0,0,0
pa,42003478100,42003470300,4,4,4,4,0,0,0,0
pa,42003480101,42085033100,11,13,13,13,0,0,0,0
pa,42003480300,42003470300,4,4,4,4,0,0,0,0
pa,42003480400,42003475401,1,1,1,1,0,0,0,0
pa,42003483800,42003040200,2,2,2,2,0,0,0,0
pa,42003484500,42129805904,6,6,7,7,0,0,0,0
pa,42003488300,42003020100,5,5,5,6,0,0,0,1
pa,42003488600,42003070900,6,6,6,6,0,0,0,0
pa,42003490003,42003477100,2,1,1,1,0,0,0,1
pa,42003491101,42003564500,2,2,2,2,0,0,0,0
pa,42003492900,42003040200,5,5,5,5,0,0,0,1
pa,42003496200,42003521200,0,0,0,0,0,0,0,0
pa,42003504100,42019912200,0,0,0,1,0,0,0,1
pa,42003513000,42129802101,0,0,0,0,0,0,0,0
pa,42003515401,42003564400,0,0,0,0,0,0,0,0
pa,42003520002,42003475301,9,8,8,8,0,0,0,1
pa,42003521100,42021013700,0,0,0,0,0,0,0,0
pa,42003521200,42003509400,1,1,1,1,0,0,0,0
pa,42003523501,42003981800,0,0,0,0,0,0,0,0
pa,42003523502,42003020100,0,0,0,1,0,0,0,1
pa,42003523600,42003020300,8,8,8,8,0,0,0,0
pa,42003523702,42003562600,0,0,0,0,0,0,0,0
pa,42003524000,42003090100,4,4,4,3,0,0,0,2
pa,42003525200,42003521401,2,2,2,2,0,0,0,0
pa,42003526102,42003475102,12,13,13,13,0,0,0,1
pa,42003526201,42003562000,0,0,0,1,0,0,0,1
pa,42003561900,42003523400,0,0,0,0,0,0,0,0
pa,42003562800,42003413300,3,3,3,3,0,0,0,0
pa,42003563900,42003470501,0,0,0,0,0,0,0,0
pa,42003563900,42003565100,0,0,0,0,0,0,0,0
pa,42003564000,42003141300,4,4,4,4,0,0,0,2
pa,42003564000,42003453003,0,0,0,0,0,0,0,0
pa,42003565100,42003141300,10,10,9,8,0,0,0,0
pa,42005950500,42005950800,0,0,0,0,0,0,0,0
pa,42005950800,42101000404,0,0,0,0,0,0,0,0
pa,42005951100,42005950900,0,0,0,0,0,0,0,0
pa,42005951200,42005950500,0,0,0,0,0,0,0,0
pa,42005951600,42063960900,0,0,0,0,0,0,0,0
pa,42007600701,42003452000,1,1,2,2,0,0,0,0
pa,42007600701,42007605500,1,1,2,2,0,0,0,0
pa,42007602300,42003451300,0,0,0,0,0,0,0,0
pa,42007602500,42003459201,1,1,1,1,0,0,0,2
pa,42007602602,42089301101,0,0,0,0,0,0,0,0
pa,42007602701,42007602800,0,0,0,0,0,0,0,0
pa,42007603000,42003453004,0,0,0,0,0,0,0,0
pa,42007603000,42007605400,0,0,0,0,0,0,0,0
pa,42007603202,42085031900,2,2,2,2,0,0,0,0
pa,42007604200,42003020100,0,0,0,0,0,0,0,0
pa,42007604902,42003452000,0,0,0,0,0,0,0,0
pa,42007605500,42003469000,3,4,4,4,0,0,0,1
pa,42007605600,42019912001,0,0,0,0,0,0,0,0
pa,42009960100,42021012500,0,0,0,0,0,0,0,0
pa,42009960600,42077006204,0,0,0,0,0,0,0,0
pa,42009961100,42111020900,0,0,0,0,0,0,0,0
pa,42011000100,42011011101,0,0,0,0,0,0,0,0
pa,42011000400,42011013501,2,2,2,2,0,0,0,0
pa,42011000500,42011010202,0,0,0,0,0,0,0,0
pa,42011000500,42011011200,0,0,0,0,0,0,0,0
pa,42011001300,42011011200,0,0,0,0,0,0,0,0
pa,42011001400,42011011101,0,0,0,0,0,0,0,0
pa,42011001400,42011013901,0,0,0,0,0,0,0,0
pa,42011001800,42011000400,0,0,0,0,0,0,0,0
pa,42011001900,42011011703,0,0,0,0,0,0,0,0
pa,42011002300,42011002500,0,0,0,0,0,0,0,0
pa,42011010201,42011011703,0,0,0,0,0,0,0,0
pa,42011010201,42077005702,0,0,0,0,0,0,0,0
pa,42011010302,42091203304,0,0,0,0,0,0,0,0
pa,42011010303,42043024101,0,2,3,3,0,0,0,1
pa,42011010402,42011010500,0,0,0,0,0,0,0,0
pa,42011010500,42011011101,0,0,0,0,0,0,0,0
pa,42011010803,42101004101,5,5,5,5,0,0,0,1
pa,42011010905,42011012101,0,0,0,0,0,0,0,0
pa,42011011000,42011010903,0,0,0,0,0,0,0,0
pa,42011011400,42011012001,3,3,3,3,0,0,0,0
pa,42011011602,42071012502,0,0,0,0,0,0,0,0
pa,42011011702,42011011101,0,0,0,0,0,0,0,0
pa,42011011702,42011012400,2,2,2,2,0,0,0,0
pa,42011011705,42011010602,5,5,5,5,0,0,0,0
pa,42011011705,42011011703,0,0,0,0,0,0,0,0
pa,42011011905,42011012701,0,0,0,0,0,0,0,0
pa,42011012300,42011012200,0,0,0,0,0,0,0,0
pa,42011012500,42011014102,0,0,0,0,0,0,0,0
pa,42011012500,42077006205,0,0,0,0,0,0,0,0
pa,42011012701,42011000100,0,0,0,0,0,0,0,0
pa,42011012702,42091207500,5,5,5,5,0,0,0,0
pa,42011012901,42011010902,0,0,0,0,0,0,0,0
pa,42011013100,42029301500,5,5,5,5,0,0,0,0
pa,42011013301,42045407502,6,6,6,6,0,0,0,0
pa,42011013302,42029303000,5,5,5,5,0,0,0,0
pa,42011013402,42133022200,7,7,7,7,0,0,0,0
pa,42011013403,42029304101,1,1,1,1,0,0,0,0
pa,42011013403,42037050300,4,4,4,4,0,0,0,1
pa,42011013501,42011013502,0,0,0,0,0,0,0,0
pa,42011013503,42011010304,0,0,0,0,0,0,0,0
pa,42011013600,42011014102,0,0,0,0,0,0,0,0
pa,42011013701,42011010904,0,0,0,0,0,0,0,0
pa,42011013701,42077006701,5,5,5,5,0,0,0,0
pa,42011013902,42011012106,0,0,0,0,0,0,0,0
pa,42011014000,42043024101,0,2,3,3,0,0,0,0
pa,42013011101,42013100700,0,0,0,0,0,0,0,0
pa,42013011102,42017104203,4,4,4,4,0,0,0,1
pa,42013011201,42037050900,0,0,0,0,0,0,0,0
pa,42013011300,42021013400,1,1,1,1,0,0,0,0
pa,42013100300,42021011900,0,0,0,0,0,0,0,0
pa,42013100400,42021011900,0,0,0,0,0,0,0,0
pa,42013100500,42013011201,0,0,0,0,0,0,0,0
pa,42013100600,42013011002,0,0,0,0,0,0,0,0
pa,42013100600,42013100900,0,0,0,0,0,0,0,0
pa,42013100900,42021012600,0,0,0,0,0,0,0,0
pa,42013101500,42027011904,0,0,0,0,0,0,0,0
pa,42013101900,42027011503,0,0,0,0,0,0,0,0
pa,42015950900,42015950100,0,0,0,0,0,0,0,0
pa,42015950900,42015950700,0,0,0,0,0,0,0,0
pa,42015951000,42015950900,0,0,0,0,0,0,0,0
pa,42015951000,42111020900,0,0,0,0,0,0,0,0
pa,42017100102,42101014600,0,0,0,0,0,0,0,0
pa,42017100103,42027012500,1,2,2,4,0,0,0,1
pa,42017100208,42017106100,0,0,0,0,0,0,0,0
pa,42017100210,42101033800,2,2,2,2,0,0,0,0
pa,42017100212,42091200901,0,0,0,0,0,0,0,0
pa,42017100306,42017100500,0,0,0,0,0,0,0,0
pa,42017100306,42077006902,6,6,5,5,0,0,0,1
pa,42017100402,42017100201,0,0,0,0,0,0,0,0
pa,42017100402,42017100303,0,0,0,0,0,0,0,0
pa,42017100408,42101036901,2,2,1,1,0,0,0,0
pa,42017100803,42017105808,0,0,0,0,0,0,0,0
pa,42017100804,42041011305,2,3,3,6,0,0,0,2
pa,42017100809,42017100401,0,0,0,0,0,0,0,0
pa,42017101100,42017100201,0,0,0,0,0,0,0,0
pa,42017101401,42017101405,0,0,0,0,0,0,0,0
pa,42017101405,42017100201,0,0,0,0,0,0,0,0
pa,42017101405,42091200507,0,0,0,0,0,0,0,0
pa,42017101504,42091200507,0,0,0,0,0,0,0,0
pa,42017101603,42091200501,0,0,0,0,0,0,0,0
pa,42017101605,42017105300,0,0,0,0,0,0,0,0
pa,42017101607,42017104601,0,0,0,0,0,0,0,0
pa,42017101805,42091205000,0,0,0,0,0,0,0,0
pa,42017101809,42087961102,0,1,1,3,0,0,0,0
pa,42017101810,42091203207,0,0,0,0,0,0,0,0
pa,42017102003,42017104901,1,1,1,1,0,0,0,0
pa,42017102003,42091206901,0,0,0,0,0,0,0,0
pa,42017102004,42091200602,0,0,0,0,0,0,0,0
pa,42017102402,42017104702,0,0,0,0,0,0,0,0
pa,42017102402,42091200507,0,0,0,0,0,0,0,0
pa,42017102402,42091201607,0,0,0,0,0,0,0,0
pa,42017102500,42095017800,3,3,4,3,0,0,0,1
pa,42017102700,42029302000,3,3,3,3,0,0,0,0
pa,42017103103,42081011100,12,14,15,15,0,0,0,1
pa,42017103103,42091204007,2,2,2,2,0,0,0,1
pa,42017103700,42017100406,0,0,0,0,0,0,0,0
pa,42017104000,42017102402,0,0,0,0,0,0,0,0
pa,42017104000,42091203304,0,0,0,0,0,0,0,0
pa,42017104505,42017104702,0,0,0,0,0,0,0,0
pa,42017104505,42041011608,0,0,0,0,0,0,0,0
pa,42017104506,42017104604,0,0,0,0,0,0,0,0
pa,42017104601,42017104502,0,0,0,0,0,0,0,0
pa,42017104603,42029302205,3,3,3,5,0,0,0,0
pa,42017104604,42077006902,4,4,4,4,0,0,0,1
pa,42017104701,42091200506,1,1,1,1,0,0,0,0
pa,42017104702,42091210300,0,0,0,0,0,0,0,0
pa,42017104800,42017105300,0,0,0,0,0,0,0,0
pa,42017105004,42091203303,0,0,0,0,0,0,0,0
pa,42017105009,42091207201,1,1,1,1,0,0,0,0
pa,42017105202,42045406600,2,2,2,2,0,0,0,1
pa,42017105206,42017105202,0,0,0,0,0,0,0,0
pa,42017105402,42017100201,0,0,0,0,0,0,0,0
pa,42017105511,42017104502,0,0,0,0,0,0,0,0
pa,42017105810,42017100401,0,0,0,0,0,0,0,0
pa,42017105811,42017105805,0,0,0,0,0,0,0,0
pa,42017106401,42077009300,2,2,2,2,0,0,0,0
pa,42017106402,42091206006,0,0,0,0,0,0,0,0
pa,42017106402,42101000600,3,3,3,3,1,1,1,2
pa,42019910600,42019902600,0,0,0,0,0,0,0,0
pa,42019910900,42019910100,0,0,0,0,0,0,0,0
pa,42019911000,42019912001,0,0,0,0,0,0,0,0
pa,42019911501,42049012001,0,0,0,0,0,0,0,0
pa,42019911502,42003413100,0,0,0,0,0,0,0,0
pa,42019911502,42019911400,1,1,1,1,0,0,0,0
pa,42019911600,42019902300,0,0,0,0,0,0,0,0
pa,42019911800,42003409001,0,0,0,0,0,0,0,0
pa,42019912303,42003401200,0,0,0,0,0,0,0,0
pa,42019912701,42129802101,1,1,1,1,0,0,0,0
pa,42019912800,42003160900,16,17,17,16,0,0,0,1
pa,42021010700,42021000700,0,0,0,0,0,0,0,0
pa,42021010801,42013011500,1,1,1,1,0,0,0,0
pa,42021011400,42013101600,0,0,0,0,0,0,0,0
pa,42021011400,42021010801,0,0,0,0,0,0,0,0
pa,42021012000,42021012800,0,0,0,0,0,0,0,0
pa,42021012600,42063960800,0,0,0,0,0,0,0,0
pa,42021013400,42013010600,0,0,0,0,0,0,0,0
pa,42023960200,42105950300,0,0,0,0,0,0,0,0
pa,42025020107,42011010402,2,3,4,4,0,0,0,0
pa,42025020302,42025020102,0,0,0,0,0,0,0,0
pa,42025020302,42029302802,0,0,0,0,0,0,0,0
pa,42025020302,42077006101,2,3,3,4,0,0,0,0
pa,42025020700,42017100102,1,1,1,1,0,0,0,1
pa,42025020900,42091200501,6,6,7,7,1,1,1,3
pa,42027010500,42027011102,0,0,0,0,0,0,0,0
pa,42027010600,42071010902,0,0,0,0,0,0,0,0
pa,42027010700,42027010100,0,0,0,0,0,0,0,0
pa,42027010700,42029304406,0,0,0,0,0,0,0,0
pa,42027011001,42027011503,2,3,3,4,0,0,0,0
pa,42027011002,42027011600,0,0,0,0,0,0,0,0
pa,42027011401,42021012600,0,0,0,0,0,0,0,0
pa,42027011504,42027012700,0,0,0,0,0,0,0,0
pa,42027011800,42027011702,0,0,0,0,0,0,0,0
pa,42027011800,42049010800,0,0,0,0,0,0,0,0
pa,42027012200,42041011805,4,4,4,5,0,0,0,0
pa,42029300101,42089300501,3,3,4,3,0,0,0,1
pa,42029300103,42029301800,0,0,0,0,0,0,0,0
pa,42029300104,42045406300,7,8,8,8,0,0,0,0
pa,42029300104,42091205906,0,0,0,0,0,0,0,0
pa,42029300106,42071012103,2,2,2,2,2,2,2,2
pa,42029300106,42101000701,3,4,3,2,2,2,2,2
pa,42029300106,42101036902,3,4,3,2,2,2,2,2
pa,42029300108,42125795800,21,22,21,20,0,0,0,1
pa,42029300109,42045409803,3,3,3,3,0,0,0,0
pa,42029300202,42029300107,0,0,0,0,0,0,0,0
pa,42029300301,42101036901,6,12,12,13,0,0,0,0
pa,42029300400,42029300103,0,0,0,0,0,0,0,0
pa,42029300502,42101000300,0,0,0,0,0,0,0,0
pa,42029300600,42029311500,0,0,0,0,0,0,0,0
pa,42029300600,42071012301,3,3,3,4,0,0,0,1
pa,42029300600,42091205810,0,0,0,0,0,0,0,0
pa,42029300700,42045409701,6,9,8,7,0,0,0,0
pa,42029300700,42091200507,0,0,0,0,0,0,0,0
pa,42029301001,42101000401,0,0,0,0,0,0,0,0
pa,42029301300,42029303000,0,0,0,0,0,0,0,0
pa,42029301600,42011000100,0,0,0,0,0,0,0,0
pa,42029301800,42017105809,0,0,1,3,0,0,0,1
pa,42029301900,42091205906,0,0,0,0,0,0,0,0
pa,42029302203,42029302702,0,0,0,0,0,0,0,0
pa,42029302204,42029302103,0,0,0,0,0,0,0,0
pa,42029302400,42091201404,0,0,1,2,0,0,0,1
pa,42029302702,42091205906,6,7,8,10,0,0,0,0
pa,42029302704,42091205905,1,2,3,5,0,0,0,0
pa,42029302705,42029302207,0,0,0,0,0,0,0,0
pa,42029302802,42029302400,0,0,0,0,0,0,0,0
pa,42029302804,42029300400,2,2,2,2,0,0,0,0
pa,42029302804,42101017500,6,12,12,13,0,0,0,0
pa,42029302806,42029302207,0,0,0,0,0,0,0,0
pa,42029303301,42029311702,0,0,0,0,0,0,0,0
pa,42029303401,42011011906,1,1,1,1,0,0,0,0
pa,42029303501,42029302702,0,0,0,0,0,0,0,0
pa,42029303804,42011010202,0,0,0,0,0,0,0,0
pa,42029303902,42091206704,0,0,0,0,0,0,0,0
pa,42029304000,42041012400,1,1,1,1,0,0,0,0
pa,42029304101,42011010304,0,0,0,0,0,0,0,0
pa,42029304300,42091203602,2,3,4,6,0,0,0,1
pa,42029304406,42029302207,0,0,0,0,0,0,0,0
pa,42029304406,42091205810,1,1,1,1,0,0,0,0
pa,42029304503,42095016902,15,18,17,17,0,0,0,0
pa,42029304600,42091200301,0,0,1,3,0,0,0,2
pa,42029304900,42029302703,0,0,0,0,0,0,0,0
pa,42029305000,42071011706,0,0,0,0,0,0,0,0
pa,42029305101,42071013202,0,0,0,0,0,0,0,0
pa,42029305102,42029303402,0,0,0,0,0,0,0,0
pa,42029305102,42029303801,0,0,0,0,0,0,0,0
pa,42029305102,42029311401,0,0,0,0,0,0,0,0
pa,42029305102,42101000600,6,12,12,13,0,0,0,0
pa,42029306300,42091206006,8,8,9,11,0,0,0,0
pa,42029306503,42029303301,0,0,0,0,0,0,0,0
pa,42029306900,42029311701,0,0,0,0,0,0,0,0
pa,42029307800,42045406300,0,0,0,0,0,0,0,0
pa,42029308000,42095017704,16,20,19,19,0,0,0,0
pa,42029311300,42003451300,1,2,2,3,0,0,0,1
pa,42029311300,42101000404,7,13,13,14,0,0,0,1
pa,42029311401,42043022901,0,0,0,0,0,0,0,0
pa,42029311403,42029300303,0,0,0,0,0,0,0,0
pa,42029311403,42029311500,0,0,0,0,0,0,0,0
pa,42029311404,42091205905,1,2,3,5,0,0,0,0
pa,42029311500,42101013701,1,1,1,1,0,0,0,0
pa,42029311702,42029306300,0,0,0,0,0,0,0,0
pa,42029311800,42029301002,0,0,0,0,0,0,0,0
pa,42031160104,42031160300,0,0,0,0,0,0,0,0
pa,42031160600,42019912001,1,1,1,1,0,0,0,0
pa,42033330400,42033330200,0,0,0,0,0,0,0,0
pa,42033331000,42033330900,0,0,0,0,0,0,0,0
pa,42033331401,42033330600,0,0,0,0,0,0,0,0
pa,42033331500,42039111000,0,0,0,0,0,0,0,0
pa,42035030800,42049011002,0,0,0,0,0,0,0,0
pa,42037050100,42093050200,0,0,0,0,0,0,0,0
pa,42037050500,42077006703,12,16,16,17,0,0,0,0
pa,42037050600,42079201500,0,0,0,0,0,0,0,0
pa,42037050600,42079217900,1,2,2,2,0,0,0,1
pa,42037050700,42025020202,9,11,11,11,0,0,0,1
pa,42037051200,42131400600,2,2,2,2,0,0,0,0
pa,42039110202,42039111700,0,0,0,0,0,0,0,0
pa,42039111200,42003458002,2,2,2,2,0,0,0,0
pa,42039111400,42039110202,0,0,0,0,0,0,0,0
pa,42039111400,42121200500,0,0,0,0,0,0,0,0
pa,42039111800,42125745200,7,7,7,7,2,2,2,3
pa,42041010201,42043020100,0,0,0,0,0,0,0,0
pa,42041010400,42041010203,0,0,0,0,0,0,0,0
pa,42041010400,42043021100,0,0,0,0,0,0,0,0
pa,42041010500,42041011304,0,0,0,0,0,0,0,0
pa,42041010600,42043020300,0,0,0,0,0,0,0,0
pa,42041010800,42041011304,0,0,0,0,0,0,0,0
pa,42041010900,42043020100,0,0,0,0,0,0,0,0
pa,42041011102,42041010900,0,0,0,0,0,0,0,0
pa,42041011301,42043022403,0,0,0,0,0,0,0,0
pa,42041011303,42043022403,0,0,0,0,0,0,0,0
pa,42041011304,42133020100,0,0,0,0,0,0,0,0
pa,42041011307,42099030301,0,0,0,0,0,0,0,0
pa,42041011602,42043022601,3,3,3,3,0,0,0,0
pa,42041011608,42041011200,0,0,0,0,0,0,0,0
pa,42041011803,42071010902,0,0,0,0,0,0,0,0
pa,42041011805,42041011301,0,0,0,0,0,0,0,0
pa,42041011806,42043020500,0,0,0,0,0,0,0,0
pa,42041011807,42041011806,1,1,1,1,0,0,0,0
pa,42041011807,42071010902,1,1,1,1,0,0,0,0
pa,42041011807,42101036600,1,1,1,1,0,0,0,0
pa,42041011807,42109070100,0,1,1,2,0,0,0,0
pa,42041012000,42041010203,3,3,3,3,0,0,0,0
pa,42041012400,42041012300,0,0,0,0,0,0,0,0
pa,42041012400,42091205503,1,1,1,1,0,0,0,0
pa,42041012501,42055011200,1,1,1,1,0,0,0,0
pa,42041012600,42041011301,0,0,0,0,0,0,0,0
pa,42041012702,42041012400,0,0,0,0,0,0,0,0
pa,42041012702,42133001400,0,0,0,0,0,0,0,0
pa,42041012802,42055010900,1,1,1,1,0,0,0,0
pa,42043020400,42041011306,0,0,0,0,0,0,0,0
pa,42043021300,42043020900,0,0,0,0,0,0,0,0
pa,42043021300,42119090600,0,1,1,2,0,0,0,0
pa,42043021400,42081011000,0,1,1,2,0,0,0,0
pa,42043021500,42043022403,1,1,1,1,0,0,0,0
pa,42043021600,42041010400,0,0,0,0,0,0,0,0
pa,42043021800,42043021901,3,3,3,3,0,0,0,0
pa,42043021903,42043020100,1,1,1,1,0,0,0,0
pa,42043021904,42043020300,1,1,1,1,0,0,0,0
pa,42043021904,42051262000,2,3,3,3,0,0,0,0
pa,42043022100,42043023601,0,0,0,0,0,0,0,0
pa,42043022300,42043022403,0,0,0,0,0,0,0,0
pa,42043022401,42043020100,1,1,1,1,0,0,0,0
pa,42043022401,42043024101,1,1,1,1,0,0,0,0
pa,42043022401,42091200507,1,1,2,3,0,0,0,3
pa,42043022502,42043020100,3,4,5,5,0,0,0,0
pa,42043022502,42043024601,0,0,0,0,0,0,0,0
pa,42043022604,42043023602,0,1,1,1,0,0,0,0
pa,42043022604,42091204300,1,2,2,2,0,0,0,1
pa,42043022604,42101030000,1,2,2,2,0,0,0,1
pa,42043022605,42041011102,3,3,3,3,0,0,0,0
pa,42043022606,42043021100,3,3,3,3,0,0,0,2
pa,42043022606,42043021903,2,2,2,2,0,0,0,1
pa,42043022702,42041011301,3,3,3,3,0,0,0,2
pa,42043022702,42043022403,1,1,1,1,0,0,0,0
pa,42043022902,42071000100,0,0,0,0,0,0,0,0
pa,42043023300,42043024400,0,0,0,0,0,0,0,0
pa,42043023300,42071010803,0,0,0,0,0,0,0,0
pa,42043023300,42071013601,0,0,0,0,0,0,0,0
pa,42043023500,42043024101,4,5,5,5,0,0,0,1
pa,42043024502,42133021410,3,5,6,6,0,0,0,0
pa,42043024601,42043024101,0,0,0,0,0,0,0,0
pa,42043024602,42043022901,3,4,5,5,0,0,0,0
pa,42043024801,42075002100,0,0,0,0,0,0,0,0
pa,42043024802,42075000200,6,6,6,6,0,0,0,0
pa,42043025100,42043025000,0,0,0,0,0,0,0,0
pa,42043025200,42041011304,2,2,2,2,0,0,0,0
pa,42043025200,42133020710,1,1,1,1,0,0,0,0
pa,42045400301,42091205810,1,1,1,1,0,0,0,0
pa,42045400402,42017104601,2,2,2,2,0,0,0,0
pa,42045400500,42101000403,0,0,0,0,0,0,0,0
pa,42045400600,42029305700,7,9,11,13,0,0,0,1
pa,42045401200,42045409601,2,2,2,2,0,0,0,0
pa,42045401502,42101036902,0,0,0,0,0,0,0,0
pa,42045401502,42101037600,0,0,0,0,0,0,0,0
pa,42045401700,42091203402,0,0,0,0,0,0,0,0
pa,42045402400,42045403104,1,1,1,1,0,0,0,0
pa,42045402500,42101017602,1,1,1,1,0,0,0,0
pa,42045402800,42101000600,0,0,0,0,0,0,0,0
pa,42045403001,42045406903,8,9,9,9,0,0,0,0
pa,42045403001,42101001204,2,2,2,2,0,0,0,0
pa,42045403104,42101000300,0,0,0,0,0,0,0,0
pa,42045403501,42045408102,5,6,5,5,0,0,0,0
pa,42045403902,42045410401,0,0,0,0,0,0,0,0
pa,42045404101,42045400500,2,3,4,4,0,0,0,0
pa,42045404102,42101020000,1,1,1,3,0,0,0,2
pa,42045404500,42045410000,4,4,4,4,0,0,0,1
pa,42045404500,42091206904,4,4,5,5,0,0,0,7
pa,42045404600,42045404300,2,2,2,2,0,0,0,1
pa,42045404600,42045410700,0,0,0,0,0,0,0,0
pa,42045405100,42091202402,2,2,2,2,0,0,0,0
pa,42045406201,42029300303,6,6,6,6,0,0,0,0
pa,42045406201,42045407201,4,4,4,4,0,0,0,0
pa,42045406401,42101011000,2,2,2,2,0,0,0,0
pa,42045406700,42045400401,0,0,0,0,0,0,0,0
pa,42045406902,42045408002,1,2,2,2,0,0,0,2
pa,42045406902,42091204200,2,2,3,3,0,0,0,5
pa,42045406902,42101000403,1,1,1,2,0,0,0,1
pa,42045406904,42045409400,1,2,3,3,0,0,0,2
pa,42045407102,42045410304,3,3,3,3,0,0,0,0
pa,42045407600,42101980003,0,0,0,0,0,0,0,0
pa,42045407802,42045407803,0,0,0,0,0,0,0,0
pa,42045407803,42017101808,9,10,9,10,0,0,0,0
pa,42045407803,42101000500,0,0,0,0,0,0,0,0
pa,42045408001,42045408002,0,0,0,0,0,0,0,0
pa,42045408800,42045409200,0,0,0,0,0,0,0,0
pa,42045408800,42101001101,0,0,0,0,0,0,0,0
pa,42045409100,42029300201,2,2,2,2,0,0,0,0
pa,42045409500,42045409904,7,9,10,10,0,0,0,0
pa,42045409500,42091204600,2,2,2,2,0,0,0,0
pa,42045409601,42017101401,0,0,0,0,0,0,0,0
pa,42045409602,42091205200,2,2,2,2,0,0,0,0
pa,42045409902,42101000600,6,12,12,12,0,0,0,0
pa,42045409904,42101011100,6,12,12,12,0,0,0,0
pa,42045410101,42029302703,0,0,0,0,0,0,0,0
pa,42045410101,42029302706,0,0,0,0,0,0,0,0
pa,42045410102,42017100401,4,5,4,4,0,0,0,1
pa,42045410304,42045407502,0,0,0,0,0,0,0,0
pa,42045410601,42029304406,2,2,2,2,0,0,0,0
pa,42045410800,42081000600,0,0,0,0,0,0,0,0
pa,42047950400,42047951000,0,0,0,0,0,0,0,0
pa,42047950900,42047950400,0,0,0,0,0,0,0,0
pa,42049000400,42049011002,0,0,0,0,0,0,0,0
pa,42049000400,42123970800,0,0,0,0,0,0,0,0
pa,42049001000,42049000200,0,0,0,0,0,0,0,0
pa,42049002800,42049011202,0,0,0,0,0,0,0,0
pa,42049010108,42083421000,0,0,0,0,0,0,0,0
pa,42049010201,42049012400,0,0,0,0,0,0,0,0
pa,42049010303,42049012400,0,0,0,0,0,0,0,0
pa,42049010800,42049010202,0,0,0,0,0,0,0,0
pa,42049010904,42049000100,0,0,0,0,0,0,0,0
pa,42049010904,42049011202,0,0,0,0,0,0,0,0
pa,42049010904,42049011900,0,0,0,0,0,0,0,0
pa,42049011001,42049000400,0,0,0,0,0,0,0,0
pa,42049011001,42049000600,0,0,0,0,0,0,0,0
pa,42049011002,42003460002,0,0,0,0,0,0,0,0
pa,42049011002,42077005402,1,3,3,3,0,0,0,0
pa,42049011202,42049000100,0,0,0,0,0,0,0,0
pa,42049011202,42049001900,0,0,0,0,0,0,0,0
pa,42049011600,42049012001,0,0,0,0,0,0,0,0
pa,42049011702,42049001300,0,0,0,0,0,0,0,0
pa,42051260200,42003488300,6,8,8,8,0,0,0,2
pa,42051260300,42129806600,0,0,0,0,0,0,0,0
pa,42051260600,42003451105,13,14,15,16,0,0,0,1
pa,42051260600,42051261900,0,0,0,0,0,0,0,0
pa,42051260800,42051261500,0,0,0,0,0,0,0,0
pa,42051260800,42129806600,0,0,0,0,0,0,0,0
pa,42051260900,42003020100,21,23,24,25,0,0,0,3
pa,42051261100,42129806100,1,1,1,1,0,0,0,0
pa,42051261200,42129803000,4,4,4,4,0,0,0,0
pa,42051261401,42059970501,0,0,0,0,0,0,0,0
pa,42051261401,42125742102,0,0,0,0,0,0,0,0
pa,42051261402,42019912404,14,16,16,16,1,1,1,2
pa,42051262100,42007600701,21,19,19,18,1,1,1,1
pa,42051262200,42125795800,17,18,17,14,0,0,0,1
pa,42051262600,42059970102,0,0,0,0,0,0,0,0
pa,42051262800,42027011600,0,0,0,0,0,0,0,0
pa,42051262800,42051262000,0,0,0,0,0,0,0,0
pa,42051262800,42051263100,0,0,0,0,0,0,0,0
pa,42051262800,42129802900,1,1,1,1,0,0,0,0
pa,42051263000,42051262200,0,0,0,0,0,0,0,0
pa,42055010100,42055010301,0,0,0,0,0,0,0,0
pa,42055010302,42041013200,0,0,0,0,0,0,0,0
pa,42055010502,42055010900,1,1,1,1,0,0,0,0
pa,42055010600,42055010900,0,0,0,0,0,0,0,0
pa,42055010600,42081010800,0,2,4,5,0,0,0,0
pa,42055010702,42009960600,0,0,0,0,0,0,0,0
pa,42055011000,42055010800,0,0,0,0,0,0,0,0
pa,42055011100,42055011000,0,0,0,0,0,0,0,0
pa,42055011301,42041012501,0,0,1,1,0,0,0,0
pa,42055011302,42043022000,1,1,1,1,0,0,0,0
pa,42055011400,42055010100,0,0,0,0,0,0,0,0
pa,42055011400,42055011000,0,0,0,0,0,0,0,0
pa,42055011702,42029302500,2,2,2,2,0,0,0,0
pa,42055011702,42091205811,2,2,3,3,1,1,1,1
pa,42055011900,42061951200,3,3,3,3,0,0,0,0
pa,42055012100,42001031600,0,0,0,0,0,0,0,0
pa,42057960300,42125775200,3,4,4,4,3,1,1,2
pa,42059970300,42059970501,0,1,1,1,0,1,1,1
pa,42059970300,42065950600,28,28,28,30,1,1,1,1
pa,42059970400,42063961600,1,2,2,2,0,0,0,0
pa,42061950301,42061950100,0,0,0,0,0,0,0,0
pa,42061950400,42061951000,0,0,0,0,0,0,0,0
pa,42063960100,42003421200,5,7,7,7,0,0,0,0
pa,42063960300,42063961102,0,0,0,0,0,0,0,0
pa,42063961400,42021010700,0,0,0,0,0,0,0,0
pa,42063961900,42063961102,0,0,0,0,0,0,0,0
pa,42065950300,42003521200,1,1,1,1,0,0,0,0
pa,42065950300,42065950200,0,0,0,0,0,0,0,0
pa,42065950800,42033330100,0,0,0,0,0,0,0,0
pa,42065951100,42033330100,0,0,0,0,0,0,0,0
pa,42067070300,42033330500,0,0,0,0,0,0,0,0
pa,42069100400,42069102700,0,0,0,0,0,0,0,0
pa,42069100600,42069101200,0,0,0,0,0,0,0,0
pa,42069101000,42069101200,0,0,0,0,0,0,0,0
pa,42069101000,42069112600,0,0,0,0,0,0,0,0
pa,42069101100,42069101800,0,0,0,0,0,0,0,0
pa,42069101600,42079215200,0,0,0,0,0,0,0,0
pa,42069101900,42069101200,0,0,0,0,0,0,0,0
pa,42069102600,42069103000,0,0,0,0,0,0,0,0
pa,42069103100,42069110500,0,0,0,0,0,0,0,0
pa,42069110100,42069111100,0,0,0,0,0,0,0,0
pa,42069110300,42079211302,0,0,0,0,0,0,0,0
pa,42069110401,42069100200,0,0,0,0,0,0,0,0
pa,42069110401,42079213100,10,10,10,10,0,0,0,0
pa,42069110402,42069101700,0,0,0,0,0,0,0,0
pa,42069110403,42115032600,0,0,0,0,0,0,0,0
pa,42069110600,42069110800,0,0,0,0,0,0,0,0
pa,42069110800,42069110700,0,0,0,0,0,0,0,0
pa,42069111600,42101009100,2,2,2,2,0,0,0,1
pa,42069112000,42069110403,0,0,0,0,0,0,0,0
pa,42069112100,42079211701,2,2,2,2,0,0,0,0
pa,42069112200,42069112000,0,0,0,0,0,0,0,0
pa,42069112902,42087961101,4,5,5,5,0,0,0,0
pa,42071000300,42071011704,0,0,0,0,0,0,0,0
pa,42071000300,42071011904,0,0,0,0,0,0,0,0
pa,42071000500,42071012107,0,0,0,0,0,0,0,0
pa,42071010102,42071013204,0,0,0,0,0,0,0,0
pa,42071010104,42045404300,7,7,7,7,0,0,0,1
pa,42071010202,42071012900,0,0,0,0,0,0,0,0
pa,42071010301,42071013001,0,0,0,0,0,0,0,0
pa,42071010502,42071012103,0,0,0,0,0,0,0,0
pa,42071010502,42071012107,0,0,0,0,0,0,0,0
pa,42071010601,42133020321,0,0,0,0,0,0,0,0
pa,42071010701,42043024200,0,0,0,0,0,0,0,0
pa,42071010702,42043024300,0,0,0,0,0,0,0,0
pa,42071010702,42071014201,0,0,0,0,0,0,0,0
pa,42071010803,42043024200,0,0,0,0,0,0,0,0
pa,42071011101,42071010602,0,0,0,0,0,0,0,0
pa,42071011503,42071011400,0,0,0,0,0,0,0,0
pa,42071011701,42071012502,0,0,0,0,0,0,0,0
pa,42071011704,42071012702,0,0,0,0,0,0,0,0
pa,42071011802,42079213800,0,0,0,0,0,0,0,0
pa,42071011805,42133010210,0,0,0,0,0,0,0,0
pa,42071011901,42071000400,0,0,0,0,0,0,0,0
pa,42071011901,42071000500,0,0,0,0,0,0,0,0
pa,42071012106,42071012404,0,0,0,0,0,0,0,0
pa,42071012502,42017100900,0,0,1,3,0,0,0,2
pa,42071012602,42071012601,0,0,0,0,0,0,0,0
pa,42071012701,42045409902,0,0,0,0,0,0,0,0
pa,42071012800,42011011200,1,1,1,1,0,0,0,0
pa,42071013001,42071010202,0,0,0,0,0,0,0,0
pa,42071013102,42071012501,0,0,0,0,0,0,0,0
pa,42071013202,42041010500,0,0,0,0,0,0,0,0
pa,42071013301,42071010602,0,0,0,0,0,0,0,0
pa,42071013400,42071011805,0,0,0,0,0,0,0,0
pa,42071013504,42071011803,0,0,0,0,0,0,0,0
pa,42071013703,42071011802,0,0,0,0,0,0,0,0
pa,42071013901,42071010400,0,0,0,0,0,0,0,0
pa,42071014000,42071013102,0,0,0,0,0,0,0,0
pa,42071014000,42071013203,0,0,0,0,0,0,0,0
pa,42071014102,42071014101,0,0,0,0,0,0,0,0
pa,42071014202,42019911100,1,1,1,1,0,0,0,0
pa,42071014501,42071014401,0,0,0,0,0,0,0,0
pa,42071014601,42071014000,0,0,0,0,0,0,0,0
pa,42073000600,42129803000,4,5,5,5,0,0,0,1
pa,42073010500,42003456004,9,10,9,9,0,0,0,0
pa,42073010700,42051262000,23,24,25,24,0,0,0,1
pa,42073011400,42019911900,1,1,1,1,0,0,0,0
pa,42075000100,42071011504,0,0,0,0,0,0,0,0
pa,42075000200,42011000400,0,0,0,0,0,0,0,0
pa,42075000200,42011000700,5,5,5,5,0,0,0,0
pa,42075000200,42071010502,0,0,0,0,0,0,0,0
pa,42075002200,42075000100,0,0,0,0,0,0,0,0
pa,42075002600,42075000401,0,0,0,0,0,0,0,0
pa,42075002701,42075003700,0,0,0,0,0,0,0,0
pa,42075002702,42075003500,0,0,0,0,0,0,0,0
pa,42075002802,42075002900,0,0,0,0,0,0,0,0
pa,42075002900,42077006204,0,0,0,0,0,0,0,0
pa,42075003000,42091202500,0,0,0,1,0,0,0,1
pa,42075003400,42043021903,0,0,0,0,0,0,0,0
pa,42075003902,42043020300,0,0,0,0,0,0,0,0
pa,42075003902,42079210100,1,1,1,1,0,0,0,0
pa,42075004000,42043024101,0,2,3,3,0,0,0,1
pa,42075004200,42041011304,0,0,0,0,0,0,0,0
pa,42077000600,42077001401,0,0,0,1,0,0,0,1
pa,42077000700,42077006204,7,8,8,8,0,0,0,0
pa,42077000900,42095010700,3,3,3,3,0,0,0,0
pa,42077001800,42103950204,11,14,14,13,0,0,0,1
pa,42077002201,42077005902,5,6,6,6,0,0,0,0
pa,42077002303,42077006204,2,3,3,3,0,0,0,1
pa,42077002304,42077005800,0,0,0,0,0,0,0,0
pa,42077005301,42077005401,0,0,0,0,0,0,0,0
pa,42077005401,42077000101,8,9,9,9,0,0,0,1
pa,42077005402,42077006703,1,2,2,2,0,0,0,0
pa,42077005602,42077006002,0,0,0,0,0,0,0,0
pa,42077005702,42095015901,3,4,4,3,0,0,0,0
pa,42077005901,42077001502,3,3,3,3,0,0,0,0
pa,42077005901,42077001900,0,0,0,1,0,0,0,1
pa,42077006001,42077006305,2,3,3,3,0,0,0,0
pa,42077006102,42077009700,4,4,4,4,0,0,0,0
pa,42077006203,42095017704,2,3,3,3,0,0,0,0
pa,42077006206,42077006001,3,3,3,3,0,0,0,1
pa,42077006206,42077006204,0,0,0,0,0,0,0,0
pa,42077006206,42077006500,0,0,0,0,0,0,0,0
pa,42077006302,42077006102,1,2,2,2,0,0,0,2
pa,42077006302,42077006305,0,0,0,0,0,0,0,0
pa,42077006303,42077009100,2,3,3,3,0,0,0,0
pa,42077006304,42077005902,5,7,7,7,0,0,0,1
pa,42077006304,42077006703,1,2,2,2,0,0,0,0
pa,42077006304,42095014400,3,3,3,3,0,0,0,0
pa,42077006305,42091208603,2,2,2,2,0,0,0,0
pa,42077006310,42017104601,4,4,4,4,0,0,0,1
pa,42077006312,42077006101,1,2,2,2,0,0,0,0
pa,42077006500,42091205810,0,0,0,0,0,0,0,0
pa,42077006701,42095010500,0,0,0,0,0,0,0,0
pa,42077006701,42095018001,2,2,2,2,0,0,0,0
pa,42077006702,42045407802,8,10,9,9,1,1,1,1
pa,42077006902,42095016500,4,5,5,5,0,0,0,0
pa,42077006903,42077006800,1,1,1,1,0,0,0,0
pa,42077009100,42077006703,0,0,0,0,0,0,0,0
pa,42079200200,42079214300,0,0,0,0,0,0,0,0
pa,42079200600,42027011201,0,0,0,0,0,0,0,0
pa,42079201500,42069112800,0,0,0,0,0,0,0,0
pa,42079210400,42069102300,3,3,3,3,0,0,0,0
pa,42079210600,42079212700,0,0,0,0,0,0,0,0
pa,42079210700,42041011101,8,9,10,10,0,0,0,1
pa,42079211000,42069111600,6,6,6,6,0,0,0,0
pa,42079211301,42079211800,3,3,3,3,0,0,0,0
pa,42079211302,42079215502,3,3,3,3,1,1,1,2
pa,42079211701,42019912304,1,1,1,1,0,0,0,0
pa,42079211701,42079200100,1,1,1,1,0,0,0,0
pa,42079211701,42079201500,0,0,0,0,0,0,0,0
pa,42079211900,42079210100,6,6,6,6,0,0,0,0
pa,42079212200,42003411002,3,3,3,3,0,0,0,1
pa,42079212300,42079213100,0,0,0,0,0,0,0,0
pa,42079212700,42079211701,1,1,1,1,0,0,0,0
pa,42079213700,42079211900,1,1,1,1,0,0,0,0
pa,42079213700,42091208603,2,2,2,2,0,0,0,0
pa,42079214200,42037050700,0,0,0,0,0,0,0,0
pa,42079214300,42079211800,0,0,0,0,0,0,0,0
pa,42079214500,42079214600,0,0,0,0,0,0,0,0
pa,42079214600,42079214500,0,0,0,0,0,0,0,0
pa,42079215200,42079200100,1,1,1,1,0,0,0,0
pa,42079215200,42079215502,3,3,3,3,1,1,1,2
pa,42079215502,42091200507,0,0,0,0,0,0,0,0
pa,42079215600,42079200100,0,0,0,0,0,0,0,0
pa,42079216601,42079217001,8,6,6,6,1,1,1,1
pa,42079216602,42079217002,3,2,3,3,0,0,0,1
pa,42079216602,42079217900,0,0,1,2,0,0,0,1
pa,42079216900,42079216700,0,0,0,0,0,0,0,0
pa,42079216900,42093050300,12,13,13,12,0,0,0,1
pa,42079217300,42057960100,3,3,3,2,0,0,0,1
pa,42079217500,42079217900,4,5,5,5,0,0,0,2
pa,42079217600,42079215502,8,7,8,8,0,0,0,1
pa,42079217700,42079215200,7,6,7,7,0,0,0,1
pa,42079217700,42101000806,9,10,10,11,2,2,2,4
pa,42079217800,42037050500,3,4,5,5,1,1,1,1
pa,42079218000,42011010905,12,14,15,15,0,0,0,0
pa,42081000100,42081001000,0,0,0,0,0,0,0,0
pa,42081010501,42015951400,0,0,0,0,0,0,0,0
pa,42081010600,42017100102,12,15,15,16,0,0,0,1
pa,42081010900,42081010800,0,0,0,0,0,0,0,0
pa,42081011000,42081000600,0,0,0,0,0,0,0,0
pa,42081011302,42081011100,0,0,0,0,0,0,0,0
pa,42081011302,42081011200,0,0,0,0,0,0,0,0
pa,42083420400,42083420200,0,0,0,0,0,0,0,0
pa,42083420500,42083421000,0,0,0,0,0,0,0,0
pa,42083421100,42083421200,0,0,0,0,0,0,0,0
pa,42085030300,42085032701,0,0,0,0,0,0,0,0
pa,42085031100,42085032602,2,2,2,2,0,0,0,0
pa,42085031400,42049011002,0,0,0,0,0,0,0,0
pa,42085031400,42085031300,0,0,0,0,0,0,0,0
pa,42085032300,42085033200,0,0,0,0,0,0,0,0
pa,42085032505,42085032802,0,0,0,0,0,0,0,0
pa,42085032505,42099030301,0,0,0,0,0,0,0,0
pa,42085032900,42019910301,0,0,0,0,0,0,0,0
pa,42085033100,42019902800,3,3,3,3,0,0,0,0
pa,42085033100,42085031200,0,0,0,0,0,0,0,0
pa,42087960100,42027011504,0,0,0,0,0,0,0,0
pa,42087960100,42041011102,1,1,1,1,0,0,0,0
pa,42087960300,42003980700,0,0,0,0,0,0,0,0
pa,42087961000,42055010401,0,0,0,0,0,0,0,0
pa,42087961200,42071000600,0,0,0,0,0,0,0,0
pa,42089300101,42079215200,0,0,0,0,0,0,0,0
pa,42089300316,42077006305,0,0,0,0,0,0,0,0
pa,42089300321,42089300401,0,0,0,0,0,0,0,0
pa,42089300321,42101980600,2,2,3,3,0,0,0,2
pa,42089300322,42089300203,0,0,0,0,0,0,0,0
pa,42089300322,42089300401,0,0,0,0,0,0,0,0
pa,42089300404,42103950806,0,0,0,0,0,0,0,0
pa,42089300600,42089300801,0,0,0,0,0,0,0,0
pa,42089301101,42089300404,0,0,0,0,0,0,0,0
pa,42089301202,42089301002,0,0,0,0,0,0,0,0
pa,42089301204,42089301202,1,1,1,1,0,0,0,0
pa,42089301405,42095016700,3,3,3,3,0,0,0,1
pa,42091200104,42045409902,8,10,12,12,0,0,0,1
pa,42091200301,42017101810,0,0,0,0,0,0,0,0
pa,42091200301,42091204010,4,4,4,5,0,0,0,1
pa,42091200401,42091201705,0,1,1,1,0,0,0,0
pa,42091200506,42091203304,0,0,0,0,0,0,0,0
pa,42091200507,42017101505,0,0,0,0,0,0,0,0
pa,42091200507,42079217001,9,9,10,10,0,0,0,0
pa,42091200507,42101038500,0,0,0,0,0,0,0,0
pa,42091200603,42017101805,1,1,1,1,0,0,0,0
pa,42091200603,42091201501,1,1,1,1,0,0,0,0
pa,42091200703,42091200507,0,0,0,0,0,0,0,0
pa,42091200703,42101012204,1,1,1,1,1,1,1,1
pa,42091200800,42017102104,0,0,0,0,0,0,0,0
pa,42091200800,42091205503,0,0,0,0,0,0,0,0
pa,42091200901,42091200105,0,0,0,0,0,0,0,0
pa,42091201201,42101016300,1,1,1,1,0,0,0,0
pa,42091201404,42101036901,1,1,1,1,0,0,0,0
pa,42091201408,42091201404,0,0,0,0,0,0,0,0
pa,42091201409,42091200607,0,0,0,0,0,0,0,0
pa,42091201501,42091206904,0,0,0,0,0,0,0,0
pa,42091201605,42091203803,1,2,2,2,0,0,0,0
pa,42091201608,42091202500,0,0,0,0,0,0,0,0
pa,42091201800,42133021500,4,5,5,9,0,0,0,1
pa,42091202301,42091203000,0,0,0,0,0,0,0,0
pa,42091202302,42091203402,2,2,2,2,0,0,0,0
pa,42091202302,42101037600,1,1,1,1,0,0,0,0
pa,42091202401,42091204300,1,1,1,1,0,0,0,0
pa,42091202500,42045980200,1,1,1,1,0,0,0,0
pa,42091203105,42101003901,1,1,1,1,1,1,1,1
pa,42091203205,42101017500,0,0,0,0,0,0,0,0
pa,42091203207,42101000701,2,2,2,2,0,0,0,0
pa,42091203303,42029300107,4,4,4,5,0,0,0,0
pa,42091203403,42091200606,0,0,0,0,0,0,0,0
pa,42091203403,42091201409,3,3,3,2,0,0,0,0
pa,42091203403,42091203500,0,0,0,0,0,0,0,0
pa,42091203500,42091200602,0,0,0,0,0,0,0,0
pa,42091203804,42091206904,0,0,0,0,0,0,0,0
pa,42091204101,42091205810,2,2,2,2,0,0,0,0
pa,42091204500,42091205402,0,0,0,0,0,0,0,0
pa,42091204800,42101007700,0,0,0,0,0,0,0,0
pa,42091205806,42091205906,0,0,0,0,0,0,0,0
pa,42091205810,42003140800,1,2,2,2,0,0,0,0
pa,42091205810,42091205100,1,1,1,1,0,0,0,0
pa,42091205903,42029300101,2,2,2,2,0,0,0,0
pa,42091206005,42091204009,0,0,0,0,0,0,0,0
pa,42091206007,42091201607,3,3,3,3,0,0,0,0
pa,42091206104,42011011400,3,3,3,3,0,0,0,0
pa,42091206106,42091200605,0,0,0,0,0,0,0,0
pa,42091206107,42029301300,0,0,0,0,0,0,0,0
pa,42091206300,42101034600,1,1,1,1,0,0,0,0
pa,42091206502,42029300303,0,0,0,0,0,0,0,0
pa,42091206801,42079211800,0,0,0,0,0,0,0,0
pa,42091206801,42091203601,0,0,0,0,0,0,0,0
pa,42091206801,42095010800,2,2,2,2,0,0,0,0
pa,42091206901,42091202301,0,0,0,0,0,0,0,0
pa,42091206904,42017106402,0,0,0,0,0,0,0,0
pa,42091206905,42091200507,0,0,0,0,0,0,0,0
pa,42091206905,42091200708,0,0,0,0,0,0,0,0
pa,42091207001,42101001002,3,3,3,3,1,1,1,2
pa,42091207103,42017101810,1,1,1,1,0,0,0,0
pa,42091207800,42029304101,8,8,8,8,0,0,0,0
pa,42091207900,42091208304,1,1,1,1,0,0,0,0
pa,42091208000,42091205402,2,2,2,2,0,0,0,0
pa,42091208100,42091206104,0,0,0,0,0,0,0,0
pa,42091208303,42091207004,2,2,2,2,0,0,0,0
pa,42091208304,42045408101,7,9,9,9,0,0,0,0
pa,42091208400,42091203204,0,0,0,0,0,0,0,0
pa,42091208500,42029302703,0,0,0,0,0,0,0,0
pa,42091208601,42091206105,0,0,0,0,0,0,0,0
pa,42091208603,42091206703,0,0,0,0,0,0,0,0
pa,42091208702,42091201404,3,3,3,2,0,0,0,0
pa,42091208904,42029301300,2,2,2,1,0,0,0,0
pa,42091208905,42091206104,0,0,0,0,0,0,0,0
pa,42091209202,42091208203,5,5,5,5,0,0,0,0
pa,42091210100,42091200506,0,0,0,0,0,0,0,0
pa,42091210400,42017101401,0,0,0,0,0,0,0,0
pa,42091210600,42091203403,0,0,0,0,0,0,0,0
pa,42091210700,42091209100,1,1,1,1,0,0,0,0
pa,42093050100,42037050300,0,0,0,0,0,0,0,0
pa,42093050300,42109070100,0,0,0,0,0,0,0,0
pa,42095010400,42095017704,1,1,1,1,0,0,0,0
pa,42095011000,42077006703,6,6,6,6,0,0,0,1
pa,42095011300,42095010500,2,2,2,2,0,0,0,0
pa,42095015202,42043022501,3,3,3,3,0,0,0,1
pa,42095015202,42095010800,4,4,4,5,0,0,0,2
pa,42095015202,42095017605,3,3,3,3,0,0,0,1
pa,42095015203,42077009100,3,3,3,3,0,0,0,1
pa,42095015300,42095017702,2,2,2,2,0,0,0,1
pa,42095015500,42077002100,6,7,7,7,0,0,0,1
pa,42095015801,42095015300,0,0,0,0,0,0,0,0
pa,42095015801,42095017101,1,1,1,1,0,0,0,0
pa,42095015901,42077006002,7,8,8,7,0,0,0,0
pa,42095016201,42077006703,5,5,5,5,0,0,0,0
pa,42095016400,42017103103,4,6,6,6,0,0,0,0
pa,42095016400,42095010800,1,2,2,2,0,0,0,0
pa,42095016500,42095017702,0,0,0,0,0,0,0,0
pa,42095016600,42095017607,1,1,1,1,0,0,0,0
pa,42095016700,42077006305,12,15,15,14,0,0,0,0
pa,42095016901,42095017902,3,3,3,3,0,0,0,0
pa,42095017104,42129807404,1,1,1,1,0,0,0,0
pa,42095017403,42077000102,4,5,5,5,0,0,0,3
pa,42095017404,42077005902,2,1,1,1,0,0,0,0
pa,42095017404,42095017704,0,0,0,0,0,0,0,0
pa,42095017501,42095011300,0,0,0,0,0,0,0,0
pa,42095017607,42095014600,0,0,0,0,0,0,0,0
pa,42095017607,42095017404,0,0,0,0,0,0,0,0
pa,42095017703,42027011600,16,18,18,18,0,0,0,0
pa,42095017704,42095010300,1,1,1,1,0,0,0,0
pa,42095018003,42101017500,0,0,0,0,0,0,0,0
pa,42095018200,42091207800,2,2,3,2,0,0,0,0
pa,42095018300,42077006205,3,3,3,3,0,0,0,2
pa,42097080100,42081000400,0,0,0,0,0,0,0,0
pa,42097080100,42097080200,0,0,0,0,0,0,0,0
pa,42097080200,42081010800,0,0,0,0,0,0,0,0
pa,42097080200,42119090600,0,0,0,0,0,0,0,0
pa,42097080302,42119090502,0,0,0,0,0,0,0,0
pa,42097080700,42093050200,0,0,0,0,0,0,0,0
pa,42097080800,42109070100,0,0,0,0,0,0,0,0
pa,42097081400,42079217700,5,4,5,5,0,0,0,0
pa,42097081700,42097080800,0,0,0,0,0,0,0,0
pa,42099030601,42067070300,0,0,0,0,0,0,0,0
pa,42099030602,42041011807,5,5,5,5,0,0,0,0
pa,42101000102,42017105202,0,0,0,0,0,0,0,0
pa,42101000102,42101036901,0,0,0,0,0,0,0,0
pa,42101000300,42101000806,0,0,0,0,0,0,0,0
pa,42101000901,42045407202,3,3,3,3,0,0,0,0
pa,42101001101,42101000404,0,0,0,0,0,0,0,0
pa,42101001101,42101016901,0,0,0,0,0,0,0,0
pa,42101001400,42101012501,0,0,0,0,0,0,0,0
pa,42101001500,42045403701,2,3,3,3,0,0,0,0
pa,42101001600,42101013200,0,0,0,0,0,0,0,0
pa,42101001900,42101002100,0,0,0,0,0,0,0,0
pa,42101002100,42101036901,0,0,0,0,0,0,0,0
pa,42101002702,42101012204,0,0,0,0,0,0,0,0
pa,42101002801,42091202500,0,0,0,0,0,0,0,0
pa,42101002801,42101013200,0,0,0,0,0,0,0,0
pa,42101003100,42029304101,7,9,11,12,0,0,0,0
pa,42101003200,42045407802,1,1,1,1,0,0,0,0
pa,42101003200,42101001400,0,0,0,0,0,0,0,0
pa,42101003200,42101011100,0,0,0,0,0,0,0,0
pa,42101003200,42101980901,0,0,0,0,0,0,0,0
pa,42101004002,42101980901,1,1,1,1,0,0,0,0
pa,42101004104,42045410500,1,1,1,1,0,0,0,0
pa,42101004104,42101001002,0,0,0,0,0,0,0,0
pa,42101005500,42101000500,0,0,0,0,0,0,0,0
pa,42101005500,42101008500,0,0,0,0,0,0,0,0
pa,42101006000,42101036902,0,0,0,0,0,0,0,0
pa,42101007101,42077002302,3,4,4,4,0,0,0,0
pa,42101007400,42101020900,0,0,0,0,0,0,0,0
pa,42101007700,42101000401,0,0,0,0,0,0,0,0
pa,42101007700,42101002702,0,0,0,0,0,0,0,0
pa,42101007900,42101000600,0,0,0,0,0,0,0,0
pa,42101007900,42101011900,0,0,0,0,0,0,0,0
pa,42101007900,42101036902,0,0,0,0,0,0,0,0
pa,42101008102,42101000806,0,0,0,0,0,0,0,0
pa,42101008301,42101039001,0,0,0,0,0,0,0,0
pa,42101008500,42101014201,0,0,0,0,0,0,0,0
pa,42101008701,42101036902,0,0,0,0,0,0,0,0
pa,42101009000,42101989100,0,0,0,0,0,0,0,0
pa,42101009200,42101001800,0,0,0,0,0,0,0,0
pa,42101009600,42101014600,1,1,1,2,0,0,0,0
pa,42101009802,42101036901,0,0,0,0,0,0,0,0
pa,42101010300,42101000101,0,0,0,0,0,0,0,0
pa,42101011400,42101017000,0,0,0,0,0,0,0,0
pa,42101011800,42101000101,0,0,0,0,0,0,0,0
pa,42101011900,42101000300,0,0,0,0,0,0,0,0
pa,42101011900,42101000404,0,0,0,0,0,0,0,0
pa,42101012501,42101000500,0,0,0,0,0,0,0,0
pa,42101013402,42003413400,11,13,13,13,0,0,0,0
pa,42101013602,42045400301,1,1,1,1,0,0,0,0
pa,42101014000,42091206300,0,0,0,0,0,0,0,0
pa,42101014400,42101000600,0,0,0,0,0,0,0,0
pa,42101014700,42011011906,0,0,0,0,0,0,0,0
pa,42101015101,42101016002,0,0,0,0,0,0,0,0
pa,42101015200,42091204002,2,3,3,3,1,1,1,2
pa,42101016500,42091205808,0,0,0,0,0,0,0,0
pa,42101016702,42101000404,0,0,0,0,0,0,0,0
pa,42101016800,42091202100,0,0,0,0,0,0,0,0
pa,42101016902,42101033900,0,0,0,0,0,0,0,0
pa,42101017100,42101014100,0,0,0,0,0,0,0,0
pa,42101017201,42045410700,1,1,1,1,0,0,0,0
pa,42101017202,42043024503,2,2,2,2,0,0,0,1
pa,42101018002,42101014202,0,0,0,0,0,0,0,0
pa,42101018802,42101036600,0,0,0,0,0,0,0,0
pa,42101019501,42091205402,0,0,0,0,0,0,0,0
pa,42101020000,42101000500,1,1,1,1,0,0,0,0
pa,42101020102,42101004001,1,1,1,1,0,0,0,0
pa,42101020200,42029302207,2,2,2,4,0,0,0,0
pa,42101020200,42101000500,0,0,0,0,0,0,0,0
pa,42101020300,42091200708,0,0,0,0,0,0,0,0
pa,42101020702,42101000300,0,0,0,0,0,0,0,0
pa,42101021500,42045407502,5,5,5,5,0,0,0,2
pa,42101021600,42101000300,0,0,0,0,0,0,0,0
pa,42101021700,42101021600,0,0,0,0,0,0,0,0
pa,42101023700,42101028200,0,0,0,0,0,0,0,0
pa,42101024000,42101020500,0,0,0,0,0,0,0,0
pa,42101024400,42101013900,0,0,0,0,0,0,0,0
pa,42101024400,42101023700,0,0,0,0,0,0,0,0
pa,42101024700,42091205503,1,1,1,1,0,0,0,0
pa,42101025400,42107003500,2,2,2,2,0,0,0,0
pa,42101025600,42091210300,0,0,0,0,0,0,0,0
pa,42101025600,42101000600,1,1,1,1,0,0,0,0
pa,42101025900,42091202500,0,0,0,0,0,0,0,0
pa,42101026400,42091200301,0,0,0,0,0,0,0,0
pa,42101026400,42101024600,0,0,0,0,0,0,0,0
pa,42101026500,42101000500,1,1,1,1,0,0,0,0
pa,42101026600,42101000500,1,1,1,1,0,0,0,0
pa,42101026800,42091200507,0,0,0,0,0,0,0,0
pa,42101026800,42101000101,0,0,0,0,0,0,0,0
pa,42101026800,42101024700,0,0,0,0,0,0,0,0
pa,42101026800,42101036700,0,0,0,0,0,0,0,0
pa,42101027300,42091202602,0,0,0,0,0,0,0,0
pa,42101027500,42101036902,1,1,1,1,0,0,0,0
pa,42101028200,42101000403,2,2,2,2,0,0,0,0
pa,42101028300,42101014400,0,0,0,0,0,0,0,0
pa,42101028700,42101039002,0,0,0,0,0,0,0,0
pa,42101028800,42017101900,2,2,2,2,0,0,0,0
pa,42101028800,42101017100,0,0,0,0,0,0,0,0
pa,42101029100,42091200506,1,1,1,1,0,0,0,0
pa,42101029200,42045406700,0,0,0,0,0,0,0,0
pa,42101029300,42003020100,1,2,2,4,0,0,0,2
pa,42101029400,42045405000,0,0,0,0,0,0,0,0
pa,42101029800,42091201404,1,1,1,1,0,0,0,0
pa,42101029800,42101016001,0,0,0,0,0,0,0,0
pa,42101030200,42091204002,2,2,2,2,0,0,0,0
pa,42101030200,42091204300,0,0,0,0,0,0,0,0
pa,42101030502,42091204300,0,0,0,0,0,0,0,0
pa,42101030800,42091201404,1,1,1,1,0,0,0,0
pa,42101030800,42101036400,1,1,1,2,0,0,0,1
pa,42101031200,42101980400,0,0,0,0,0,0,0,0
pa,42101031401,42101017400,0,0,0,0,0,0,0,0
pa,42101031700,42101002400,0,0,0,0,0,0,0,0
pa,42101031800,42091202100,0,0,0,0,0,0,0,0
pa,42101031900,42101036700,0,0,0,0,0,0,0,0
pa,42101032000,42101004002,0,0,0,0,0,0,0,0
pa,42101032300,42101000805,0,0,0,0,0,0,0,0
pa,42101032300,42101028901,0,0,0,0,0,0,0,0
pa,42101032600,42101010500,1,1,1,1,0,0,0,0
pa,42101033102,42101000701,0,0,0,0,0,0,0,0
pa,42101033300,42091201902,0,0,0,0,0,0,0,0
pa,42101034400,42017100201,0,0,0,0,0,0,0,0
pa,42101034600,42091200507,0,0,0,0,0,0,0,0
pa,42101034600,42101000403,0,0,0,0,0,0,0,0
pa,42101034701,42017101503,0,0,0,0,0,0,0,0
pa,42101034701,42101014300,1,1,1,2,0,0,0,2
pa,42101034701,42101019000,1,1,1,2,0,0,0,1
pa,42101034702,42101000300,0,0,0,0,0,0,0,0
pa,42101034702,42101000500,0,0,0,0,0,0,0,0
pa,42101034801,42017104601,1,1,1,1,0,0,0,0
pa,42101034900,42043023602,0,0,0,0,0,0,0,0
pa,42101034900,42101000701,0,0,0,0,0,0,0,0
pa,42101035301,42101000403,0,0,0,0,0,0,0,0
pa,42101035302,42101014202,0,0,0,0,0,0,0,0
pa,42101035601,42101017201,0,0,0,0,0,0,0,0
pa,42101035800,42101009000,1,1,1,1,0,0,0,0
pa,42101035800,42101035602,0,0,0,0,0,0,0,0
pa,42101036100,42101002900,0,0,0,0,0,0,0,0
pa,42101036201,42101000701,0,0,0,0,0,0,0,0
pa,42101036202,42101036400,0,0,0,0,0,0,0,0
pa,42101036203,42101021100,1,1,1,2,0,0,0,1
pa,42101036502,42017100213,2,2,3,3,0,0,0,0
pa,42101036700,42045404103,2,4,4,4,0,0,0,0
pa,42101037300,42101000500,0,0,0,0,0,0,0,0
pa,42101037500,42101000500,0,0,0,0,0,0,0,0
pa,42101037700,42091200707,0,0,0,0,0,0,0,0
pa,42101037900,42091205905,0,0,0,0,0,0,0,0
pa,42101038200,42045402200,0,0,0,0,0,0,0,0
pa,42101038800,42101038700,0,0,0,0,0,0,0,0
pa,42103950103,42103950601,0,0,0,0,0,0,0,0
pa,42103950804,42089301404,0,0,0,0,0,0,0,0
pa,42107000200,42079217001,1,1,1,1,0,0,0,1
pa,42107000300,42101031502,0,0,0,1,0,0,0,1
pa,42107000400,42029302703,1,1,1,1,0,0,0,0
pa,42107000601,42079217002,7,6,6,6,0,0,0,0
pa,42107000601,42133010210,3,4,5,5,0,0,0,0
pa,42107001000,42101000404,3,3,3,3,0,0,0,0
pa,42107001100,42107001200,0,0,0,0,0,0,0,0
pa,42107001600,42107003200,0,0,0,0,0,0,0,0
pa,42107002000,42043021904,4,4,4,4,0,0,0,1
pa,42107002600,42075003500,0,0,0,0,0,0,0,0
pa,42107002600,42107002200,0,0,0,0,0,0,0,0
pa,42107003700,42107001200,0,0,0,0,0,0,0,0
pa,42109070100,42043022601,4,4,4,4,0,0,0,0
pa,42109070100,42097080302,0,0,0,0,0,0,0,0
pa,42109070400,42087961000,0,0,0,0,0,0,0,0
pa,42109070600,42101980600,0,0,0,0,0,0,0,0
pa,42111020400,42111020102,0,0,0,0,0,0,0,0
pa,42111020700,42013011300,1,1,1,1,0,0,0,0
pa,42111020802,42085033100,0,0,0,0,0,0,0,0
pa,42111021400,42111020900,0,0,0,0,0,0,0,0
pa,42111021903,42013011002,0,0,0,0,0,0,0,0
pa,42115032000,42115032901,0,0,0,0,0,0,0,0
pa,42115032500,42115032800,0,0,0,0,0,0,0,0
pa,42115032600,42069111600,2,2,2,2,0,0,0,0
pa,42117950300,42101000403,14,17,17,18,0,0,0,0
pa,42117950400,42117950700,0,0,0,0,0,0,0,0
pa,42117950600,42117950700,0,0,0,0,0,0,0,0
pa,42119090300,42041012400,2,2,2,2,2,2,2,2
pa,42119090502,42097080200,0,0,0,0,0,0,0,0
pa,42119090700,42027012600,0,0,0,0,0,0,0,0
pa,42121200000,42039111100,0,0,0,0,0,0,0,0
pa,42121200300,42121200100,0,0,0,0,0,0,0,0
pa,42121200400,42121201200,0,0,0,0,0,0,0,0
pa,42123970300,42123970800,0,0,0,0,0,0,0,0
pa,42123970800,42123970600,0,0,0,0,0,0,0,0
pa,42125711000,42003459201,3,4,2,2,0,0,0,2
pa,42125741300,42003456003,1,1,1,1,0,0,0,0
pa,42125742200,42003170200,17,17,17,16,0,0,0,2
pa,42125745102,42125742102,5,4,4,4,0,0,0,0
pa,42125746100,42125742101,22,19,17,12,0,0,0,2
pa,42125746301,42125795800,14,13,12,10,0,0,0,0
pa,42125753700,42125745101,5,5,5,5,0,0,0,0
pa,42125755100,42003437000,5,6,7,8,1,1,1,2
pa,42125755200,42125745200,0,0,0,0,0,0,0,0
pa,42125761000,42003513000,2,2,2,2,0,0,0,0
pa,42125771200,42003480200,4,4,5,5,0,0,0,1
pa,42125781700,42003564500,0,0,0,0,0,0,0,0
pa,42125781700,42129806100,3,4,4,4,1,1,1,1
pa,42127960500,42127960700,0,0,0,0,0,0,0,0
pa,42127960500,42127960800,0,0,0,0,0,0,0,0
pa,42127960700,42107000300,12,14,15,15,0,0,0,1
pa,42127961001,42069112100,0,0,0,0,0,0,0,0
pa,42129800200,42049001200,4,4,4,4,0,0,0,0
pa,42129800300,42003526201,1,1,1,1,0,0,0,0
pa,42129800300,42091200507,1,1,2,3,0,0,0,1
pa,42129800900,42003551300,1,1,1,1,0,0,0,0
pa,42129801002,42027011002,0,0,0,0,0,0,0,0
pa,42129801100,42063962100,0,0,0,0,0,0,0,0
pa,42129802004,42129802103,0,0,0,0,0,0,0,0
pa,42129802103,42019912304,0,0,0,0,0,0,0,0
pa,42129802301,42021011100,0,0,0,0,0,0,0,0
pa,42129802304,42003020100,0,0,0,1,0,0,0,1
pa,42129802400,42003565100,0,0,0,0,0,0,0,0
pa,42129802600,42003170200,3,3,3,3,0,0,0,1
pa,42129802600,42125795800,26,22,21,19,0,0,0,1
pa,42129802900,42085031300,2,2,2,2,0,0,0,0
pa,42129803100,42129803000,0,0,0,0,0,0,0,0
pa,42129803301,42003486700,0,0,0,0,0,0,0,0
pa,42129803301,42007600702,0,0,1,2,0,0,0,1
pa,42129803301,42051261900,1,1,1,1,0,0,0,0
pa,42129803302,42003564200,0,0,0,0,0,0,0,0
pa,42129803501,42033330200,3,3,4,4,0,0,0,0
pa,42129803700,42003090200,7,8,8,8,0,0,0,1
pa,42129803700,42129802700,0,0,0,0,0,0,0,0
pa,42129803800,42129802301,0,0,0,0,0,0,0,0
pa,42129804400,42003523800,0,0,0,0,0,0,0,0
pa,42129804501,42003477100,1,2,2,2,0,0,0,0
pa,42129804600,42129802500,0,0,0,0,0,0,0,0
pa,42129804600,42129804504,0,0,0,0,0,0,0,0
pa,42129804803,42003504100,1,2,2,2,0,0,0,0
pa,42129804901,42129803501,1,2,2,2,0,0,0,0
pa,42129804902,42003421100,6,6,7,7,0,0,0,2
pa,42129805100,42129803200,0,0,0,0,0,0,0,0
pa,42129805904,42051261500,0,0,0,0,0,0,0,0
pa,42129806500,42051260402,0,0,0,0,0,0,0,0
pa,42129806900,42051260900,0,0,0,0,0,0,0,0
pa,42129807401,42021010801,0,0,0,0,0,0,0,0
pa,42129807403,42129804200,0,0,0,0,0,0,0,0
pa,42129807404,42129807300,0,0,0,0,0,0,0,0
pa,42129807500,42003982200,2,3,3,3,0,0,0,0
pa,42129808100,42129807500,0,0,0,0,0,0,0,0
pa,42131400600,42015951100,0,0,0,0,0,0,0,0
pa,42131400700,42079211800,5,5,5,5,0,0,0,0
pa,42133000100,42133021100,0,0,0,0,0,0,0,0
pa,42133000400,42043020900,0,0,0,0,0,0,0,0
pa,42133000500,42017105506,0,0,1,3,0,0,0,2
pa,42133000500,42043020100,0,0,0,0,0,0,0,0
pa,42133000600,42043020100,0,0,0,0,0,0,0,0
pa,42133000900,42133000600,0,0,0,0,0,0,0,0
pa,42133001400,42043022902,0,0,0,0,0,0,0,0
pa,42133001400,42133021010,0,0,0,0,0,0,0,0
pa,42133010120,42133010132,0,0,0,0,0,0,0,0
pa,42133010130,42041010203,0,0,0,0,0,0,0,0
pa,42133010520,42041011102,0,0,0,0,0,0,0,0
pa,42133020100,42041011803,2,2,2,2,0,0,0,0
pa,42133020220,42043022901,0,0,0,0,0,0,0,0
pa,42133020422,42133021223,0,0,0,0,0,0,0,0
pa,42133020510,42001030500,0,0,0,0,0,0,0,0
pa,42133020601,42041012801,0,0,0,0,0,0,0,0
pa,42133020721,42043022901,0,0,0,0,0,0,0,0
pa,42133020722,42133020802,0,0,0,0,0,0,0,0
pa,42133020801,42041011807,0,0,0,0,0,0,0,0
pa,42133020802,42043022901,0,0,0,0,0,0,0,0
pa,42133020910,42041011301,2,2,2,2,0,0,0,0
pa,42133020910,42133001400,0,0,0,0,0,0,0,0
pa,42133020921,42043021100,0,0,0,0,0,0,0,0
pa,42133021223,42133021500,0,0,0,0,0,0,0,0
pa,42133021224,42003459201,4,5,5,6,0,0,0,1
pa,42133021300,42001030801,0,0,0,0,0,0,0,0
pa,42133021712,42133021100,0,0,0,0,0,0,0,0
pa,42133021712,42133021711,0,0,0,0,0,0,0,0
pa,42133022000,42133020421,0,1,1,1,0,0,0,0
pa,42133022300,42133022200,0,0,0,0,0,0,0,0
pa,42133022602,42071011102,0,0,0,0,0,0,0,0
pa,42133022922,42091205903,1,2,3,5,0,0,0,0
pa,42133023200,42071012404,0,0,0,0,0,0,0,0
pa,42133023302,42071010902,0,0,0,0,0,0,0,0
pa,42133023302,42133024002,0,0,0,0,0,0,0,0
pa,42133023400,42133001400,0,0,0,0,0,0,0,0
pa,42133023721,42133021100,0,0,0,0,0,0,0,0
pa,42133023810,42133001400,0,0,0,0,0,0,0,0
pa,42133023823,42133023810,0,0,0,0,0,0,0,0
pa,42133024001,42071013001,1,1,1,1,0,0,0,0
tn,47001020201,47001020400,1,1,1,1,0,0,0,0
tn,47001020201,47001980100,1,1,1,1,0,0,0,0
tn,47001020202,47093006800,2,3,3,4,1,1,1,2
tn,47001020300,47013950500,4,5,5,5,0,0,0,0
tn,47001020400,47093000100,2,2,2,2,0,0,0,0
tn,47001020500,47125101902,4,6,7,9,1,1,1,2
tn,47001020600,47037010302,4,5,5,6,1,1,1,2
tn,47001020901,47093005903,4,5,5,4,0,0,0,1
tn,47001021100,47037019503,3,3,4,5,1,1,1,2
tn,47001021201,47093004800,3,4,4,4,0,0,0,0
tn,47001021301,47115050301,3,3,3,3,0,0,0,0
tn,47001021304,47001021301,2,2,2,2,0,0,0,0
tn,47003950100,47003950402,0,0,1,1,0,0,0,0
tn,47003950100,47037018000,2,2,2,2,0,0,0,0
tn,47003950201,47149040200,3,3,4,4,0,0,1,3
tn,47003950300,47037019600,3,4,4,5,0,0,0,0
tn,47003950300,47149040812,5,6,7,7,1,2,2,4
tn,47003950500,47003950401,0,0,0,0,0,0,0,0
tn,47003950500,47037015404,2,2,3,3,0,0,0,0
tn,47003950600,47003950401,0,0,0,0,0,0,0,0
tn,47003950600,47113000500,1,2,2,2,0,0,0,0
tn,47003950600,47117955200,0,0,0,0,0,0,0,0
tn,47003950800,47031971001,1,1,1,1,0,0,0,0
tn,47005963000,47005963100,0,0,0,0,0,0,0,0
tn,47005963100,47085130400,2,2,2,2,0,0,0,0
tn,47005963300,47085130200,2,2,2,2,0,0,0,0
tn,47007953000,47007953102,0,0,0,0,0,0,0,0
tn,47009010100,47009010200,0,0,0,0,0,0,0,0
tn,47009010200,47009011607,4,5,5,5,0,0,0,1
tn,47009010302,47009010200,0,1,1,1,0,0,0,0
tn,47009010302,47009011201,0,0,0,0,0,0,0,0
tn,47009010600,47093005706,2,3,3,3,0,0,0,0
tn,47009011001,47093001600,7,9,10,10,0,0,0,1
tn,47009011001,47123925002,4,4,5,5,0,0,0,1
tn,47009011002,47009011001,0,0,0,0,0,0,0,0
tn,47009011101,47009011607,2,2,2,2,0,0,0,0
tn,47009011102,47093000100,7,10,11,11,1,1,1,1
tn,47009011201,47009010100,2,3,3,3,0,0,0,1
tn,47009011201,47105060600,2,3,4,5,1,1,1,2
tn,47009011202,47009010600,1,1,1,1,0,0,0,0
tn,47009011302,47009010302,3,3,4,4,0,0,0,0
tn,47009011302,47093006700,5,5,5,6,0,0,0,0
tn,47009011401,47009010200,3,3,4,4,0,0,0,0
tn,47009011603,47093002600,5,6,7,7,0,0,0,0
tn,47009011604,47009010600,0,0,0,0,0,0,0,0
tn,47009011606,47009010301,3,3,3,3,0,0,0,1
tn,47009011606,47093004502,3,3,3,3,0,0,0,0
tn,47009011606,47093005604,6,8,8,8,0,0,0,0
tn,47009980100,47093001500,2,3,4,4,0,0,0,2
tn,47011010100,47037010701,0,0,0,0,0,0,0,0
tn,47011010201,47001020500,2,2,3,3,0,0,0,0
tn,47011010202,47011010700,0,0,0,0,0,0,0,0
tn,47011010600,47011010500,0,0,0,0,0,0,0,0
tn,47011010600,47011011203,0,0,0,0,0,0,0,0
tn,47011010700,47011010100,0,0,0,0,0,0,0,0
tn,47011010700,47065010501,1,2,2,2,0,0,0,0
tn,47011010800,47011010700,0,0,0,0,0,0,0,0
tn,47011010900,47065011311,0,1,1,1,0,0,0,0
tn,47011011102,47011010400,0,0,0,0,0,0,0,0
tn,47011011102,47093005704,1,1,1,1,0,0,0,0
tn,47011011102,47145030204,2,2,2,3,0,0,0,1
tn,47011011203,47143975401,7,8,8,8,0,0,0,1
tn,47011011204,47011010500,0,0,0,0,0,0,0,0
tn,47011011204,47011011302,0,0,0,0,0,0,0,0
tn,47011011204,47065011411,0,0,0,0,0,0,0,0
tn,47011011403,47123925200,1,1,1,1,0,0,0,0
tn,47011011404,47011011203,0,0,0,0,0,0,0,0
tn,47013950800,47001980100,10,10,10,10,0,0,0,0
tn,47013950800,47093001700,6,6,6,8,0,0,0,2
tn,47015960201,47149040200,4,6,7,7,0,0,1,1
tn,47015960202,47037015613,2,4,4,4,0,0,0,0
tn,47017962201,47079969602,1,1,2,2,0,0,0,0
tn,47017962400,47053966502,0,0,0,0,0,0,0,0
tn,47017962500,47037013300,0,0,0,0,0,0,0,0
tn,47019070200,47059090400,18,22,22,22,0,0,0,2
tn,47019070200,47179062000,12,15,15,15,0,0,0,4
tn,47019070500,47019070100,1,1,1,1,0,0,0,0
tn,47019070500,47163042100,6,8,9,9,0,0,0,0
tn,47019070600,47163043500,11,15,15,16,1,1,1,5
tn,47019070700,47179061704,16,17,17,17,0,0,0,2
tn,47019071200,47019070100,3,3,3,2,0,0,0,0
tn,47019071200,47035970502,23,28,28,29,0,0,0,3
tn,47019071301,47019070100,2,2,2,2,1,1,1,1
tn,47019071301,47019070300,2,2,2,2,1,1,1,1
tn,47019071302,47019070100,2,2,2,2,1,1,1,1
tn,47019071302,47179060902,7,8,8,8,1,1,1,1
tn,47019071302,47179061301,3,3,3,3,1,1,1,3
tn,47021070102,47021070300,3,3,3,3,1,1,1,1
tn,47021070102,47125100800,4,4,4,4,1,1,1,1
tn,47021070103,47165021105,4,4,4,4,2,2,1,1
tn,47021070104,47093003100,3,3,4,6,1,1,1,3
tn,47021070201,47037015806,0,2,2,1,1,1,1,1
tn,47021070202,47037017200,5,6,7,8,0,0,0,0
tn,47021070203,47125101902,1,2,2,2,0,0,0,1
tn,47021070401,47037016500,1,1,1,1,0,0,0,0
tn,47023970200,47113001612,3,4,4,4,0,0,0,0
tn,47023970301,47023970200,0,0,0,0,0,0,0,0
tn,47023970302,47157007300,6,8,9,10,1,1,1,3
tn,47023970302,47157020632,5,8,8,9,1,1,1,4
tn,47025970300,47093002900,1,1,3,4,0,0,0,1
tn,47025970600,47025970300,1,1,3,3,0,0,0,0
tn,47025970600,47093005911,5,5,5,5,0,0,0,1
tn,47025970700,47025970300,1,1,1,1,0,0,0,0
tn,47025970800,47025970900,1,1,2,2,1,1,1,1
tn,47025970900,47025970700,1,1,1,1,1,1,1,1
tn,47027955000,47133950302,0,0,0,0,0,0,0,0
tn,47029920200,47029920501,1,2,2,2,0,0,0,0
tn,47029920300,47037015629,5,6,6,7,0,0,0,2
tn,47029920502,47155081001,3,3,3,3,0,0,0,0
tn,47031970100,47031970600,0,0,0,0,0,0,0,0
tn,47031970202,47031970600,0,0,0,0,0,0,0,0
tn,47031970202,47031970700,1,1,1,1,0,0,0,0
tn,47031970401,47065011444,1,1,1,2,0,0,0,1
tn,47031970501,47149041800,2,2,2,2,0,0,0,0
tn,47031970700,47065012400,0,0,0,0,0,0,0,0
tn,47031970804,47031970600,1,1,2,2,0,0,1,1
tn,47031970900,47057500402,8,9,11,12,1,1,1,4
tn,47031970900,47165021201,5,5,5,5,2,2,1,1
tn,47031970900,47187051001,7,9,9,9,0,1,1,1
tn,47031971002,47051960500,2,2,2,2,0,0,0,0
tn,47033961200,47045964002,0,0,0,0,0,0,0,0
tn,47033961400,47045964200,2,2,2,2,0,0,0,0
tn,47035970101,47065011445,14,16,15,16,0,0,0,0
tn,47035970302,47149040909,9,15,15,15,0,1,1,4
tn,47035970702,47065002500,2,2,2,2,0,0,0,0
tn,47035970800,47149041800,5,11,11,12,0,1,1,1
tn,47037010105,47037013600,0,0,0,0,0,0,0,0
tn,47037010105,47187051204,4,4,4,5,0,0,0,1
tn,47037010201,47037015613,2,2,2,2,0,0,0,0
tn,47037010201,47189030500,11,12,13,13,0,0,0,2
tn,47037010202,47037018303,0,0,0,0,0,0,0,0
tn,47037010401,47165020700,3,3,4,5,3,3,2,3
tn,47037010501,47037014400,0,0,0,0,0,0,0,0
tn,47037010501,47037016500,0,0,0,0,0,0,0,0
tn,47037010502,47037013702,0,0,0,0,0,0,0,0
tn,47037010701,47141000700,2,2,2,3,0,0,0,2
tn,47037010903,47037010106,0,0,0,0,0,0,0,0
tn,47037011001,47037015900,0,0,0,0,0,0,0,0
tn,47037011001,47037016500,0,0,0,0,0,0,0,0
tn,47037011001,47037018102,3,4,4,4,0,0,0,0
tn,47037011001,47065011311,0,0,0,0,0,0,0,0
tn,47037011300,47021070300,8,10,10,10,1,1,1,2
tn,47037011400,47037017200,0,0,0,0,0,0,0,0
tn,47037011400,47149040901,1,1,2,2,0,0,0,1
tn,47037011400,47187050211,0,0,0,0,0,0,0,0
tn,47037011500,47187051206,2,2,2,2,0,0,0,0
tn,47037011600,47037014400,0,0,0,0,0,0,0,0
tn,47037011700,47037019501,0,0,0,0,0,0,0,0
tn,47037011800,47037015300,2,2,2,2,0,0,0,0
tn,47037011900,47037018901,0,0,0,0,0,0,0,0
tn,47037012100,47037013001,4,4,4,4,1,1,1,2
tn,47037012100,47037016500,0,0,0,0,0,0,0,0
tn,47037012100,47037017200,0,0,0,0,0,0,0,0
tn,47037012600,47037011300,0,0,0,0,0,0,0,0
tn,47037012701,47037019503,2,2,2,2,0,0,0,0
tn,47037012702,47165021205,5,5,5,5,2,2,1,1
tn,47037012801,47093004300,5,5,6,7,0,0,0,1
tn,47037013201,47037013702,0,0,0,0,0,0,0,0
tn,47037013202,47187050305,3,3,3,3,0,0,0,1
tn,47037013400,47037016500,0,0,0,0,0,0,0,0
tn,47037013400,47125101803,2,2,2,2,0,0,0,0
tn,47037013500,47037018901,0,0,0,0,0,0,0,0
tn,47037013600,47187050211,0,0,0,0,0,0,0,0
tn,47037013702,47189030908,0,0,0,1,0,0,0,1
tn,47037014200,47037019502,0,0,0,0,0,0,0,0
tn,47037014300,47021070300,5,6,6,6,0,0,0,1
tn,47037014300,47037017200,0,0,0,0,0,0,0,0
tn,47037014400,47037015613,1,1,1,1,0,0,0,0
tn,47037014400,47037019501,0,0,0,0,0,0,0,0
tn,47037014400,47037980100,0,0,0,0,0,0,0,0
tn,47037015100,47037016500,0,0,1,1,0,0,0,0
tn,47037015300,47037010702,0,0,0,0,0,0,0,0
tn,47037015300,47037017200,0,0,0,0,0,0,0,0
tn,47037015402,47037015613,1,1,1,3,1,1,1,3
tn,47037015405,47037016500,0,0,0,0,0,0,0,0
tn,47037015405,47037019300,0,0,0,0,0,0,0,0
tn,47037015501,47037015200,0,0,0,0,0,0,0,0
tn,47037015502,47187050304,0,0,0,0,0,0,0,0
tn,47037015609,47037010106,0,0,0,0,0,0,0,0
tn,47037015609,47037015300,0,1,1,1,0,0,0,0
tn,47037015609,47037019401,0,0,0,0,0,0,0,0
tn,47037015609,47189030700,3,3,3,4,0,0,0,1
tn,47037015613,47037015700,0,0,0,0,0,0,0,0
tn,47037015613,47113000200,0,0,0,0,0,0,0,0
tn,47037015617,47037019503,0,0,0,0,0,0,0,0
tn,47037015619,47189030906,1,1,1,1,0,0,0,0
tn,47037015620,47187050307,0,0,0,0,0,0,0,0
tn,47037015620,47189030202,4,6,6,7,1,2,2,3
tn,47037015622,47037013001,4,4,4,4,1,1,1,2
tn,47037015622,47037017200,0,0,0,0,0,0,0,0
tn,47037015623,47037015613,0,0,0,2,0,0,0,2
tn,47037015625,47003950500,1,1,3,3,0,0,0,0
tn,47037015625,47037016400,0,0,1,1,0,0,0,0
tn,47037015625,47037016600,0,0,1,1,0,0,0,0
tn,47037015626,47037015630,0,0,0,0,0,0,0,0
tn,47037015626,47037016500,0,0,0,0,0,0,0,0
tn,47037015626,47037017902,0,0,0,0,0,0,0,0
tn,47037015626,47093006403,3,3,4,5,0,0,0,1
tn,47037015629,47037016500,1,1,1,1,0,0,0,0
tn,47037015630,47037015300,0,1,2,2,0,0,0,0
tn,47037015630,47037017200,1,1,1,1,0,0,0,0
tn,47037015632,47037019200,0,0,0,0,0,0,0,0
tn,47037015632,47165020501,4,4,5,5,3,3,2,3
tn,47037015633,47037017902,0,0,0,1,0,0,0,1
tn,47037015634,47037014200,0,0,0,0,0,0,0,0
tn,47037015634,47149040812,3,5,5,5,0,0,0,0
tn,47037015634,47149042301,6,8,8,7,1,2,2,3
tn,47037015634,47187050304,0,0,0,0,0,0,0,0
tn,47037015636,47037010302,2,3,3,3,0,0,0,0
tn,47037015636,47125102007,1,2,3,3,0,0,0,0
tn,47037015804,47165021205,2,2,1,1,2,2,1,1
tn,47037015805,47149040312,2,4,4,3,0,0,0,0
tn,47037015806,47037019502,0,0,0,0,0,0,0,0
tn,47037015806,47165021009,1,1,2,2,0,0,0,0
tn,47037016000,47037010701,0,0,0,0,0,0,0,0
tn,47037016100,47037980200,0,0,0,0,0,0,0,0
tn,47037016700,47037016600,0,0,0,0,0,0,0,0
tn,47037016900,47037016500,0,0,0,0,0,0,0,0
tn,47037016900,47037019503,0,0,0,0,0,0,0,0
tn,47037017300,47037017901,0,0,0,1,0,0,0,1
tn,47037017300,47187050904,0,0,0,0,0,0,0,0
tn,47037017402,47037016500,0,0,0,0,0,0,0,0
tn,47037017500,47037016500,0,0,0,0,0,0,0,0
tn,47037017500,47187050604,2,2,2,3,1,1,1,2
tn,47037017800,47037011001,0,0,0,0,0,0,0,0
tn,47037017800,47037016500,0,0,0,0,0,0,0,0
tn,47037017901,47037016500,0,0,0,1,0,0,0,1
tn,47037017901,47187050304,3,4,4,5,0,0,0,1
tn,47037018101,47037016500,0,0,0,0,0,0,0,0
tn,47037018102,47037019503,0,0,0,0,0,0,0,0
tn,47037018203,47037017200,2,2,2,2,0,0,0,1
tn,47037018203,47037018000,2,2,2,2,0,0,0,1
tn,47037018204,47037016500,3,3,3,3,0,0,0,1
tn,47037018204,47037018404,0,0,0,0,0,0,0,0
tn,47037018205,47037016600,2,2,2,2,0,0,0,0
tn,47037018302,47037016500,3,3,3,3,0,0,0,1
tn,47037018302,47037018000,3,3,3,3,0,0,0,0
tn,47037018304,47037018700,0,0,0,0,0,0,0,0
tn,47037018304,47177930400,7,7,9,9,0,0,0,1
tn,47037018304,47187050801,0,0,0,0,0,0,0,0
tn,47037018405,47037019503,3,3,3,3,0,0,0,1
tn,47037018407,47187050307,2,2,2,2,0,0,0,0
tn,47037018408,47037017702,0,0,0,0,0,0,0,0
tn,47037018411,47037016500,0,0,0,0,0,0,0,0
tn,47037018500,47037016400,0,0,0,1,0,0,0,1
tn,47037018700,47037017200,0,0,0,0,0,0,0,0
tn,47037018801,47037015630,0,0,0,0,0,0,0,0
tn,47037018803,47065002400,0,0,0,0,0,0,0,0
tn,47037018803,47165021005,1,1,1,1,0,0,0,0
tn,47037018804,47165021007,4,4,5,5,0,0,0,0
tn,47037018804,47165021205,3,3,3,3,2,2,1,1
tn,47037018901,47187050702,0,0,0,1,0,0,0,1
tn,47037018904,47037018000,0,0,0,0,0,0,0,0
tn,47037018905,47187050406,0,0,0,1,0,0,0,1
tn,47037019105,47037015629,0,0,0,0,0,0,0,0
tn,47037019106,47037019503,0,0,0,0,0,0,0,0
tn,47037019109,47093004611,1,1,1,2,0,0,0,1
tn,47037019111,47037011300,0,0,0,0,0,0,0,0
tn,47037019112,47037014200,0,0,0,0,0,0,0,0
tn,47037019112,47037017200,0,0,0,0,0,0,0,0
tn,47037019112,47149040200,1,1,1,2,0,0,0,0
tn,47037019117,47149042301,2,2,3,3,0,0,0,0
tn,47037019118,47037015404,0,0,0,0,0,0,0,0
tn,47037019118,47037019600,0,0,0,0,0,0,0,0
tn,47037019121,47157004200,3,3,7,9,0,0,0,1
tn,47037019200,47187050304,0,0,0,0,0,0,0,0
tn,47037019300,47037014200,0,0,0,0,0,0,0,0
tn,47037019401,47187050103,1,2,2,3,0,0,0,0
tn,47037019402,47037019503,0,0,0,0,0,0,0,0
tn,47037019502,47037019402,0,0,0,0,0,0,0,0
tn,47037019503,47037016500,0,0,0,0,0,0,0,0
tn,47037019503,47037017901,0,0,0,1,0,0,0,1
tn,47037019600,47149040105,1,3,3,2,0,0,0,0
tn,47039955003,47085130500,0,0,0,0,0,0,0,0
tn,47041920102,47041920201,2,2,2,2,0,0,0,0
tn,47041920102,47149040704,5,7,8,9,0,0,0,1
tn,47041920300,47041920201,2,2,2,2,0,0,0,0
tn,47041920300,47119010700,6,8,8,8,0,1,1,2
tn,47043060100,47043060501,0,0,0,0,0,0,0,0
tn,47043060100,47043060502,0,0,0,0,0,0,0,0
tn,47043060201,47043060501,0,0,0,0,0,0,0,0
tn,47043060202,47037016500,6,7,7,7,0,0,0,0
tn,47043060402,47037019503,0,0,0,0,0,0,0,0
tn,47043060402,47187050801,4,4,4,4,0,0,0,0
tn,47043060601,47119010700,4,5,5,5,2,2,2,4
tn,47045964001,47045964300,0,0,0,0,0,0,0,0
tn,47045964002,47045964200,0,0,0,0,0,0,0,0
tn,47045964200,47053967001,2,2,2,2,0,0,0,0
tn,47045964300,47045964200,0,0,0,0,0,0,0,0
tn,47045964600,47045964200,2,2,2,2,0,0,0,0
tn,47045964800,47045964001,0,0,0,0,0,0,0,0
tn,47045964800,47045964200,0,0,0,0,0,0,0,0
tn,47047060402,47157004200,1,1,2,3,1,1,1,2
tn,47047060402,47157009501,2,2,3,4,1,1,1,2
tn,47047060403,47157021311,4,6,6,6,1,1,1,2
tn,47047060403,47157022210,2,3,5,10,0,0,0,1
tn,47047060404,47157021121,1,1,1,2,1,1,1,2
tn,47047060600,47157022026,6,7,7,8,0,0,0,3
tn,47047060702,47047060501,2,2,2,2,1,1,1,1
tn,47047060800,47157021311,3,4,5,7,2,2,2,3
tn,47051960201,47031970600,1,1,2,2,0,0,1,1
tn,47051960201,47093003802,7,8,9,9,0,0,0,0
tn,47051960500,47051960401,0,0,0,0,0,0,0,0
tn,47053966100,47045964300,0,0,0,0,0,0,0,0
tn,47053966100,47113000800,0,0,0,0,0,0,0,0
tn,47053966200,47053966701,0,0,0,0,0,0,0,0
tn,47053966300,47163040700,2,2,3,5,0,0,0,2
tn,47053966400,47131965500,0,0,0,1,0,0,0,1
tn,47053966501,47113001612,0,0,0,0,0,0,0,0
tn,47053966502,47053967001,1,1,1,1,0,0,0,0
tn,47053966900,47037018101,0,0,0,0,0,0,0,0
tn,47053966900,47113000300,0,0,0,0,0,0,0,0
tn,47053967002,47113000100,5,5,5,5,0,0,0,0
tn,47053967002,47189030310,0,0,0,0,0,0,0,0
tn,47053967100,47113001700,0,0,0,0,0,0,0,0
tn,47055920100,47055920200,0,0,0,0,0,0,0,0
tn,47055920200,47055920500,0,0,0,0,0,0,0,0
tn,47055920301,47055920500,5,5,5,5,0,0,0,0
tn,47055920400,47043060700,8,9,9,9,2,2,2,4
tn,47055920400,47055920200,4,4,4,4,1,1,1,1
tn,47055920400,47055920301,4,4,4,4,0,0,0,0
tn,47055920500,47077975400,5,6,6,6,2,2,2,2
tn,47059090400,47059090100,0,0,0,0,0,0,0,0
tn,47059090501,47059090300,0,0,0,0,0,0,0,0
tn,47059090900,47059090100,0,0,0,1,0,0,0,1
tn,47059091100,47179061701,2,3,3,3,0,0,0,0
tn,47059091500,47163041400,0,0,0,0,0,0,0,0
tn,47059091500,47163042400,0,0,0,0,0,0,0,0
tn,47061955200,47031970600,0,0,0,0,0,0,0,0
tn,47061955300,47051960401,0,0,0,0,0,0,0,0
tn,47061955300,47051960402,0,0,0,0,0,0,0,0
tn,47063100100,47063100300,0,0,0,0,0,0,0,0
tn,47063100200,47089070300,2,3,3,4,0,0,0,1
tn,47063100400,47063100300,0,0,0,0,0,0,0,0
tn,47063100700,47063100200,0,0,0,0,0,0,0,0
tn,47063100800,47063100200,0,0,0,0,0,0,0,0
tn,47063100800,47089070300,2,3,3,3,0,0,0,0
tn,47063100800,47155081001,4,5,8,10,0,0,0,0
tn,47063101000,47063100300,1,1,1,1,0,0,0,0
tn,47063101000,47187050306,0,1,1,3,0,0,0,2
tn,47063101100,47063100300,0,0,0,0,0,0,0,0
tn,47063101100,47089070701,3,4,4,4,0,0,0,0
tn,47063101200,47063101100,0,0,0,0,0,0,0,0
tn,47063101200,47163040800,0,0,0,1,0,0,0,1
tn,47065000600,47037019300,0,0,0,0,0,0,0,0
tn,47065001400,47065003100,1,1,1,1,0,0,0,0
tn,47065001600,47065980200,2,2,2,3,0,0,0,0
tn,47065002500,47065003100,0,0,0,0,0,0,0,0
tn,47065002900,47065980200,0,0,0,0,0,0,0,0
tn,47065003000,47065002300,0,0,0,0,0,0,0,0
tn,47065003100,47065000800,0,0,0,0,0,0,0,0
tn,47065003200,47065001100,0,0,0,1,0,0,0,1
tn,47065003200,47065980200,0,0,0,0,0,0,0,0
tn,47065010104,47065011445,2,2,2,2,0,0,0,0
tn,47065010201,47065003100,3,3,3,3,0,0,0,1
tn,47065010304,47035970402,14,15,15,15,0,0,0,0
tn,47065010304,47065011449,3,3,3,3,0,0,0,1
tn,47065010308,47065010501,2,2,2,2,0,0,0,0
tn,47065010308,47161110600,11,13,14,14,0,0,0,0
tn,47065010411,47065002400,0,0,0,0,0,0,0,0
tn,47065010411,47065010201,4,4,4,4,0,0,0,0
tn,47065010411,47065980200,4,4,4,4,0,0,0,0
tn,47065010431,47065011411,2,2,2,2,0,0,0,0
tn,47065010432,47065003100,0,0,0,0,0,0,0,0
tn,47065010435,47065001600,1,1,1,1,0,0,0,0
tn,47065010435,47065003100,1,1,1,1,0,0,0,0
tn,47065010435,47143975402,6,7,7,7,0,0,0,0
tn,47065010501,47065010308,1,2,2,2,0,0,0,0
tn,47065010501,47187050307,6,7,7,7,0,0,0,1
tn,47065010600,47065010901,0,0,0,0,0,0,0,0
tn,47065010800,47065011203,2,2,2,2,0,0,0,0
tn,47065010800,47065012400,1,1,1,1,0,0,0,0
tn,47065010901,47065011445,0,0,0,1,0,0,0,1
tn,47065010905,47063100700,3,3,5,6,0,0,0,1
tn,47065010905,47065010433,0,0,0,0,0,0,0,0
tn,47065010905,47065980200,3,3,3,3,0,0,0,0
tn,47065011003,47065000400,2,2,2,2,0,0,0,0
tn,47065011100,47119010201,1,1,1,1,0,0,0,1
tn,47065011203,47123925101,5,5,5,5,0,0,0,0
tn,47065011205,47065003100,0,0,0,1,0,0,0,1
tn,47065011205,47065011326,0,0,0,0,0,0,0,0
tn,47065011311,47065001900,0,0,0,0,0,0,0,0
tn,47065011311,47065003000,0,0,0,0,0,0,0,0
tn,47065011311,47065011448,0,0,0,0,0,0,0,0
tn,47065011311,47065012300,0,0,0,0,0,0,0,0
tn,47065011314,47065012300,1,1,1,1,0,0,0,0
tn,47065011323,47065011311,1,1,1,1,0,0,0,0
tn,47065011325,47065000400,1,1,1,1,0,0,0,0
tn,47065011325,47093003700,4,4,4,4,0,0,0,0
tn,47065011326,47065001600,0,0,0,0,0,0,0,0
tn,47065011402,47065000400,0,1,1,1,0,0,0,0
tn,47065011402,47065011445,0,0,0,0,0,0,0,0
tn,47065011411,47065003100,0,0,0,0,0,0,0,0
tn,47065011442,47035970401,14,17,17,17,0,0,0,0
tn,47065011444,47065000400,0,0,0,1,0,0,0,1
tn,47065011444,47065001200,0,0,0,0,0,0,0,0
tn,47065011444,47065011445,0,0,0,0,0,0,0,0
tn,47065011446,47065012300,1,1,1,1,0,0,0,0
tn,47065011447,47065001600,2,3,3,3,0,0,0,1
tn,47065011447,47065001900,4,5,5,5,0,0,0,0
tn,47065011448,47065011445,0,0,0,0,0,0,0,0
tn,47065011448,47105060301,1,1,2,2,0,0,0,0
tn,47065011600,47065001200,0,0,0,0,0,0,0,0
tn,47065011900,47065010104,2,2,2,2,0,0,0,0
tn,47065012000,47037013702,1,1,1,1,0,0,0,0
tn,47065012200,47141000700,6,6,6,6,0,0,0,0
tn,47065012400,47063100400,4,5,6,8,0,0,0,2
tn,47069950400,47113000100,9,10,10,11,1,2,2,4
tn,47069950400,47113000300,8,9,9,10,1,2,2,4
tn,47069950400,47157020632,4,5,4,5,1,1,1,3
tn,47071920401,47071920300,0,1,1,1,0,0,0,1
tn,47071920401,47149040311,8,9,9,10,0,0,0,1
tn,47071920402,47181950100,1,1,1,1,0,0,0,1
tn,47071920501,47113001402,6,6,6,5,1,1,1,2
tn,47073050501,47163041100,0,0,0,1,0,0,0,1
tn,47073050502,47093005803,1,1,1,2,1,1,1,2
tn,47073050503,47163040800,3,3,3,4,0,0,0,1
tn,47073050601,47163041500,0,0,0,1,0,0,0,1
tn,47073050602,47025970300,3,3,4,4,0,0,0,1
tn,47073050602,47073050502,0,0,0,0,0,0,0,0
tn,47073050900,47063100800,0,0,0,0,0,0,0,0
tn,47073050900,47073050301,0,0,0,0,0,0,0,0
tn,47075930301,47075930400,0,0,0,0,0,0,0,0
tn,47075930301,47097050505,0,0,0,0,0,0,0,0
tn,47075930400,47047060502,2,2,2,2,0,0,0,0
tn,47077975200,47023970200,0,0,0,0,0,0,0,0
tn,47077975200,47077975400,0,0,0,0,0,0,0,0
tn,47077975301,47077975302,1,1,1,1,0,0,0,1
tn,47077975302,47039955004,4,4,4,4,0,0,0,1
tn,47077975400,47189030908,1,1,1,2,0,0,0,1
tn,47077975500,47039955101,1,1,1,1,0,0,0,0
tn,47079969300,47079969502,0,1,1,1,0,0,0,0
tn,47079969400,47187050211,8,10,10,10,0,0,0,0
tn,47081950100,47187050504,1,1,1,1,0,0,0,0
tn,47081950302,47081950301,0,0,0,0,0,0,0,0
tn,47081950400,47081950302,0,0,0,0,0,0,0,0
tn,47081950500,47003950700,2,3,3,3,0,0,0,0
tn,47085130100,47043060602,2,3,3,3,1,1,1,2
tn,47085130300,47037019119,7,8,11,12,1,1,1,1
tn,47087960200,47087960300,0,0,0,0,0,0,0,0
tn,47089070101,47093003801,0,0,0,0,0,0,0,0
tn,47089070102,47089070101,0,0,0,0,0,0,0,0
tn,47089070200,47009011201,7,10,10,11,0,0,0,0
tn,47089070500,47093006208,2,3,3,3,0,0,0,0
tn,47089070801,47105060204,1,2,2,4,0,0,0,1
tn,47089070801,47155080604,4,5,6,6,0,0,0,0
tn,47089070802,47105060100,3,4,4,5,0,0,0,1
tn,47089070802,47155080903,5,8,9,9,0,0,0,0
tn,47091956100,47091956300,0,0,0,0,0,0,0,0
tn,47091956400,47089070701,8,9,10,10,1,1,1,3
tn,47091956400,47093006206,8,9,10,10,1,1,1,3
tn,47093001500,47157022600,0,1,3,6,0,0,0,3
tn,47093001900,47093003700,5,5,5,5,0,0,0,0
tn,47093002400,47063100200,5,6,7,8,0,0,0,1
tn,47093002800,47093004610,1,1,1,2,0,0,0,1
tn,47093003200,47093006600,1,1,1,1,0,0,0,1
tn,47093003400,47093000100,1,1,1,1,0,0,0,0
tn,47093003400,47155081101,5,5,5,5,0,0,1,1
tn,47093003501,47093004404,2,2,2,2,0,0,0,0
tn,47093003801,47093006102,1,1,1,1,0,0,0,1
tn,47093003802,47011011201,2,3,3,3,0,0,0,0
tn,47093003802,47093006600,1,2,2,2,0,0,0,1
tn,47093003901,47001020100,3,4,4,4,0,0,0,0
tn,47093003901,47093002600,0,0,0,0,0,0,0,0
tn,47093004000,47093002700,0,0,0,0,0,0,0,0
tn,47093004000,47093005807,0,0,0,1,0,0,0,1
tn,47093004403,47187050307,0,1,1,2,0,0,0,1
tn,47093004404,47093004615,1,1,1,1,0,0,0,0
tn,47093004404,47093005911,1,1,1,1,0,0,0,0
tn,47093004606,47037016500,3,4,4,5,0,0,0,1
tn,47093004606,47093005000,7,9,9,9,0,0,0,0
tn,47093004606,47093005907,0,1,1,1,0,0,0,0
tn,47093004606,47155080300,4,5,5,5,0,0,0,0
tn,47093004607,47093003700,2,2,2,2,0,0,0,0
tn,47093004609,47093000100,0,0,1,1,0,0,0,0
tn,47093004609,47093004610,0,0,0,0,0,0,0,0
tn,47093004610,47093005911,1,1,3,3,0,0,0,0
tn,47093004611,47011010201,0,0,2,2,0,0,0,0
tn,47093004613,47001021100,4,6,6,6,0,0,0,0
tn,47093004614,47093004502,0,0,0,0,0,0,0,0
tn,47093004615,47187050304,0,1,1,2,0,0,0,1
tn,47093004800,47001980100,2,2,2,2,0,0,0,0
tn,47093004800,47037015630,10,10,10,10,0,0,0,1
tn,47093004800,47093005706,0,0,0,1,0,0,0,1
tn,47093004800,47093006206,2,2,2,2,0,0,0,0
tn,47093004900,47001980100,2,2,2,2,0,0,0,0
tn,47093005000,47093005502,5,5,5,6,0,0,0,1
tn,47093005100,47093004000,0,0,0,0,0,0,0,0
tn,47093005100,47093006800,3,7,9,9,0,0,0,0
tn,47093005100,47093006901,2,2,2,3,0,0,0,1
tn,47093005202,47093005706,0,0,0,1,0,0,0,1
tn,47093005203,47093006800,3,7,9,9,0,0,0,0
tn,47093005301,47093000100,3,4,5,5,0,0,0,2
tn,47093005301,47093004700,3,4,4,4,0,0,0,0
tn,47093005302,47187050307,1,2,2,4,0,0,0,2
tn,47093005501,47009011001,3,4,4,4,0,0,0,0
tn,47093005603,47089070400,3,4,4,4,0,0,0,0
tn,47093005603,47093004611,3,3,4,5,0,0,0,1
tn,47093005701,47011010100,2,3,3,3,0,0,0,0
tn,47093005704,47093006600,1,1,2,2,0,0,0,0
tn,47093005706,47093005803,0,0,0,0,0,0,0,0
tn,47093005706,47093006800,0,0,1,1,0,0,0,0
tn,47093005706,47187050211,1,2,3,4,0,0,0,1
tn,47093005803,47065012400,0,0,0,0,0,0,0,0
tn,47093005808,47009010400,2,2,2,2,0,0,0,1
tn,47093005809,47073050301,2,2,3,4,1,1,1,2
tn,47093005809,47093005908,0,0,0,0,0,0,0,0
tn,47093005810,47009010700,2,2,2,2,0,0,0,0
tn,47093005810,47037015806,1,1,1,2,0,0,0,1
tn,47093005811,47093005709,1,1,1,1,0,0,0,0
tn,47093005813,47093000100,0,0,1,1,0,0,0,0
tn,47093005906,47013950500,7,8,8,8,0,0,0,0
tn,47093005906,47093005803,0,0,0,0,0,0,0,0
tn,47093005909,47093001900,2,2,3,4,0,0,0,1
tn,47093006001,47093002400,1,1,1,1,0,0,0,0
tn,47093006002,47001020400,1,2,2,2,0,0,0,0
tn,47093006003,47093003802,0,0,0,0,0,0,0,0
tn,47093006003,47163040600,6,6,6,6,0,0,0,1
tn,47093006102,47093005401,5,8,9,9,0,0,0,1
tn,47093006103,47065010433,1,2,2,2,0,0,0,0
tn,47093006104,47093001900,2,2,2,3,0,0,0,3
tn,47093006104,47093004403,3,3,3,3,0,0,0,2
tn,47093006104,47093004800,1,1,1,1,0,0,0,0
tn,47093006202,47009010200,8,9,9,12,0,0,0,2
tn,47093006203,47093006205,0,0,0,0,0,0,0,0
tn,47093006205,47093003801,3,3,3,3,0,0,0,0
tn,47093006205,47165020904,8,9,9,9,0,0,0,2
tn,47093006206,47093003700,0,0,0,0,0,0,0,0
tn,47093006208,47093005603,3,3,3,5,0,0,0,2
tn,47093006302,47001020400,2,2,2,3,0,0,0,1
tn,47093006403,47037013702,2,3,3,5,0,0,0,3
tn,47093006600,47093004404,1,1,1,1,0,0,0,0
tn,47093006600,47093004611,3,3,4,5,0,0,0,1
tn,47093006903,47093000100,0,0,0,0,0,0,0,0
tn,47097050200,47113001000,1,1,1,1,0,0,0,0
tn,47097050300,47097050200,0,0,0,0,0,0,0,0
tn,47097050503,47157020833,5,7,8,8,0,0,0,0
tn,47097050504,47045964002,0,0,0,0,0,0,0,0
tn,47097050506,47157010720,6,8,9,10,0,0,0,0
tn,47097050506,47167040601,0,0,0,0,0,0,0,0
tn,47097050600,47113000200,0,0,0,0,0,0,0,0
tn,47099960200,47099960401,1,1,1,1,1,1,1,1
tn,47099960300,47189030600,1,1,1,1,0,0,0,1
tn,47099960401,47125102005,7,7,7,7,2,2,2,6
tn,47099960402,47181950200,1,1,1,1,0,0,0,0
tn,47099960501,47099960401,1,1,1,1,0,0,0,0
tn,47099960502,47031971001,10,11,11,12,1,1,1,3
tn,47099960502,47099960501,0,0,0,0,0,0,0,0
tn,47099960700,47099960501,2,2,2,2,0,0,0,0
tn,47099960900,47093005706,12,13,14,15,1,1,1,1
tn,47103975000,47187050908,4,4,4,4,0,0,0,0
tn,47103975200,47065011446,2,4,4,4,0,0,0,0
tn,47103975200,47103975300,0,0,0,0,0,0,0,0
tn,47103975300,47103975400,2,2,2,2,0,0,0,0
tn,47103975602,47103975400,0,0,0,0,0,0,0,0
tn,47105060204,47105060600,0,0,0,1,0,0,0,1
tn,47105060301,47001980100,1,2,2,2,0,0,0,0
tn,47105060303,47105060100,0,0,0,0,0,0,0,0
tn,47105060303,47105060204,0,0,0,0,0,0,0,0
tn,47105060304,47093005813,0,0,0,0,0,0,0,0
tn,47105060400,47009011202,2,2,2,2,0,0,0,0
tn,47105060502,47093000100,3,3,4,4,0,0,0,1
tn,47105060502,47123925002,2,2,2,2,0,0,0,0
tn,47105060503,47105060600,1,2,2,2,1,2,2,2
tn,47105060600,47123925402,0,0,0,0,0,0,0,0
tn,47107970300,47107970202,0,0,0,0,0,0,0,0
tn,47107970401,47105060301,0,0,0,0,0,0,0,0
tn,47107970402,47001980100,0,0,0,0,0,0,0,0
tn,47107970402,47093005704,1,1,1,1,0,0,0,0
tn,47107970601,47107970602,0,0,0,0,0,0,0,0
tn,47107970801,47011010700,0,0,0,0,0,0,0,0
tn,47109930300,47053966400,8,9,10,10,0,0,0,0
tn,47109930300,47141000700,6,6,6,7,0,0,0,2
tn,47109930400,47109930700,1,1,1,1,0,0,0,0
tn,47109930502,47113000100,6,8,8,9,0,0,0,0
tn,47109930502,47113000200,5,7,7,8,0,0,0,0
tn,47109930700,47113000200,7,9,9,10,0,0,0,0
tn,47111970200,47111970301,2,2,2,2,0,0,0,0
tn,47111970200,47165020800,5,5,5,5,0,0,0,1
tn,47111970302,47037019600,6,7,7,8,1,1,1,2
tn,47113000100,47113000300,2,2,2,2,0,0,0,1
tn,47113000100,47113001402,0,0,0,0,0,0,0,0
tn,47113000200,47113001401,0,0,0,0,0,0,0,0
tn,47113000200,47157004200,0,0,1,2,0,0,0,1
tn,47113000500,47065000400,0,0,0,0,0,0,0,0
tn,47113001402,47023970200,4,4,4,4,0,0,0,0
tn,47113001402,47113000300,2,2,2,2,0,0,0,0
tn,47113001501,47113001402,0,0,0,0,0,0,0,0
tn,47113001502,47113000100,0,0,0,0,0,0,0,0
tn,47113001603,47113000200,0,0,0,0,0,0,0,0
tn,47113001603,47113001610,1,1,1,1,0,0,0,0
tn,47113001607,47053966900,0,0,0,0,0,0,0,0
tn,47113001607,47113000200,0,0,0,0,0,0,0,0
tn,47113001610,47187050307,4,4,4,4,0,0,0,0
tn,47113001611,47113001605,0,0,0,0,0,0,0,0
tn,47113001612,47113001611,0,0,0,0,0,0,0,0
tn,47113001700,47113001300,2,2,2,2,0,0,0,0
tn,47113001800,47023970200,2,2,2,2,0,0,0,0
tn,47113001800,47113000200,0,0,0,0,0,0,0,0
tn,47115050101,47065000400,2,2,2,2,0,0,0,0
tn,47115050201,47065011321,0,0,0,0,0,0,0,0
tn,47115050203,47065011321,0,0,0,0,0,0,0,0
tn,47115050204,47107970801,0,0,0,0,0,0,0,0
tn,47115050301,47065011448,0,0,0,0,0,0,0,0
tn,47117955000,47187051001,0,0,0,0,0,0,0,0
tn,47117955300,47117955200,0,0,0,0,0,0,0,0
tn,47117955500,47117955200,0,0,0,0,0,0,0,0
tn,47117955500,47119010402,1,1,1,1,0,0,0,0
tn,47119010100,47037019004,3,3,3,4,0,0,0,1
tn,47119010100,47043060602,2,2,2,2,1,1,1,2
tn,47119010100,47187050307,3,3,3,3,0,0,0,0
tn,47119010100,47187051001,4,4,4,4,0,0,0,1
tn,47119010201,47037019503,2,2,2,3,0,0,0,1
tn,47119010201,47187051001,2,2,2,2,0,0,0,2
tn,47119010204,47167040601,1,2,3,4,0,0,0,1
tn,47119010301,47089070300,11,15,17,18,0,0,0,1
tn,47119010301,47119010401,0,0,0,0,0,0,0,0
tn,47119010301,47149040311,4,5,5,6,0,0,0,0
tn,47119010301,47153060104,4,5,5,6,0,0,0,1
tn,47119010302,47119010802,0,0,0,0,0,0,0,0
tn,47119010401,47037019503,0,0,0,0,0,0,0,0
tn,47119010500,47119010802,0,0,0,0,0,0,0,0
tn,47119010600,47119011101,0,0,0,0,0,0,0,0
tn,47119010700,47037017901,6,6,5,5,0,0,0,0
tn,47119010802,47119011102,0,0,0,0,0,0,0,0
tn,47119011001,47187050906,2,2,1,1,0,0,0,0
tn,47119011102,47187050906,2,2,1,1,0,0,0,0
tn,47119011200,47037010106,2,3,3,3,0,0,0,0
tn,47119011200,47083120200,4,4,4,4,2,2,2,4
tn,47121960300,47001980100,4,5,5,5,1,1,1,2
tn,47123925101,47123925102,1,1,1,1,0,0,0,0
tn,47123925102,47065011411,0,1,1,1,0,1,1,1
tn,47123925102,47107970500,1,1,2,2,0,0,0,0
tn,47123925200,47105060600,0,0,0,0,0,0,0,0
tn,47123925200,47123925002,1,1,1,1,0,0,0,0
tn,47123925301,47105060201,5,5,5,5,0,0,0,0
tn,47123925301,47123925002,1,1,1,1,0,0,0,1
tn,47123925401,47105060201,6,6,6,6,0,0,0,0
tn,47123925501,47123925402,1,1,1,1,0,0,0,0
tn,47125100200,47125100800,0,0,0,0,0,0,0,0
tn,47125100900,47187050503,5,5,5,5,1,1,1,2
tn,47125101304,47125102010,3,4,6,6,0,0,0,0
tn,47125101304,47149040200,4,5,6,7,0,0,0,0
tn,47125101305,47037018412,8,9,10,10,0,0,0,0
tn,47125101305,47125102100,1,2,2,2,0,0,0,1
tn,47125101307,47125102005,2,2,2,2,0,0,0,0
tn,47125101309,47125101001,1,2,3,3,0,0,0,1
tn,47125101501,47037019503,4,5,5,5,0,0,0,3
tn,47125101501,47125100100,5,5,5,5,0,0,0,3
tn,47125101600,47037019503,3,3,3,3,1,1,1,1
tn,47125101803,47001021002,4,5,5,6,0,0,0,1
tn,47125101803,47125100800,1,2,2,2,0,0,0,1
tn,47125101803,47147080101,6,7,7,7,0,0,0,0
tn,47125101806,47037017401,1,3,3,2,1,1,1,1
tn,47125101806,47037018901,1,3,3,2,1,1,1,1
tn,47125101806,47161110700,5,6,6,6,1,1,1,1
tn,47125101806,47187050307,1,3,3,2,1,1,1,1
tn,47125101808,47125101103,4,5,5,5,0,0,0,3
tn,47125101904,47177930400,7,8,10,10,0,0,0,1
tn,47125101905,47037010404,0,0,0,0,0,0,0,0
tn,47125101906,47037015200,1,1,1,1,0,0,0,0
tn,47125101906,47125102010,0,0,0,0,0,0,0,0
tn,47125102001,47037018303,7,7,7,7,0,0,0,0
tn,47125102003,47037012701,1,1,1,1,0,0,0,0
tn,47125102003,47125101906,0,0,0,0,0,0,0,0
tn,47125102003,47125102005,0,0,0,0,0,0,0,0
tn,47125102004,47125101904,2,4,4,4,0,0,0,0
tn,47125102005,47189030905,5,4,6,6,0,0,0,3
tn,47125102008,47001020400,4,6,6,7,1,1,1,2
tn,47125102010,47125101906,0,0,0,0,0,0,0,0
tn,47125102100,47125101202,2,2,2,2,0,0,0,1
tn,47127930200,47003950500,1,1,1,1,0,0,0,0
tn,47127930200,47003950600,1,1,1,1,0,0,0,0
tn,47129110200,47035970401,0,0,0,0,0,0,0,0
tn,47129110300,47001980100,2,4,4,4,0,0,0,0
tn,47129110400,47035970800,0,1,1,1,0,0,0,0
tn,47131965000,47131965500,0,0,0,0,0,0,0,0
tn,47131965400,47167040700,0,0,0,0,0,0,0,0
tn,47131965700,47131965500,0,0,0,1,0,0,0,1
tn,47133950301,47141000500,2,2,2,2,0,0,0,1
tn,47133950400,47037015613,0,0,0,3,0,0,0,3
tn,47133950501,47133950301,0,0,0,0,0,0,0,0
tn,47133950502,47147080401,7,10,12,12,0,0,0,1
tn,47133950600,47141000303,0,1,1,1,1,1,1,1
tn,47133950600,47141000400,1,2,2,2,1,1,1,1
tn,47137925102,47133950301,0,0,0,0,0,0,0,0
tn,47139950204,47107970700,0,0,0,0,0,0,0,0
tn,47141000201,47125102005,2,3,4,5,0,0,0,1
tn,47141000201,47141000700,1,1,1,1,0,0,0,0
tn,47141000400,47141000800,0,0,0,0,0,0,0,0
tn,47141000700,47141000600,1,1,1,1,0,0,0,0
tn,47141000900,47141000600,2,2,2,2,0,0,0,0
tn,47141000900,47141000800,1,1,1,1,0,0,0,0
tn,47141001100,47141000700,3,3,3,3,0,0,0,0
tn,47141001202,47141000700,4,4,4,4,0,0,0,0
tn,47143975000,47153060103,8,11,10,11,0,0,0,0
tn,47143975300,47157021143,8,10,11,13,0,0,0,1
tn,47143975401,47037018102,9,11,12,12,0,0,0,1
tn,47143975402,47143975401,0,0,0,0,0,0,0,0
tn,47145030203,47143975000,2,2,3,3,0,0,1,1
tn,47145030205,47093000901,4,4,5,5,0,0,0,0
tn,47145030206,47155080801,9,10,11,11,0,0,0,0
tn,47145030600,47187050102,6,7,7,7,0,0,0,1
tn,47147080101,47147080401,1,1,1,1,0,0,0,0
tn,47147080103,47037019112,0,0,0,0,0,0,0,0
tn,47147080103,47147080401,1,1,1,1,0,0,0,0
tn,47147080104,47037019007,1,1,1,1,0,0,0,0
tn,47147080104,47093003700,14,16,15,14,0,0,0,1
tn,47147080104,47165021004,0,0,0,0,0,0,0,0
tn,47147080200,47147080401,1,1,1,1,0,0,0,0
tn,47147080301,47037015100,7,10,12,11,0,0,0,1
tn,47147080301,47147080101,2,2,2,2,0,0,0,0
tn,47147080401,47119010203,2,2,2,2,0,0,0,0
tn,47147080500,47147080401,0,0,0,0,0,0,0,0
tn,47147080603,47037015300,1,1,1,1,0,0,0,0
tn,47147080603,47143975402,9,11,11,13,0,0,0,2
tn,47147080603,47147080606,0,0,0,0,0,0,0,0
tn,47147080603,47165021204,4,4,5,5,2,2,1,1
tn,47147080606,47037010701,1,1,2,2,0,0,0,0
tn,47147080606,47141000600,3,3,4,5,0,0,0,1
tn,47147080606,47147080402,1,1,1,1,0,0,0,0
tn,47147080606,47147080605,0,0,0,0,0,0,0,0
tn,47147080701,47125101307,2,3,4,5,0,0,0,1
tn,47147080702,47147080401,2,2,2,2,0,0,0,1
tn,47149040104,47037015630,1,2,3,2,0,0,0,2
tn,47149040104,47037019503,1,2,3,2,0,0,0,2
tn,47149040104,47149040200,0,0,0,0,0,0,0,0
tn,47149040105,47037019503,1,2,3,2,0,0,0,2
tn,47149040107,47065010431,7,8,7,6,0,0,0,0
tn,47149040107,47149040200,2,2,1,1,0,0,0,0
tn,47149040200,47037015630,1,1,1,2,0,0,0,0
tn,47149040200,47189030309,13,15,15,16,0,0,0,2
tn,47149040307,47065010501,1,2,2,2,0,0,0,0
tn,47149040308,47149040901,2,2,2,2,0,0,0,1
tn,47149040309,47149040807,0,0,0,0,0,0,0,0
tn,47149040309,47187050102,3,3,4,4,0,0,0,1
tn,47149040310,47003950401,4,4,6,6,0,0,0,0
tn,47149040311,47149041104,1,1,1,1,0,0,0,0
tn,47149040312,47037015623,2,3,4,3,0,0,0,2
tn,47149040405,47149040200,6,6,6,7,0,0,0,0
tn,47149040501,47155081001,10,11,13,13,0,0,0,0
tn,47149040501,47187050304,2,2,2,2,1,1,1,3
tn,47149040502,47189030202,2,2,2,2,0,0,0,1
tn,47149040702,47149041800,2,2,2,2,0,0,0,0
tn,47149040703,47149040702,0,0,0,0,0,0,0,0
tn,47149040703,47149042200,4,3,3,3,0,0,0,0
tn,47149040704,47149041800,2,2,2,2,0,0,0,0
tn,47149040806,47149040600,3,4,6,5,0,0,0,0
tn,47149040808,47149040703,2,2,2,2,0,0,0,0
tn,47149040808,47189030904,7,8,11,12,0,0,0,0
tn,47149040809,47149040308,4,4,4,4,0,0,0,2
tn,47149040809,47157005600,0,0,1,2,0,0,0,1
tn,47149040812,47037015613,2,3,3,3,0,0,0,0
tn,47149040904,47037015637,1,1,1,1,0,1,1,2
tn,47149040906,47037019503,2,2,2,2,0,0,0,2
tn,47149040907,47037017200,4,4,4,4,0,0,0,2
tn,47149040907,47037018000,4,4,4,4,0,0,0,2
tn,47149040907,47037980100,3,3,3,3,0,0,0,2
tn,47149040907,47149040200,3,3,4,4,0,0,1,3
tn,47149040907,47149040901,4,4,5,5,0,0,0,1
tn,47149040907,47149041602,3,4,6,6,0,0,0,2
tn,47149040907,47149042200,5,5,5,5,0,0,0,0
tn,47149040908,47037015630,1,1,1,1,0,1,1,2
tn,47149040909,47037014400,2,3,3,3,0,0,0,2
tn,47149040909,47037018901,2,3,3,3,0,0,0,2
tn,47149040909,47149041602,3,4,6,6,0,0,0,0
tn,47149040910,47037013702,0,0,0,0,0,0,0,0
tn,47149040910,47149040200,0,0,1,1,0,0,1,1
tn,47149041000,47149040502,0,1,1,2,0,1,1,2
tn,47149041103,47037015634,6,7,8,7,0,0,0,2
tn,47149041103,47149041102,3,3,3,3,0,0,0,0
tn,47149041104,47065011446,2,2,3,3,0,0,0,0
tn,47149041201,47149042302,2,2,2,2,0,0,0,0
tn,47149041201,47189030700,7,8,9,11,0,0,0,0
tn,47149041301,47163042100,5,10,11,12,0,1,1,2
tn,47149041301,47187050304,1,3,3,3,0,0,0,0
tn,47149041302,47037015624,8,11,12,11,0,0,0,3
tn,47149041302,47065003100,1,2,2,3,0,0,0,1
tn,47149041302,47149042301,3,5,5,5,0,0,0,1
tn,47149041406,47037012701,3,5,6,7,0,0,0,1
tn,47149041406,47037015501,10,12,13,13,0,0,0,1
tn,47149041406,47149041102,1,1,1,1,0,0,0,1
tn,47149041407,47189030205,10,11,14,16,1,2,2,4
tn,47149041800,47149041602,1,1,1,1,0,0,0,1
tn,47149041900,47149040311,2,2,3,5,0,0,0,0
tn,47149042101,47119010201,5,5,5,5,0,0,0,1
tn,47149042102,47149040200,2,3,4,4,0,0,1,1
tn,47149042102,47189030905,2,5,6,6,0,0,0,1
tn,47149042200,47037015613,3,4,5,4,0,0,0,2
tn,47149042200,47165020503,5,6,7,9,1,2,2,4
tn,47149042302,47157021311,2,3,4,6,1,1,1,2
tn,47151975102,47093004610,6,6,6,6,0,0,0,1
tn,47151975102,47151975200,0,0,0,0,0,0,0,0
tn,47151975400,47025970200,4,6,6,6,0,0,0,1
tn,47153060102,47153060103,0,0,0,0,0,0,0,0
tn,47153060104,47153060103,0,0,0,0,0,0,0,0
tn,47155080101,47089070600,1,1,1,1,0,0,0,0
tn,47155080104,47155080101,0,0,0,0,0,0,0,0
tn,47155080203,47063100700,2,2,2,2,0,0,0,0
tn,47155080203,47093006800,3,3,3,3,0,0,0,0
tn,47155080204,47093005502,0,0,0,0,0,0,0,0
tn,47155080300,47155081002,2,2,2,2,0,0,0,0
tn,47155080500,47155080803,3,3,3,3,0,0,0,1
tn,47155080601,47089070701,0,0,0,0,0,0,0,0
tn,47155080601,47155081002,3,5,5,5,0,0,0,0
tn,47155080603,47155081001,1,1,1,1,0,0,0,0
tn,47155080604,47155080801,4,5,7,7,0,0,0,0
tn,47155080701,47155081001,1,1,1,1,0,0,0,0
tn,47155080702,47155081001,0,0,0,0,0,0,0,0
tn,47155080702,47155081002,1,1,1,1,0,0,0,0
tn,47155080702,47155081101,0,0,0,0,0,0,0,0
tn,47155080801,47155081002,3,3,3,3,0,0,0,0
tn,47155080801,47187050104,13,15,16,17,0,0,0,4
tn,47155080803,47155081101,3,3,3,3,0,0,1,1
tn,47155080904,47155081002,1,1,1,1,0,0,0,0
tn,47155081001,47001980100,9,11,11,11,0,0,0,0
tn,47155081103,47155081001,0,0,0,0,0,0,0,0
tn,47157000100,47157002900,0,0,0,0,0,0,0,0
tn,47157000700,47157003700,1,1,2,2,0,0,0,0
tn,47157000800,47157010220,0,0,0,0,0,0,0,0
tn,47157000900,47157021311,2,3,3,4,1,1,1,1
tn,47157001400,47157006600,0,0,0,0,0,0,0,0
tn,47157001400,47163043500,1,1,2,7,0,0,0,5
tn,47157001900,47157011402,1,1,1,1,0,0,0,0
tn,47157002400,47157011700,0,0,0,1,0,0,0,1
tn,47157002500,47189030800,2,2,2,6,0,0,0,4
tn,47157002600,47157006200,0,0,0,0,0,0,0,0
tn,47157002900,47157003800,1,1,2,2,0,0,0,0
tn,47157003000,47157020632,1,1,1,1,0,0,0,0
tn,47157003200,47157021113,2,2,3,4,0,0,0,0
tn,47157003300,47157003800,1,1,2,2,0,0,0,0
tn,47157003300,47157022600,1,1,1,1,0,0,0,0
tn,47157004300,47157006300,0,0,0,0,0,0,0,0
tn,47157004500,47157021420,5,5,5,6,0,0,0,1
tn,47157005600,47157022024,0,0,0,0,0,0,0,0
tn,47157006600,47157004200,0,1,1,1,0,0,0,0
tn,47157006600,47157005300,0,0,0,0,0,0,0,0
tn,47157006600,47157008000,0,0,0,0,0,0,0,0
tn,47157006700,47157002800,0,0,0,0,0,0,0,0
tn,47157006800,47157021122,0,0,0,0,0,0,0,0
tn,47157006900,47157022500,0,0,0,0,0,0,0,0
tn,47157006900,47157022600,1,1,1,1,0,0,0,0
tn,47157007000,47037015630,3,3,6,10,0,0,0,3
tn,47157007000,47157009600,2,2,2,3,0,0,0,0
tn,47157007200,47157021731,0,0,0,0,0,0,0,0
tn,47157007400,47069950200,6,6,7,9,1,1,1,5
tn,47157007400,47157022600,1,1,1,1,0,0,0,0
tn,47157007821,47157004200,0,1,1,1,0,0,0,0
tn,47157007821,47157021121,1,1,1,2,0,0,0,0
tn,47157007822,47157021900,1,2,2,2,0,0,0,0
tn,47157008110,47157021138,2,2,3,4,0,0,0,0
tn,47157008800,47157005600,0,0,0,0,0,0,0,0
tn,47157008800,47157021320,0,0,0,1,0,0,0,1
tn,47157009201,47157003800,2,2,3,3,0,0,0,0
tn,47157009201,47157009600,0,0,0,0,0,0,0,0
tn,47157009201,47157020532,1,2,2,3,0,0,0,1
tn,47157009202,47157004200,0,0,0,0,0,0,0,0
tn,47157009400,47157009501,0,0,0,0,0,0,0,0
tn,47157009400,47157020901,3,3,3,6,0,0,0,0
tn,47157009501,47157022321,1,1,1,3,0,0,0,1
tn,47157009501,47157022600,1,1,2,2,0,0,0,0
tn,47157009502,47157004200,3,4,4,4,0,0,0,0
tn,47157009600,47157020621,0,0,0,1,0,0,0,1
tn,47157009901,47157022500,0,0,1,1,0,0,0,0
tn,47157009902,47047060300,1,1,2,3,0,0,0,1
tn,47157010002,47157004200,1,1,1,1,0,0,0,0
tn,47157010120,47157004200,0,0,0,0,0,0,0,0
tn,47157010122,47157011020,1,1,2,2,0,0,0,0
tn,47157010210,47157021320,0,1,1,3,0,0,0,1
tn,47157010610,47157021311,6,6,5,5,1,1,1,2
tn,47157010610,47157022600,0,0,0,0,0,0,0,0
tn,47157010630,47157022600,0,0,0,0,0,0,0,0
tn,47157010710,47157021721,0,0,0,0,0,0,0,0
tn,47157010710,47157022500,1,2,2,2,0,0,0,0
tn,47157010810,47157021341,0,0,0,0,0,0,0,0
tn,47157010810,47157022600,0,0,1,1,0,0,0,0
tn,47157011010,47157980100,0,0,0,0,0,0,0,0
tn,47157011401,47157011700,0,0,0,0,0,0,0,0
tn,47157011402,47157008120,1,1,1,1,0,0,0,0
tn,47157011402,47157022600,2,2,2,2,0,0,0,0
tn,47157011700,47157021311,6,6,5,5,1,1,1,2
tn,47157020102,47157022600,2,2,2,2,0,0,0,0
tn,47157020222,47157021620,10,12,16,18,0,0,0,1
tn,47157020531,47157020632,1,1,1,1,0,0,0,0
tn,47157020532,47157002900,1,2,2,2,0,0,0,0
tn,47157020532,47157007300,1,2,2,3,0,0,0,0
tn,47157020542,47157021125,0,0,0,0,0,0,0,0
tn,47157020621,47157020511,1,1,1,1,0,0,0,0
tn,47157020633,47187050304,3,4,8,10,0,0,0,2
tn,47157020651,47157021111,0,1,1,1,0,0,0,0
tn,47157020652,47157021548,5,5,5,6,0,0,0,2
tn,47157020653,47157000300,3,4,4,5,0,0,0,0
tn,47157020653,47157020658,2,2,2,2,0,0,0,0
tn,47157020654,47157011300,2,3,3,3,0,0,0,0
tn,47157020654,47157020610,2,2,2,2,0,0,0,0
tn,47157020654,47157022500,2,3,3,3,0,0,0,0
tn,47157020656,47157022500,0,1,1,1,0,0,0,0
tn,47157020657,47157000900,2,3,3,3,0,0,0,0
tn,47157020657,47157007200,2,3,3,3,0,0,0,0
tn,47157020657,47157021543,8,11,12,12,0,0,0,1
tn,47157020657,47157021746,1,1,1,1,0,0,0,2
tn,47157020658,47157003700,1,2,3,3,0,0,0,0
tn,47157020833,47157020652,0,0,0,0,0,0,0,0
tn,47157020836,47157022600,5,6,6,6,0,0,0,0
tn,47157020837,47157020302,1,1,1,1,1,1,1,1
tn,47157020837,47157020654,2,2,2,3,0,0,0,2
tn,47157020837,47157020833,1,1,1,2,0,0,0,2
tn,47157020902,47157020901,0,0,0,0,0,0,0,0
tn,47157021020,47157021311,4,7,7,7,2,2,2,2
tn,47157021021,47157011020,1,1,3,5,0,0,0,0
tn,47157021021,47157020621,1,2,2,2,0,0,0,0
tn,47157021021,47157021547,6,7,7,7,0,0,0,1
tn,47157021112,47157011402,2,2,3,3,0,0,0,0
tn,47157021113,47157021121,0,0,1,1,0,0,0,0
tn,47157021113,47157021311,2,3,5,6,1,1,1,1
tn,47157021125,47157021544,6,8,9,10,1,1,1,1
tn,47157021126,47157020833,1,4,4,3,0,0,0,0
tn,47157021135,47037015632,0,1,1,3,0,0,0,2
tn,47157021135,47157021333,5,5,5,5,0,0,0,1
tn,47157021136,47157022600,5,7,7,7,0,0,0,0
tn,47157021136,47157980100,1,1,2,4,0,0,0,0
tn,47157021138,47157021545,4,5,6,6,2,1,2,2
tn,47157021139,47157004200,1,2,3,4,0,0,0,0
tn,47157021142,47053966701,1,1,1,2,0,0,0,1
tn,47157021142,47157021620,5,7,8,11,0,0,0,0
tn,47157021143,47157007300,2,3,5,6,0,0,0,0
tn,47157021143,47157021111,0,0,0,0,0,0,0,0
tn,47157021143,47157022600,5,7,7,7,0,0,0,0
tn,47157021143,47157980100,1,1,2,4,0,0,0,0
tn,47157021144,47157006500,1,2,4,5,0,0,0,0
tn,47157021144,47157021311,3,5,5,5,1,1,2,3
tn,47157021311,47157003800,7,8,8,7,1,1,1,1
tn,47157021311,47157021545,5,6,5,6,1,1,1,3
tn,47157021320,47157021121,1,1,1,2,0,0,0,0
tn,47157021351,47157003100,6,6,6,6,0,0,0,2
tn,47157021351,47157004200,7,8,8,8,0,0,0,2
tn,47157021351,47157008800,3,4,5,7,0,0,0,2
tn,47157021352,47157009600,6,6,6,6,0,0,0,0
tn,47157021355,47157021620,3,4,5,5,0,0,0,0
tn,47157021355,47187050211,5,7,7,10,0,0,0,3
tn,47157021356,47157011300,7,8,9,9,0,0,0,2
tn,47157021357,47037019600,4,5,5,7,1,1,1,4
tn,47157021357,47157980100,3,4,4,4,0,0,0,0
tn,47157021430,47157021121,2,3,3,4,0,0,0,0
tn,47157021542,47157008500,9,9,9,9,1,1,1,3
tn,47157021542,47157011020,5,6,8,8,1,1,1,3
tn,47157021543,47157009202,2,4,7,7,0,0,0,3
tn,47157021543,47157021311,6,7,8,8,1,1,1,4
tn,47157021545,47157021200,7,8,9,10,0,0,0,2
tn,47157021547,47157980100,2,2,2,2,0,0,0,0
tn,47157021612,47157021541,0,0,0,0,0,0,0,0
tn,47157021612,47157022600,6,6,6,6,0,0,0,0
tn,47157021721,47157002700,2,2,2,2,0,0,0,2
tn,47157021721,47157011020,0,0,1,1,0,0,0,0
tn,47157021721,47157021744,0,1,1,1,0,0,0,0
tn,47157021721,47157022600,1,1,1,1,0,0,0,0
tn,47157021725,47157021311,5,5,4,4,1,1,1,2
tn,47157021725,47157022310,0,1,2,4,0,0,0,1
tn,47157021744,47157021312,1,2,2,2,0,0,0,0
tn,47157021745,47157004200,2,4,4,5,0,0,0,0
tn,47157021745,47157020652,1,2,2,2,0,0,0,0
tn,47157021745,47157980100,2,2,2,2,0,0,0,0
tn,47157021746,47157021758,0,0,0,0,0,0,0,0
tn,47157021751,47065002500,4,5,6,7,1,1,1,2
tn,47157021751,47157021620,1,2,3,3,0,0,0,0
tn,47157021752,47157021311,6,6,5,5,1,1,1,2
tn,47157021752,47157022500,1,1,1,2,0,0,0,1
tn,47157021753,47157021320,2,2,2,2,0,0,0,0
tn,47157021759,47157010210,1,1,2,4,0,0,1,3
tn,47157022025,47157020302,4,4,5,6,1,1,1,3
tn,47157022131,47157006500,1,1,1,2,0,0,0,0
tn,47157022210,47157022111,0,0,0,0,0,0,0,0
tn,47157022310,47157022500,0,0,0,0,0,0,0,0
tn,47157022321,47157022500,0,0,0,0,0,0,0,0
tn,47157022330,47157021341,0,3,4,5,0,0,0,1
tn,47157022410,47157003100,0,1,2,3,0,0,0,0
tn,47157022410,47157980100,0,2,3,4,0,0,0,0
tn,47157022700,47037015502,0,0,0,3,0,0,0,3
tn,47157022700,47157021311,6,6,5,5,1,1,1,2
tn,47159975000,47125101201,13,14,16,19,0,0,0,3
tn,47159975200,47037980100,1,2,2,4,0,0,0,2
tn,47159975300,47037015300,0,1,1,2,0,0,0,1
tn,47159975300,47149040307,1,1,1,1,1,1,1,1
tn,47159975400,47187050801,0,0,0,2,0,0,0,2
tn,47159975400,47189030202,0,0,0,0,0,0,0,0
tn,47161110201,47125100800,4,4,5,5,0,0,1,3
tn,47161110201,47161110700,1,1,1,1,1,1,1,1
tn,47161110700,47021070300,9,9,10,10,1,1,1,1
tn,47163040900,47163041400,1,1,2,2,0,0,0,0
tn,47163041000,47163040800,0,0,0,0,0,0,0,0
tn,47163041200,47163043402,1,1,1,1,0,0,0,0
tn,47163041200,47179061500,1,1,1,1,0,0,0,0
tn,47163041400,47073050601,1,1,1,1,0,0,0,0
tn,47163041700,47179061500,1,1,1,1,0,0,0,0
tn,47163041900,47163040200,1,1,1,1,0,0,0,0
tn,47163042200,47073050502,1,1,1,1,0,0,0,0
tn,47163042300,47063100400,0,0,0,0,0,0,0,0
tn,47163042300,47163040200,1,1,1,1,0,0,0,0
tn,47163042300,47163042100,0,0,0,0,0,0,0,0
tn,47163042300,47163042600,4,5,5,5,0,0,0,0
tn,47163042500,47163042704,2,2,2,2,0,0,0,0
tn,47163042900,47163042400,5,5,5,5,0,0,0,0
tn,47163043100,47073050503,15,14,14,15,1,1,1,1
tn,47163043100,47163042802,4,4,4,4,1,1,1,1
tn,47163043301,47163043402,1,1,1,1,0,0,0,0
tn,47163043401,47063100400,0,0,0,0,0,0,0,0
tn,47163043600,47179061404,1,1,1,1,0,0,0,0
tn,47165020102,47187050306,10,10,11,13,1,1,1,2
tn,47165020208,47147080103,5,4,3,3,0,0,0,0
tn,47165020209,47037017200,5,4,3,3,0,0,0,0
tn,47165020209,47187051002,5,4,3,3,0,0,0,0
tn,47165020300,47037015613,1,1,1,1,0,0,0,0
tn,47165020404,47037019600,0,0,0,0,0,0,0,0
tn,47165020405,47037010303,3,3,3,3,0,0,0,0
tn,47165020405,47125101808,7,8,8,8,0,0,0,0
tn,47165020406,47165020404,3,2,1,1,0,0,0,0
tn,47165020407,47165020700,3,4,4,4,0,0,0,0
tn,47165020502,47003950100,10,12,13,16,0,0,0,0
tn,47165020502,47165021205,2,4,6,7,0,0,0,0
tn,47165020601,47043060602,6,6,7,9,2,2,2,3
tn,47165020603,47037017702,5,5,6,8,2,2,2,2
tn,47165020603,47165020700,2,2,2,2,1,1,1,1
tn,47165020800,47165020300,2,2,2,2,0,0,0,0
tn,47165020800,47165020700,0,0,0,0,0,0,0,0
tn,47165020903,47037019300,3,3,4,6,1,1,1,2
tn,47165021002,47037010302,2,3,3,3,0,0,0,0
tn,47165021002,47037980200,1,1,1,1,0,0,0,0
tn,47165021002,47187050211,1,1,1,1,0,0,0,0
tn,47165021004,47037010303,1,1,1,1,0,0,0,0
tn,47165021004,47147080401,3,3,3,2,0,0,0,0
tn,47165021005,47125102001,3,4,5,6,0,0,0,0
tn,47165021008,47037018901,1,1,2,2,0,0,0,0
tn,47165021008,47037019503,1,1,2,2,0,0,0,0
tn,47165021105,47037015630,1,2,1,1,1,2,1,1
tn,47165021106,47141000600,5,6,6,7,1,1,1,3
tn,47165021106,47157010620,4,6,6,7,1,2,1,2
tn,47165021107,47037010401,1,2,1,1,0,0,0,0
tn,47165021107,47037014400,1,2,1,1,0,0,0,0
tn,47165021107,47189030908,2,3,2,3,0,0,0,1
tn,47165021201,47093003700,6,7,7,8,1,1,1,3
tn,47165021203,47031971001,9,11,13,18,1,2,2,4
tn,47165021203,47165020700,0,0,0,1,0,0,0,1
tn,47165021203,47165020901,0,0,0,1,0,0,0,1
tn,47165021203,47187051001,3,3,4,5,1,1,1,1
tn,47167040100,47157022130,5,4,6,6,0,0,0,1
tn,47167040200,47157022500,5,5,7,7,0,0,0,1
tn,47167040302,47157009600,5,6,6,7,0,0,0,0
tn,47167040302,47157020632,3,4,4,4,0,0,0,0
tn,47167040302,47167040700,1,1,1,1,0,0,0,0
tn,47167040303,47157008700,4,7,8,8,0,0,0,0
tn,47167040304,47157021125,6,8,9,10,0,0,0,2
tn,47167040304,47157021620,4,5,6,8,0,0,0,1
tn,47167040400,47167040700,0,0,0,0,0,0,0,0
tn,47167040601,47167040602,0,0,1,1,0,0,1,1
tn,47167040700,47157020622,5,7,8,8,0,0,0,0
tn,47169090200,47037014400,9,9,10,12,2,2,2,2
tn,47171080100,47163043500,7,9,9,12,0,0,0,5
tn,47171080100,47189030309,7,8,8,9,0,0,0,1
tn,47171080200,47163041200,10,11,11,14,0,0,0,3
tn,47171080400,47163041100,10,11,11,14,0,0,0,3
tn,47173040101,47093006202,4,4,4,4,0,0,0,0
tn,47173040201,47001980100,2,3,3,3,0,0,0,1
tn,47173040202,47001020202,1,1,1,1,1,1,1,1
tn,47173040202,47013950601,1,3,3,3,0,0,0,1
tn,47173040300,47093006700,1,1,1,2,0,0,0,1
tn,47175925200,47141001201,1,1,1,1,0,0,0,0
tn,47177930100,47141001202,1,1,1,1,0,0,0,0
tn,47177930202,47125101904,5,7,8,8,0,0,0,0
tn,47177930300,47177930800,0,0,0,0,0,0,0,0
tn,47177930400,47037013900,4,6,7,7,0,0,0,0
tn,47177930400,47177930800,0,0,0,0,0,0,0,0
tn,47177930800,47031970600,0,1,1,1,0,0,0,0
tn,47177930800,47061955300,1,1,1,1,0,0,0,1
tn,47177930900,47157020833,8,11,12,12,0,0,0,0
tn,47177930900,47177930800,2,2,3,3,0,0,0,0
tn,47179060401,47059090200,5,6,6,6,0,0,0,0
tn,47179060402,47037017901,3,4,3,6,0,0,0,3
tn,47179060501,47179060402,3,3,3,3,0,0,0,0
tn,47179060501,47179060601,7,7,7,8,0,0,0,2
tn,47179060503,47163040800,8,9,8,9,2,2,1,2
tn,47179060504,47179062000,0,0,0,0,0,0,0,0
tn,47179060602,47171080400,2,2,3,3,0,0,0,3
tn,47179061100,47179060800,4,4,5,5,0,0,0,4
tn,47179061302,47019070900,6,7,7,8,0,0,0,2
tn,47179061302,47179060902,6,6,6,7,0,0,0,2
tn,47179061401,47163042400,1,3,3,3,0,0,0,2
tn,47179061404,47019070100,11,12,12,13,0,0,0,2
tn,47179061500,47163040600,3,3,3,3,0,0,0,0
tn,47179061500,47163040700,1,1,1,1,0,0,0,0
tn,47179061603,47163040200,1,1,1,1,0,0,0,0
tn,47179061701,47179062000,4,4,4,4,0,0,0,0
tn,47179061701,47187050211,2,4,4,7,0,0,0,3
tn,47179061704,47019071000,20,19,18,18,0,0,0,2
tn,47179061704,47179060402,2,2,2,2,0,0,0,0
tn,47179061902,47157021530,4,8,9,14,0,0,0,3
tn,47179061902,47179061704,0,1,1,1,0,0,0,0
tn,47179061903,47179061100,5,5,5,5,0,0,0,0
tn,47179062000,47163043402,7,10,10,10,0,0,0,0
tn,47181950300,47189030402,1,1,1,1,0,0,0,1
tn,47183968203,47053966701,0,0,0,0,0,0,0,0
tn,47183968203,47183968101,0,0,0,0,0,0,0,0
tn,47183968400,47183968101,0,0,0,0,0,0,0,0
tn,47183968600,47037015100,5,6,7,7,0,0,0,0
tn,47183968600,47053967400,0,0,0,0,0,0,0,0
tn,47183968600,47157022600,1,1,3,4,0,0,0,1
tn,47185935100,47141001100,2,2,2,2,1,1,1,1
tn,47185935200,47185935300,0,2,2,2,0,0,0,0
tn,47185935300,47041920202,2,4,4,4,0,0,0,1
tn,47185935400,47177930600,0,1,1,1,0,0,0,0
tn,47185935400,47185935100,0,1,1,1,0,0,0,0
tn,47185935500,47141000600,1,1,1,1,0,0,0,0
tn,47185935500,47141000800,1,1,1,1,0,0,0,0
tn,47185935500,47185935400,0,0,0,0,0,0,0,0
tn,47187050102,47187051204,0,0,1,1,0,0,0,0
tn,47187050103,47037015630,0,1,1,1,0,1,1,1
tn,47187050104,47037018102,0,0,0,0,0,0,0,0
tn,47187050104,47187050211,0,0,0,1,0,0,0,1
tn,47187050104,47189030500,5,6,6,7,0,0,0,2
tn,47187050105,47187050307,0,0,0,0,0,0,0,0
tn,47187050205,47037014200,1,1,1,1,0,0,0,0
tn,47187050205,47037016100,1,1,1,1,0,0,0,0
tn,47187050205,47187050603,0,0,0,0,0,0,0,0
tn,47187050205,47187050702,0,0,0,0,0,0,0,0
tn,47187050207,47149040104,1,3,3,2,0,0,0,0
tn,47187050209,47037018000,0,0,0,0,0,0,0,0
tn,47187050209,47037018304,3,3,6,7,0,0,0,1
tn,47187050303,47037017902,3,4,4,4,0,0,0,0
tn,47187050304,47037016800,0,0,0,0,0,0,0,0
tn,47187050305,47037018803,0,0,0,1,0,0,0,1
tn,47187050307,47037017200,0,0,0,0,0,0,0,0
tn,47187050403,47037010701,3,3,3,3,0,0,0,1
tn,47187050403,47149040200,4,4,7,9,0,0,0,0
tn,47187050404,47037018404,0,0,0,0,0,0,0,0
tn,47187050504,47037016500,4,4,4,4,0,0,0,1
tn,47187050604,47187050211,2,2,2,2,1,1,1,1
tn,47187050604,47187050307,2,2,2,2,1,1,1,1
tn,47187050701,47187050304,0,0,0,1,0,0,0,1
tn,47187050702,47065012400,5,6,6,6,0,0,0,0
tn,47187050905,47187050801,0,0,0,0,0,0,0,0
tn,47187050906,47037016800,3,3,3,4,0,0,0,1
tn,47187050906,47037019120,0,0,0,0,0,0,0,0
tn,47187050907,47187050211,0,0,0,0,0,0,0,0
tn,47187050909,47037980100,1,1,1,1,0,0,0,0
tn,47187050909,47187050604,1,1,1,1,1,1,1,1
tn,47187051001,47037016600,0,0,0,0,0,0,0,0
tn,47187051001,47187050801,1,1,1,1,0,0,0,1
tn,47187051002,47187050210,0,0,0,0,0,0,0,0
tn,47187051002,47187051001,1,1,1,1,0,0,0,1
tn,47187051002,47189030309,7,9,9,11,0,0,0,0
tn,47187051100,47187050304,0,0,0,1,0,0,0,1
tn,47187051204,47187050905,0,0,0,0,0,0,0,0
tn,47187051206,47037019007,1,1,1,2,0,0,0,1
tn,47187051207,47119010201,0,0,0,1,0,0,0,1
tn,47189030102,47189030905,1,2,2,2,0,0,0,0
tn,47189030103,47149040901,5,7,7,10,0,0,0,1
tn,47189030104,47037016500,8,9,10,10,0,0,0,2
tn,47189030105,47037016500,1,2,2,3,1,1,1,2
tn,47189030202,47037015404,10,11,12,12,0,0,1,1
tn,47189030202,47037019502,1,2,2,3,1,2,2,3
tn,47189030202,47149040200,8,10,10,10,1,2,2,3
tn,47189030202,47189030500,1,1,1,1,0,0,0,0
tn,47189030203,47189030311,2,2,2,2,0,0,0,2
tn,47189030206,47079969502,14,17,19,19,0,0,0,2
tn,47189030207,47037019503,7,8,9,9,0,0,0,2
tn,47189030303,47037019600,2,2,2,2,0,0,0,0
tn,47189030303,47189030202,10,11,12,12,0,0,0,0
tn,47189030304,47037019503,1,1,1,1,0,0,0,0
tn,47189030305,47037980100,2,2,2,2,0,0,0,0
tn,47189030308,47037015632,1,1,1,1,0,0,0,0
tn,47189030309,47037015100,5,6,6,7,0,0,0,0
tn,47189030309,47189030906,9,10,11,12,4,5,6,7
tn,47189030310,47183968500,4,5,5,6,0,0,0,0
tn,47189030311,47037018000,3,4,4,5,0,0,1,1
tn,47189030500,47189030202,1,1,1,1,0,0,0,0
tn,47189030500,47189030908,2,3,3,3,1,2,2,3
tn,47189030600,47165021002,7,7,7,9,0,0,0,3
tn,47189030800,47085130100,5,6,6,7,1,1,1,2
tn,47189030800,47189030311,6,6,6,6,0,0,0,0
tn,47189030906,47037980100,3,4,4,5,0,0,0,0
tn,47189030906,47189030500,3,4,4,5,0,0,0,1
tn,47189030907,47037015501,0,0,0,2,0,0,0,2
tn,47189031000,47051960401,1,1,1,1,0,0,0,0
tx,48003950400,48115950500,1,1,1,1,0,0,0,0
tx,48005000104,48423000700,3,4,5,7,0,0,0,3
tx,48005000301,48005000400,0,0,0,0,0,0,0,0
tx,48005000400,48347950600,0,1,1,1,0,0,0,0
tx,48005000903,48005000400,0,0,0,0,0,0,0,0
tx,48005001102,48005000800,0,0,0,0,0,0,0,0
tx,48013960204,48029121810,0,0,0,0,0,0,0,0
tx,48013960403,48029130300,0,0,0,0,0,0,0,0
tx,48015760202,48473680100,0,1,1,1,0,0,0,0
tx,48015760301,48477170300,0,1,1,1,0,0,0,0
tx,48015760302,48015760201,1,1,1,1,0,0,0,0
tx,48019000103,48355000800,6,6,7,7,1,1,1,1
tx,48021950201,48021950202,0,0,0,0,0,0,0,0
tx,48021950201,48491020516,6,7,10,12,1,1,1,1
tx,48021950803,48453001402,0,0,0,0,0,0,0,0
tx,48021950803,48453002448,0,0,0,0,0,0,0,0
tx,48025950501,48025950300,0,0,0,0,0,0,0,0
tx,48027020302,48201455300,16,18,19,23,1,1,2,4
tx,48027020702,48355002500,11,18,20,25,1,1,1,1
tx,48027021102,48309001600,2,4,4,4,0,0,0,2
tx,48027021302,48027020401,0,0,0,0,0,0,0,0
tx,48027021501,48027021000,1,2,2,3,0,0,0,2
tx,48027021501,48439113943,8,14,16,21,0,0,1,11
tx,48027021601,48321730204,20,22,23,23,1,1,1,2
tx,48027021701,48027021000,4,5,5,6,0,0,0,2
tx,48027021802,48027021601,0,0,0,0,0,0,0,0
tx,48027021905,48027020401,0,0,0,1,0,0,0,1
tx,48027021907,48027022001,1,1,1,1,0,0,0,0
tx,48027021907,48027022406,1,1,1,1,0,0,0,0
tx,48027022101,48027023103,5,5,5,5,0,0,0,1
tx,48027022402,48491021402,0,0,1,1,0,0,0,0
tx,48027022504,48113019052,6,9,16,20,0,0,0,7
tx,48027022600,48453040200,5,5,5,6,0,0,0,1
tx,48027022600,48491021203,8,8,9,11,0,0,0,2
tx,48027023002,48113004800,7,10,15,17,0,0,0,6
tx,48027023103,48453042400,2,2,2,3,0,0,0,1
tx,48027023115,48091310804,5,7,8,15,0,0,0,12
tx,48027023117,48027020302,5,6,8,13,0,0,0,5
tx,48027980002,48099010202,5,5,5,6,0,0,0,1
tx,48029110300,48029110500,0,0,0,0,0,0,0,0
tx,48029120601,48029181303,1,2,3,3,0,0,0,1
tx,48029120800,48029180400,3,3,3,3,0,0,0,0
tx,48029121000,48029181819,0,1,2,2,0,0,0,0
tx,48029121111,48029152100,0,0,0,0,0,0,0,0
tx,48029121111,48453000203,6,7,10,12,0,0,0,1
tx,48029121116,48039660610,15,19,24,33,0,0,0,5
tx,48029121117,48029180604,0,1,2,3,0,0,0,1
tx,48029121117,48029192000,0,0,0,1,0,0,0,1
tx,48029121120,48029180604,0,1,2,2,0,0,0,0
tx,48029121505,48029121605,3,3,3,3,1,1,1,2
tx,48029121701,48029121000,1,1,1,1,0,0,0,0
tx,48029121903,48029191202,0,0,0,1,0,0,0,1
tx,48029121903,48029191806,0,0,0,0,0,0,0,0
tx,48029130401,48057000402,7,10,9,9,0,0,0,0
tx,48029131100,48029182001,0,0,0,0,0,0,0,0
tx,48029131401,48029171401,1,1,1,1,0,0,0,0
tx,48029131401,48201980200,3,5,12,25,0,0,0,6
tx,48029131609,48113014126,18,28,36,41,0,0,0,8
tx,48029131616,48029120800,0,0,0,0,0,0,0,0
tx,48029140800,48029121504,0,0,0,0,0,0,0,0
tx,48029141200,48029121504,0,0,0,0,0,0,0,0
tx,48029141402,48201551400,6,9,12,21,0,0,0,3
tx,48029141900,48113020500,18,28,36,39,0,0,0,7
tx,48029150300,48029182106,0,0,0,0,0,0,0,0
tx,48029150900,48029152000,0,0,0,0,0,0,0,0
tx,48029151600,48491020408,6,7,10,12,0,0,0,1
tx,48029152201,48029151000,0,0,0,0,0,0,0,0
tx,48029161100,48091310801,1,1,1,1,0,0,0,0
tx,48029161200,48029150502,0,0,0,0,0,0,0,0
tx,48029161304,48029171918,0,0,0,0,0,0,0,0
tx,48029161400,48053960801,0,1,3,6,0,0,0,3
tx,48029161501,48029160600,0,0,0,0,0,0,0,0
tx,48029161501,48029181402,1,1,1,2,0,0,0,1
tx,48029161501,48029191102,0,0,1,3,0,0,0,2
tx,48029161501,48465950701,12,13,14,14,0,0,0,0
tx,48029161504,48029150502,0,0,0,0,0,0,0,0
tx,48029161802,48453002320,6,7,10,12,0,0,0,1
tx,48029161902,48029181725,0,2,2,3,0,0,0,1
tx,48029171100,48029161400,0,0,0,0,0,0,0,0
tx,48029171801,48029161400,0,0,0,0,0,0,0,0
tx,48029171917,48029181506,0,0,0,0,0,0,0,0
tx,48029171923,48029171914,0,0,0,0,0,0,0,0
tx,48029171923,48029181602,0,0,0,0,0,0,0,0
tx,48029171927,48029181732,0,0,0,0,0,0,0,0
tx,48029180101,48029181302,0,0,0,0,0,0,0,0
tx,48029181100,48029171918,1,1,1,2,0,0,0,1
tx,48029181503,48029120701,0,0,2,3,0,0,0,1
tx,48029181503,48029181402,0,0,0,0,0,0,0,0
tx,48029181504,48029181403,0,0,0,0,0,0,0,0
tx,48029181602,48029171912,0,0,0,0,0,0,0,0
tx,48029181705,48439102401,16,29,37,46,0,0,1,16
tx,48029181713,48029190901,1,1,2,3,0,0,0,1
tx,48029181718,48029181901,0,1,1,1,0,1,1,1
tx,48029181733,48029120901,1,1,3,4,0,0,0,1
tx,48029181816,48029121605,4,4,4,4,1,1,1,2
tx,48029181825,48355003303,3,3,4,4,1,1,1,1
tx,48029182003,48029110100,0,0,0,0,0,0,0,0
tx,48029191405,48029181816,1,1,1,1,0,0,0,0
tx,48029191410,48029121906,0,0,0,0,0,0,0,0
tx,48029191411,48113013400,14,23,31,34,0,0,0,7
tx,48029191807,48113018155,14,25,34,38,0,0,0,9
tx,48037011101,48037010700,3,3,3,3,0,0,0,0
tx,48039660502,48201550102,3,8,10,10,0,0,0,5
tx,48039660504,48201521202,15,16,18,18,0,0,0,2
tx,48039660609,48167720200,3,4,4,4,0,1,1,1
tx,48039660615,48201310102,5,5,7,10,0,1,1,6
tx,48039660705,48201430700,12,16,17,16,0,0,0,0
tx,48039660803,48167721501,12,14,13,13,2,3,3,6
tx,48039660805,48201314401,2,3,4,4,0,0,0,0
tx,48039660805,48201521701,17,20,21,21,0,0,0,0
tx,48039660806,48201313102,6,7,7,7,1,1,1,1
tx,48039660901,48039661000,0,0,0,0,0,0,0,0
tx,48039661400,48201341001,8,10,10,10,0,0,0,2
tx,48039661400,48201410601,1,3,3,7,0,0,0,4
tx,48039661800,48167720301,6,6,6,6,0,0,0,0
tx,48039662100,48039663800,1,1,1,1,0,0,0,0
tx,48039662300,48039664400,1,1,1,2,1,1,1,2
tx,48039663500,48039663400,0,0,0,0,0,0,0,0
tx,48039663600,48039664300,1,1,1,2,0,0,0,0
tx,48041000107,48041000205,0,0,0,0,0,0,0,0
tx,48041000302,48113018402,8,9,9,12,0,0,0,4
tx,48041000900,48041000603,0,0,0,0,0,0,0,0
tx,48041001605,48041000207,1,2,2,2,0,0,0,1
tx,48041001607,48201543007,5,6,8,8,1,1,2,3
tx,48041001703,48113008500,12,13,13,14,1,1,1,5
tx,48041001803,48041000207,1,2,2,2,0,0,0,1
tx,48041001901,48041000207,1,1,2,3,0,0,0,0
tx,48041002001,48201534201,5,6,8,12,1,1,2,3
tx,48041002009,48041001608,3,3,3,2,0,0,0,0
tx,48043950300,48377950100,0,0,0,0,0,0,0,0
tx,48043950300,48439105009,4,6,6,9,0,0,0,3
tx,48051970201,48339693901,18,22,24,22,0,0,0,3
tx,48051970300,48041002001,5,6,6,7,1,1,1,2
tx,48053960802,48299970402,0,0,0,0,0,0,0,0
tx,48055960104,48027023002,3,4,5,5,0,0,0,1
tx,48055960104,48453001000,5,5,5,6,0,0,0,0
tx,48055960400,48209010602,2,4,4,4,0,0,0,1
tx,48055960600,48027021905,1,6,6,6,0,0,0,3
tx,48061010304,48061011904,0,0,0,0,0,0,0,0
tx,48061010405,48061010406,0,0,0,0,0,0,0,0
tx,48061010405,48061011904,0,0,0,0,0,0,0,0
tx,48061010602,48061011200,0,0,0,0,0,0,0,0
tx,48061012203,48061012607,0,0,1,1,0,0,0,0
tx,48061012403,48215021703,1,2,2,3,0,0,1,2
tx,48061012514,48061014300,1,2,3,3,0,0,0,1
tx,48061012517,48061013402,1,1,1,1,0,0,0,0
tx,48061012800,48061014001,0,0,0,0,0,0,0,0
tx,48061012900,48215020513,1,2,2,3,0,0,1,2
tx,48061013102,48061013106,2,2,2,2,0,0,0,1
tx,48061013305,48061013402,3,3,3,3,0,0,0,1
tx,48071710100,48005001101,4,3,5,5,1,1,1,2
tx,48071710100,48201450900,8,10,11,22,0,0,0,4
tx,48071710100,48339691802,3,3,5,5,2,2,2,3
tx,48071710202,48201450302,4,4,4,9,0,0,0,5
tx,48073950100,48423001702,0,0,1,2,0,0,0,1
tx,48073951000,48423001101,3,4,5,9,0,0,0,5
tx,48085030202,48113014150,0,1,4,15,0,0,0,14
tx,48085030302,48439105201,14,20,23,27,0,0,0,9
tx,48085030303,48085031670,5,7,7,8,0,0,0,1
tx,48085030304,48085030701,2,3,5,5,0,0,0,5
tx,48085030307,48439113952,2,7,8,11,0,0,0,4
tx,48085030404,48113013628,1,2,2,9,1,1,1,9
tx,48085030405,48085030410,1,1,1,1,0,0,0,0
tx,48085030410,48085031671,4,4,5,7,0,0,0,3
tx,48085030509,48085030410,1,1,2,2,0,0,0,0
tx,48085030510,48121021415,7,8,9,11,0,0,0,6
tx,48085030512,48439123301,6,11,13,17,0,0,0,5
tx,48085030516,48121021800,0,0,0,1,0,0,0,1
tx,48085030517,48085031613,2,3,3,3,0,0,0,0
tx,48085030517,48113000502,2,6,7,16,1,1,1,7
tx,48085030518,48113013628,4,5,5,12,1,1,1,9
tx,48085030518,48113013716,4,6,6,13,0,0,0,8
tx,48085030520,48085031671,3,3,3,4,0,0,0,1
tx,48085030525,48085030702,1,2,2,2,0,0,0,1
tx,48085030525,48113014139,4,6,6,13,0,0,0,4
tx,48085030538,48085031418,1,1,3,3,0,0,0,1
tx,48085030539,48085031672,4,6,8,9,0,0,0,1
tx,48085030541,48113013619,9,11,13,14,0,0,0,9
tx,48085030548,48085030701,0,0,0,0,0,0,0,0
tx,48085030606,48113001802,0,0,5,17,0,0,0,15
tx,48085031006,48113000703,5,6,7,18,0,0,0,8
tx,48085031006,48113016410,5,7,8,19,0,0,0,8
tx,48085031008,48113014124,5,7,7,16,0,0,0,5
tx,48085031201,48113000300,6,8,11,13,0,0,0,3
tx,48085031308,48113013628,4,5,7,7,1,1,1,2
tx,48085031314,48085030701,0,1,1,1,0,0,0,0
tx,48085031319,48085031336,0,0,0,1,0,0,0,1
tx,48085031323,48157671800,10,16,24,37,0,0,0,10
tx,48085031333,48113019053,1,1,1,1,0,0,0,0
tx,48085031334,48201241301,9,14,18,21,0,0,0,5
tx,48085031411,48085031901,1,1,1,1,0,0,0,0
tx,48085031413,48215021100,25,29,34,54,1,1,3,29
tx,48085031420,48309000300,7,10,15,32,0,0,1,25
tx,48085031508,48113007822,3,3,7,16,0,0,0,13
tx,48085031634,48201980700,10,14,23,35,0,0,1,16
tx,48085031636,48113019027,1,1,2,3,0,0,0,2
tx,48085031642,48113009900,9,12,15,17,0,0,0,5
tx,48085031645,48085031708,1,1,1,3,0,0,0,2
tx,48085031646,48201100001,12,18,26,37,1,1,1,14
tx,48085031657,48085031670,2,2,2,2,0,0,0,0
tx,48085031657,48113014157,4,8,8,9,0,0,0,3
tx,48085031667,48113001705,2,6,7,9,1,1,1,5
tx,48085031671,48113013628,2,2,2,6,1,1,1,3
tx,48085031675,48085031649,5,6,7,7,0,0,0,0
tx,48085031723,48085030406,3,4,5,8,0,0,0,2
tx,48085031723,48113013628,2,3,3,3,1,1,1,1
tx,48085031723,48113014001,3,5,6,8,0,0,0,0
tx,48085031807,48085032010,0,0,0,0,0,0,0,0
tx,48085031902,48085030507,5,5,5,5,0,0,0,3
tx,48085031903,48113014207,3,5,6,8,0,0,0,2
tx,48085032003,48113014001,2,3,3,7,0,0,0,5
tx,48085032010,48085030606,3,5,6,7,0,0,0,2
tx,48089750300,48089750500,0,0,0,0,0,0,0,0
tx,48091310502,48029180800,3,4,5,7,0,0,0,4
tx,48091310612,48209010602,1,2,2,2,0,0,0,0
tx,48091310703,48027023117,6,7,7,8,0,0,0,1
tx,48091310703,48029181402,3,3,3,5,1,1,1,2
tx,48091310706,48029181403,5,5,6,6,0,0,0,0
tx,48091310801,48187210400,7,7,7,8,0,0,0,0
tx,48091310803,48021950301,7,11,15,16,0,0,0,3
tx,48091310803,48029121811,0,0,0,0,0,0,0,0
tx,48091310803,48029180201,1,1,1,1,0,0,0,0
tx,48091310901,48091310100,4,5,5,5,0,0,0,2
tx,48091310903,48091310302,1,2,3,3,0,0,0,0
tx,48091310903,48187210300,8,10,11,12,0,0,0,1
tx,48093950102,48113014903,13,16,16,16,0,0,0,4
tx,48097000400,48121020405,2,5,6,6,0,0,0,3
tx,48097000702,48113019053,22,28,31,31,0,0,0,6
tx,48097001100,48085030701,7,10,15,15,0,0,0,0
tx,48099010102,48281950400,1,1,1,1,0,0,0,0
tx,48099010201,48367140601,5,5,5,5,0,0,0,0
tx,48099010604,48091310604,5,8,8,8,0,0,0,7
tx,48113000704,48113004201,0,0,0,1,0,0,0,1
tx,48113000704,48113007301,1,1,1,1,0,0,0,0
tx,48113000802,48113001001,0,0,0,0,0,0,0,0
tx,48113001502,48113019040,5,5,7,8,0,0,0,2
tx,48113001601,48113020401,7,6,7,7,0,0,0,0
tx,48113001703,48113007823,1,1,4,5,0,0,0,3
tx,48113001703,48113010001,0,0,0,0,0,0,0,0
tx,48113001902,48113014001,6,7,7,7,0,0,0,1
tx,48113002400,48453002411,10,12,14,23,0,0,0,9
tx,48113002703,48113014602,0,0,2,3,0,0,0,0
tx,48113004202,48303000202,12,13,14,17,0,0,0,1
tx,48113004400,48113001602,2,3,3,3,0,0,0,0
tx,48113005300,48453001101,11,13,16,24,0,0,0,9
tx,48113006402,48113010001,4,5,6,7,0,0,0,0
tx,48113007101,48113020401,3,3,3,2,0,0,0,0
tx,48113007815,48121021651,6,8,10,11,0,0,0,2
tx,48113007822,48113007833,0,0,0,0,0,0,0,0
tx,48113007826,48113001602,5,7,7,6,0,0,0,1
tx,48113007834,48113014306,8,9,9,9,0,0,0,1
tx,48113007906,48113004800,2,2,3,3,0,0,1,1
tx,48113007909,48113013628,2,4,5,6,0,0,0,1
tx,48113007912,48113007301,3,3,3,3,0,0,0,0
tx,48113007913,48113001802,0,0,0,0,0,0,0,0
tx,48113007916,48113013610,1,2,4,4,0,0,0,1
tx,48113008102,48113014157,2,2,4,3,0,0,0,0
tx,48113008802,48439113109,5,7,7,7,0,0,0,0
tx,48113009103,48113009900,0,2,4,6,0,0,0,1
tx,48113010003,48113010001,0,0,0,0,0,0,0,0
tx,48113010101,48113000409,1,1,1,1,0,0,0,0
tx,48113010500,48113010001,2,3,4,4,0,0,0,0
tx,48113010804,48113000409,5,7,7,7,0,0,0,3
tx,48113010804,48201521800,15,21,25,32,0,0,0,9
tx,48113010904,48113010903,0,0,0,0,0,0,0,0
tx,48113010906,48113003102,1,1,1,1,0,0,0,0
tx,48113010906,48439113005,3,3,3,4,0,0,0,0
tx,48113011201,48113001705,1,1,2,2,0,0,0,0
tx,48113011202,48113016616,0,0,0,3,0,0,0,3
tx,48113011603,48113010500,2,3,3,3,0,0,0,1
tx,48113011702,48201554202,10,15,18,21,0,0,0,4
tx,48113011901,48113001602,4,4,5,5,0,0,0,1
tx,48113012208,48439111525,1,2,2,5,0,0,0,3
tx,48113012211,48113018129,4,4,4,4,0,0,0,0
tx,48113012302,48113000610,1,1,1,2,0,0,0,1
tx,48113012400,48113012502,0,0,0,0,0,0,0,0
tx,48113012601,48113017812,1,1,1,2,0,0,0,2
tx,48113013009,48113019040,0,0,0,0,0,0,0,0
tx,48113013011,48113007910,2,4,4,4,0,0,0,0
tx,48113013012,48113980100,5,7,7,6,1,1,1,1
tx,48113013101,48113980100,3,3,3,3,1,1,1,1
tx,48113013300,48113014002,1,1,1,1,0,0,0,0
tx,48113013617,48113013727,1,1,1,1,0,0,0,0
tx,48113013620,48113013628,1,1,2,2,0,0,0,0
tx,48113013624,48029181302,14,21,24,39,0,0,0,22
tx,48113013628,48113013627,1,2,2,2,0,0,0,2
tx,48113013630,48113014002,13,12,13,12,1,1,1,2
tx,48113013717,48113006200,3,4,4,5,0,0,0,1
tx,48113013719,48113016709,7,8,9,10,0,0,0,3
tx,48113013725,48113020100,2,4,5,5,0,0,0,2
tx,48113013727,48085031666,3,4,5,10,0,0,0,2
tx,48113014121,48113014135,1,1,1,1,0,0,0,1
tx,48113014132,48113014126,2,3,3,3,0,0,0,0
tx,48113014139,48183010402,1,4,5,11,0,0,0,1
tx,48113014141,48439121702,2,3,3,4,0,0,0,0
tx,48113014152,48113020000,1,3,2,2,0,0,0,1
tx,48113014155,48113014124,1,1,1,1,0,0,0,1
tx,48113014159,48085031672,2,5,5,9,0,0,0,4
tx,48113014160,48113014124,0,0,0,0,0,0,0,0
tx,48113014207,48113020100,0,0,0,0,0,0,0,0
tx,48113014309,48085031812,9,9,9,10,0,0,0,0
tx,48113014310,48439113937,0,1,1,3,0,0,0,3
tx,48113014314,48113014124,0,1,1,1,0,0,0,0
tx,48113014316,48113007913,8,12,12,12,0,0,0,0
tx,48113014407,48113014124,4,4,4,4,0,0,0,0
tx,48113014408,48113014701,0,0,0,0,0,0,0,0
tx,48113014602,48113014502,0,0,0,0,0,0,0,0
tx,48113015206,48113000606,2,2,2,2,0,0,0,0
tx,48113015306,48439121704,0,1,1,1,0,0,0,0
tx,48113015306,48439123301,0,1,1,1,0,0,0,0
tx,48113015403,48121020312,2,3,4,6,0,0,0,2
tx,48113016406,48113000409,2,4,4,4,0,0,0,0
tx,48113016407,48203020501,3,3,4,8,1,1,2,7
tx,48113016409,48085031670,4,8,11,15,0,0,1,3
tx,48113016415,48113018129,1,1,2,2,0,0,0,0
tx,48113016418,48113016419,1,1,1,1,0,0,0,0
tx,48113016419,48113001705,1,2,2,3,0,0,0,1
tx,48113016513,48113016407,2,4,5,8,1,1,2,5
tx,48113016517,48113002100,4,4,4,4,0,0,0,0
tx,48113016517,48139060206,1,1,1,3,0,0,0,2
tx,48113016528,48439106521,3,3,4,5,0,0,0,0
tx,48113016534,48113010701,3,3,3,3,0,0,0,1
tx,48113016536,48113004300,4,5,5,5,0,0,0,1
tx,48113016619,48113001602,3,3,3,3,0,0,0,0
tx,48113016629,48277000200,3,4,6,8,0,0,0,3
tx,48113016634,48085030542,4,7,10,16,0,0,0,10
tx,48113016709,48423000500,0,0,1,1,0,0,0,0
tx,48113016903,48113017705,3,3,4,5,0,0,0,1
tx,48113016903,48139060900,1,1,1,3,0,0,0,1
tx,48113017008,48113017007,0,0,0,0,0,0,0,0
tx,48113017010,48113014158,2,3,5,7,0,0,0,1
tx,48113017010,48217961000,0,0,0,3,0,0,0,3
tx,48113017102,48113009900,0,1,3,6,0,0,0,2
tx,48113017102,48139060207,5,5,5,5,0,0,0,0
tx,48113017312,48113012207,1,1,2,2,0,0,0,0
tx,48113017314,48397040202,0,1,1,2,0,0,0,2
tx,48113017602,48113013727,3,4,3,5,0,0,0,1
tx,48113017602,48113020401,3,3,3,3,0,0,0,1
tx,48113017604,48309003711,3,4,5,9,0,0,0,5
tx,48113017808,48113007810,0,0,0,1,0,0,0,1
tx,48113018105,48453043600,11,13,15,23,0,0,0,8
tx,48113018127,48085031807,2,3,3,5,0,0,0,0
tx,48113018130,48113017814,1,1,1,1,0,0,0,1
tx,48113018137,48113018204,4,5,5,5,0,0,0,0
tx,48113018140,48113017400,3,3,4,4,0,0,0,1
tx,48113018145,48085031649,9,8,10,11,0,0,0,2
tx,48113018148,48085031662,2,4,5,6,0,0,0,1
tx,48113018151,48085031815,2,3,3,3,0,0,0,1
tx,48113018154,48113019211,5,6,7,7,0,0,0,1
tx,48113018155,48113019026,2,2,2,2,0,0,0,0
tx,48113018205,48113018506,1,1,1,1,0,0,0,0
tx,48113018801,48339690603,15,21,25,26,0,0,0,3
tx,48113019029,48113019039,2,3,3,3,0,0,0,1
tx,48113019037,48113019052,1,1,1,1,0,0,0,0
tx,48113019039,48113014143,0,1,1,2,0,0,0,1
tx,48113019047,48113019039,2,3,3,3,0,0,0,0
tx,48113019050,48085031902,0,0,0,1,0,0,0,1
tx,48113019208,48439113622,7,8,10,10,0,0,0,0
tx,48113019215,48113013611,3,3,3,3,0,0,0,0
tx,48113019215,48113014209,2,3,4,4,0,0,0,0
tx,48113020402,48113014002,0,1,2,3,0,0,0,1
tx,48113020600,48085030802,2,4,6,14,0,0,0,9
tx,48117950500,48189950300,2,3,3,3,0,0,0,0
tx,48117950600,48117950500,0,0,0,0,0,0,0,0
tx,48119950200,48401950300,8,10,10,10,0,0,0,0
tx,48121020110,48085031807,1,3,6,11,0,0,0,5
tx,48121020112,48439113005,2,4,6,8,0,0,0,4
tx,48121020121,48085031645,1,2,4,10,0,0,0,6
tx,48121020121,48113019501,0,3,6,19,1,1,1,15
tx,48121020122,48085030304,4,4,4,5,2,2,2,3
tx,48121020124,48113007823,2,5,9,21,1,1,1,14
tx,48121020127,48113018157,8,9,11,19,0,0,0,7
tx,48121020127,48231960600,10,12,16,18,0,0,0,3
tx,48121020128,48085030902,1,1,6,5,0,0,0,4
tx,48121020128,48113009900,12,17,19,21,0,0,0,5
tx,48121020128,48121021728,3,8,11,13,0,0,0,5
tx,48121020136,48113013806,5,8,9,22,2,2,2,16
tx,48121020310,48113020100,1,1,2,3,0,0,0,1
tx,48121020312,48221160204,4,4,5,6,0,0,0,1
tx,48121020319,48113013627,5,5,5,7,0,0,0,3
tx,48121020320,48113014126,1,1,1,2,0,0,0,1
tx,48121020320,48121020125,4,4,4,5,1,1,1,2
tx,48121020321,48113010001,2,3,5,5,1,1,1,1
tx,48121021203,48453001101,16,19,23,31,0,0,0,9
tx,48121021204,48121020405,1,1,1,2,0,0,0,1
tx,48121021301,48121021748,0,0,0,0,0,0,0,0
tx,48121021306,48121021411,2,2,2,2,0,0,0,0
tx,48121021412,48121021538,4,4,4,4,2,2,2,2
tx,48121021413,48113008704,2,3,3,4,0,0,0,1
tx,48121021418,48121020109,3,3,3,3,2,2,2,2
tx,48121021422,48121021531,4,4,4,5,0,0,0,1
tx,48121021423,48121021203,0,0,0,1,0,0,0,1
tx,48121021505,48085031902,2,3,3,5,0,0,0,2
tx,48121021513,48113016530,4,5,6,7,0,0,0,2
tx,48121021526,48113007823,4,6,9,19,1,1,1,11
tx,48121021616,48113019101,6,10,10,10,0,0,0,1
tx,48121021616,48113020100,3,3,3,4,0,0,0,2
tx,48121021631,48113014407,10,13,12,12,0,0,0,2
tx,48121021638,48085030504,1,4,5,11,0,0,0,5
tx,48121021644,48113013628,3,4,5,5,1,1,1,2
tx,48121021651,48113010001,0,2,4,6,1,1,1,5
tx,48121021715,48121021502,0,1,1,1,0,0,0,0
tx,48121021716,48113009900,0,0,0,0,0,0,0,0
tx,48121021719,48453000401,16,19,23,31,0,0,0,9
tx,48121021730,48453033400,18,24,27,38,0,0,0,12
tx,48121021731,48085031671,3,5,6,6,0,0,1,2
tx,48121021734,48113001902,4,4,3,3,0,0,0,0
tx,48121021734,48113007204,5,7,6,6,0,0,0,1
tx,48121021742,48113013808,2,2,2,2,0,0,0,1
tx,48121021742,48121021750,0,0,0,0,0,0,0,0
tx,48121021755,48439980000,1,1,1,2,0,0,0,1
tx,48121021756,48121020601,2,4,4,4,0,0,0,0
tx,48123970400,48469000601,0,0,0,0,0,0,0,0
tx,48135001100,48055960102,10,11,12,14,1,1,1,4
tx,48135002502,48135001000,1,1,1,1,0,0,0,0
tx,48135002503,48135001300,1,1,1,1,0,0,0,0
tx,48135002702,48135003003,3,3,3,3,0,0,0,1
tx,48135003003,48293970500,16,19,21,23,0,0,0,5
tx,48135003100,48135003003,1,1,1,1,0,0,0,0
tx,48139060106,48139060601,0,0,0,0,0,0,0,0
tx,48139060217,48113020402,0,0,3,3,0,0,0,0
tx,48139060220,48439121702,2,2,2,2,0,0,0,0
tx,48139060221,48113010001,3,4,7,8,0,0,0,1
tx,48139060900,48085031670,2,5,12,16,0,0,0,4
tx,48139061100,48085032019,2,5,11,13,1,1,2,6
tx,48139061500,48439113942,0,0,3,7,0,0,0,3
tx,48141000107,48141003402,1,2,3,5,0,0,0,3
tx,48141000112,48141002202,1,2,2,10,0,0,0,3
tx,48141000112,48141980000,0,1,3,15,0,0,0,4
tx,48141000204,48141010102,1,2,2,2,0,0,0,0
tx,48141000206,48141010338,2,2,3,8,0,0,0,5
tx,48141000208,48201980700,29,40,49,73,1,2,2,20
tx,48141001112,48141010338,1,2,3,9,0,0,0,6
tx,48141001117,48141002202,4,5,5,5,0,0,0,0
tx,48141002202,48029130800,5,8,12,21,0,0,0,9
tx,48141002202,48141002201,0,0,0,0,0,0,0,0
tx,48141002500,48141010213,6,7,8,8,0,0,0,2
tx,48141004005,48141010362,0,0,0,1,0,0,0,1
tx,48141004103,48141004107,0,0,0,0,0,0,0,0
tx,48141004312,48141004309,0,0,0,0,0,0,0,0
tx,48141004320,48141004104,0,2,2,2,0,0,0,0
tx,48141010210,48141010337,2,9,9,18,0,0,0,5
tx,48141010218,48141003501,4,4,4,7,0,0,0,0
tx,48141010223,48141003402,1,1,2,4,0,0,0,3
tx,48141010226,48141004317,3,5,6,11,0,0,0,5
tx,48141010231,48141004309,1,2,3,11,0,0,0,8
tx,48141010322,48141010226,2,3,4,4,0,0,0,0
tx,48141010329,48141004008,0,2,2,2,0,0,0,0
tx,48141010351,48141000902,3,5,6,7,0,0,0,0
tx,48141010361,48141004309,0,1,1,1,0,0,0,1
tx,48141010363,48141000110,4,9,11,14,0,0,0,0
tx,48141010370,48141004313,0,0,0,0,0,0,0,0
tx,48141010409,48141004005,0,0,0,0,0,0,0,0
tx,48141010506,48141003000,0,1,1,1,0,0,0,1
tx,48147950100,48231960100,1,1,1,1,0,0,0,0
tx,48147950402,48121021900,8,10,14,15,1,1,1,7
tx,48147950702,48113013725,9,11,14,22,1,1,1,7
tx,48157670101,48157673700,2,4,4,5,0,0,0,1
tx,48157670603,48201411506,7,8,9,9,1,1,1,3
tx,48157670902,48201412700,3,3,3,3,0,0,0,1
tx,48157670904,48201431902,5,5,7,8,0,0,0,0
tx,48157671200,48157671001,1,1,1,1,0,0,0,0
tx,48157672002,48201432501,0,0,0,0,0,0,0,0
tx,48157672303,48201533902,0,0,0,0,0,0,0,0
tx,48157672304,48157672003,2,3,3,3,0,0,0,0
tx,48157672604,48157671800,3,4,4,4,0,0,0,0
tx,48157672702,48157675502,1,1,2,2,1,1,1,4
tx,48157672703,48201980700,2,4,5,5,0,0,0,2
tx,48157672801,48157674002,3,3,4,5,2,2,2,3
tx,48157672902,48085031511,6,13,19,29,0,1,2,14
tx,48157672902,48201421501,3,3,3,3,0,0,0,0
tx,48157672902,48201510601,5,5,5,5,0,0,0,0
tx,48157672905,48201551400,3,3,3,3,0,0,0,0
tx,48157672906,48201433100,1,1,1,1,0,0,0,0
tx,48157672906,48201452501,0,0,0,0,0,0,0,0
tx,48157673006,48339691700,4,6,5,5,0,0,0,0
tx,48157673103,48041002001,4,8,10,14,0,0,0,2
tx,48157673104,48157673902,3,3,3,3,2,2,2,3
tx,48157673105,48201542202,2,3,3,3,0,0,0,0
tx,48157673108,48201451004,5,7,11,14,0,0,0,1
tx,48157673109,48201454600,5,6,6,6,0,0,0,0
tx,48157673110,48201313901,5,10,11,11,0,0,0,1
tx,48157673112,48201253202,4,4,9,14,0,0,0,6
tx,48157673113,48201100001,9,9,12,13,0,0,0,4
tx,48157673202,48201450500,0,1,3,9,0,0,0,2
tx,48157673401,48201313102,4,6,8,8,1,1,1,2
tx,48157673403,48201332900,1,1,1,2,0,0,0,2
tx,48157673502,48039661902,4,9,11,11,0,0,0,5
tx,48157673502,48453000205,20,21,27,30,0,0,0,8
tx,48157673600,48201330802,2,3,4,5,0,0,0,2
tx,48157673600,48201534201,1,1,1,2,0,0,0,2
tx,48157673600,48491020323,22,23,29,32,0,0,0,5
tx,48157674302,48157672100,4,5,5,5,0,0,0,1
tx,48157674505,48201313102,6,7,7,6,1,1,1,1
tx,48157674604,48201431204,3,3,4,8,0,0,1,4
tx,48157674702,48201332200,3,3,5,10,0,0,0,4
tx,48157675401,48201411003,0,0,2,6,0,0,0,2
tx,48157675600,48157675800,0,0,0,0,0,0,0,0
tx,48161000101,48113008604,0,0,0,1,0,0,0,1
tx,48167720400,48201341302,5,5,4,4,3,3,2,3
tx,48167720506,48167721207,5,7,7,7,0,0,0,1
tx,48167720511,48039660606,6,10,10,10,0,0,0,2
tx,48167720601,48029191814,31,39,43,53,1,1,1,12
tx,48167720602,48201333700,5,9,9,12,0,1,1,4
tx,48167723401,48201550303,6,15,18,19,1,1,1,8
tx,48167725400,48167725600,0,0,0,0,0,0,0,0
tx,48167725800,48201313102,4,8,8,13,1,1,1,4
tx,48169950101,48415950200,0,0,0,0,0,0,0,0
tx,48181000302,48181000306,1,1,1,1,0,0,0,0
tx,48181000306,48085031717,18,25,31,32,0,0,0,13
tx,48181001101,48181001801,0,0,0,0,0,0,0,0
tx,48183000501,48183000202,0,0,0,0,0,0,0,0
tx,48183000800,48113017806,2,5,6,7,0,0,0,0
tx,48183001400,48183000202,1,1,1,1,0,0,0,0
tx,48183010600,48113014002,1,2,3,5,0,0,0,1
tx,48185180201,48201410601,4,5,7,14,0,0,0,9
tx,48185180202,48453002447,8,10,14,17,1,1,1,5
tx,48187210400,48453002411,2,3,3,4,1,1,1,3
tx,48187210506,48201554407,3,9,9,19,0,0,0,5
tx,48187210613,48029110300,0,0,0,0,0,0,0,0
tx,48187210614,48029121112,0,0,0,0,0,0,0,0
tx,48187210706,48187210707,0,0,0,0,0,0,0,0
tx,48187210711,48029121404,0,2,2,2,0,0,0,1
tx,48187210718,48055960501,6,9,12,13,0,0,0,1
tx,48189950200,48369950200,0,0,0,0,0,0,0,0
tx,48199030302,48199030504,2,2,2,2,0,0,0,1
tx,48199030600,48201240101,14,20,21,23,0,0,0,7
tx,48201210600,48201520501,5,6,6,6,0,0,0,2
tx,48201211000,48201100001,1,1,1,2,0,0,0,1
tx,48201211101,48041000605,8,13,16,24,1,1,1,7
tx,48201211101,48439111525,5,9,12,19,0,1,2,7
tx,48201212300,48201100001,2,3,3,5,0,0,0,1
tx,48201221301,48201980700,6,6,6,4,0,0,0,1
tx,48201221601,48201222402,0,0,0,0,0,0,0,0
tx,48201221602,48201411505,1,1,1,1,0,0,0,0
tx,48201222702,48201511100,1,2,2,2,0,0,0,0
tx,48201231200,48201520502,7,9,11,12,0,0,0,3
tx,48201232201,48201241501,0,0,0,0,0,0,0,0
tx,48201232202,48201252500,1,1,1,5,0,0,0,5
tx,48201232303,48201432006,12,17,18,26,0,1,1,11
tx,48201233003,48201420600,3,4,4,10,0,0,0,7
tx,48201233105,48201233300,2,3,3,3,1,1,1,2
tx,48201233600,48201212400,2,2,2,2,0,0,0,1
tx,48201233703,48201324000,5,5,5,5,1,1,1,3
tx,48201240101,48027023103,6,8,11,21,1,1,1,7
tx,48201240505,48201313901,0,0,0,7,0,0,0,7
tx,48201240506,48201250201,0,0,1,2,0,0,0,0
tx,48201241101,48201241302,0,0,0,0,0,0,0,0
tx,48201241103,48201431503,2,2,2,7,0,0,0,6
tx,48201250102,48201211302,8,9,10,10,1,1,1,3
tx,48201250102,48201250601,5,5,5,5,0,0,0,2
tx,48201250304,48339692303,13,16,16,17,0,0,0,5
tx,48201250404,48201342802,4,7,6,8,0,1,1,3
tx,48201250405,48029181602,7,11,15,22,0,0,0,7
tx,48201250406,48113014002,5,11,17,25,0,1,2,9
tx,48201250407,48339692304,6,9,9,9,0,0,0,0
tx,48201250500,48201343301,5,10,10,13,0,1,1,3
tx,48201250601,48215021705,17,19,30,44,3,3,4,22
tx,48201250901,48339692402,0,0,0,0,0,0,0,0
tx,48201251300,48201222900,2,3,8,8,0,0,0,7
tx,48201251501,48201250701,1,3,3,4,2,1,1,2
tx,48201252303,48201421000,7,7,7,15,0,0,0,10
tx,48201252400,48167724300,2,3,8,12,1,1,2,6
tx,48201252500,48309003711,6,10,16,29,1,1,1,13
tx,48201252902,48157674702,5,4,9,19,0,0,0,11
tx,48201253102,48201313700,13,13,13,16,0,0,0,10
tx,48201253201,48157671601,4,4,6,15,0,0,0,12
tx,48201253201,48201254300,1,1,2,2,0,0,0,0
tx,48201253202,48201341101,4,4,4,5,0,0,0,5
tx,48201253501,48201313901,1,1,1,9,0,0,0,8
tx,48201253601,48201253202,0,0,0,0,0,0,0,0
tx,48201253602,48201533804,0,3,3,6,0,0,0,4
tx,48201254800,48071710100,6,8,8,9,0,0,0,2
tx,48201310101,48201100001,2,3,3,4,0,0,0,1
tx,48201310300,48039663900,12,12,14,17,1,1,1,2
tx,48201311100,48201324200,4,4,4,4,0,0,0,2
tx,48201311600,48201311400,2,2,2,1,0,0,0,0
tx,48201312601,48201980700,0,1,1,1,0,0,0,0
tx,48201313500,48113019800,3,13,19,26,0,1,2,11
tx,48201321200,48201342200,1,1,2,2,0,0,0,0
tx,48201321401,48201232704,8,9,9,9,0,0,0,0
tx,48201321800,48323950206,15,19,24,30,0,0,0,7
tx,48201323400,48201350601,4,4,4,4,0,0,0,0
tx,48201323602,48167721205,6,6,6,6,1,1,1,3
tx,48201323702,48201980700,3,3,3,5,0,0,0,2
tx,48201323802,48201530900,6,7,9,10,0,0,0,1
tx,48201324101,48027021501,13,17,22,25,1,1,1,7
tx,48201330303,48201311800,0,1,1,2,0,0,0,1
tx,48201330400,48201410501,1,1,1,1,0,0,0,0
tx,48201330700,48201321302,3,3,3,3,0,0,0,1
tx,48201330700,48201334102,0,0,0,0,0,0,0,0
tx,48201330802,48201431803,3,3,6,9,0,0,0,5
tx,48201332500,48453046500,18,22,32,38,1,1,1,9
tx,48201332700,48201555101,1,7,9,10,0,0,0,7
tx,48201333802,48167720701,2,2,3,5,1,1,1,3
tx,48201340502,48201341101,3,3,3,3,0,0,0,3
tx,48201340701,48039661902,8,10,13,16,0,0,0,3
tx,48201341002,48201320800,0,1,1,1,0,0,0,0
tx,48201341201,48201340400,3,3,3,3,0,0,1,3
tx,48201341502,48201551800,15,18,20,24,0,0,0,5
tx,48201341700,48201233701,4,4,4,7,0,0,0,3
tx,48201342900,48201100001,8,7,7,8,0,0,0,2
tx,48201350603,48201431804,10,14,15,17,0,0,0,4
tx,48201350604,48201314001,3,4,4,6,0,0,0,3
tx,48201350700,48201333700,2,5,5,5,0,1,1,1
tx,48201411301,48201450500,2,2,2,2,0,0,0,1
tx,48201411801,48201420900,5,5,5,5,2,2,2,2
tx,48201413301,48201540200,8,10,11,17,0,0,0,3
tx,48201413302,48201334101,2,2,2,2,0,0,0,1
tx,48201421205,48201554201,9,12,15,17,0,0,0,0
tx,48201421302,48201411506,1,1,1,1,0,0,0,0
tx,48201422800,48201440101,0,1,1,1,0,0,0,1
tx,48201423203,48157671800,1,1,1,1,0,0,0,0
tx,48201423304,48157672003,2,2,2,2,0,0,0,0
tx,48201423402,48157672100,3,3,4,3,0,0,0,0
tx,48201430500,48201980700,3,3,4,4,1,1,1,2
tx,48201431102,48201100001,14,14,14,15,0,0,0,3
tx,48201431206,48355000800,10,17,24,31,1,1,2,9
tx,48201431304,48201453403,6,7,7,7,0,0,0,0
tx,48201431401,48201431902,4,3,3,3,0,0,0,0
tx,48201432004,48201100001,15,15,14,14,0,0,0,3
tx,48201432004,48201450500,9,10,10,10,0,0,0,3
tx,48201440102,48201430800,1,1,1,1,0,0,0,0
tx,48201450100,48201510803,0,0,1,4,0,0,0,3
tx,48201450302,48113014124,5,9,16,24,0,1,2,7
tx,48201450302,48201431506,2,2,2,5,0,0,0,3
tx,48201450803,48201450900,0,0,0,0,0,0,0,0
tx,48201451004,48201454700,3,4,4,6,0,0,0,3
tx,48201451100,48201452204,1,2,2,2,0,0,0,1
tx,48201451302,48201451700,2,3,3,3,0,0,0,0
tx,48201451404,48201421000,4,4,4,5,0,0,0,0
tx,48201451501,48201421302,6,9,9,9,0,0,0,0
tx,48201451502,48201451100,2,2,2,2,0,0,0,0
tx,48201451604,48201432804,3,3,3,4,0,0,0,0
tx,48201452203,48453031600,10,14,20,25,1,1,1,8
tx,48201452502,48201550603,2,2,2,2,0,0,0,2
tx,48201452703,48201454100,0,0,0,0,0,0,0,0
tx,48201453001,48201432600,1,1,1,3,0,0,0,2
tx,48201453300,48201211302,2,3,6,9,0,0,0,4
tx,48201453403,48201432600,3,4,4,4,0,0,0,0
tx,48201453405,48157675200,3,4,8,9,0,0,0,1
tx,48201454505,48201431803,5,6,6,9,1,1,1,4
tx,48201455300,48201411504,7,8,9,12,0,0,0,0
tx,48201455300,48473680100,4,7,8,8,0,0,0,0
tx,48201510202,48201980700,2,3,3,3,0,1,1,1
tx,48201510802,48201100001,3,3,3,3,0,0,0,1
tx,48201511100,48201100001,3,3,3,4,0,0,0,2
tx,48201511201,48201100001,5,5,5,5,0,0,0,2
tx,48201511302,48201980700,2,3,3,3,0,0,0,1
tx,48201511502,48201100001,3,3,3,4,0,0,0,2
tx,48201520200,48201540102,2,2,2,2,0,0,0,1
tx,48201520400,48201430700,8,9,9,10,0,0,0,0
tx,48201520603,48201511100,2,2,2,2,0,0,0,2
tx,48201521202,48157671700,4,5,6,6,0,0,0,1
tx,48201521701,48039660901,11,12,15,16,0,0,0,0
tx,48201521701,48201312200,9,9,12,13,0,0,0,1
tx,48201521900,48157674302,6,6,6,6,0,0,0,0
tx,48201531000,48201100001,4,4,4,5,0,0,0,2
tx,48201531200,48201430800,11,12,14,14,0,0,0,1
tx,48201531300,48201511100,1,2,2,2,0,0,0,0
tx,48201531300,48201520502,1,1,1,1,0,0,1,1
tx,48201532003,48201533902,1,2,2,2,0,0,0,0
tx,48201532301,48201511100,1,2,2,2,0,0,0,0
tx,48201532502,48157671800,9,10,10,10,0,1,1,1
tx,48201532503,48485012600,16,23,32,49,0,1,2,10
tx,48201532600,48113009900,4,10,17,26,0,1,2,8
tx,48201532700,48201222501,2,2,2,3,0,0,0,1
tx,48201533500,48201551202,0,2,2,2,0,0,0,0
tx,48201534001,48201520502,2,3,3,3,0,0,0,0
tx,48201540901,48201541008,3,3,4,4,0,0,1,1
tx,48201540904,48201550102,3,4,4,4,0,0,1,1
tx,48201541007,48201431804,1,1,3,5,0,0,0,8
tx,48201541008,48201520501,1,1,3,5,0,0,0,1
tx,48201541100,48201334101,1,5,9,15,0,0,0,6
tx,48201541404,48201522402,2,3,3,3,0,0,0,1
tx,48201542202,48201450500,5,5,6,5,0,0,0,0
tx,48201542600,48201431902,12,13,14,17,0,0,0,3
tx,48201542800,48157673112,9,10,11,11,0,0,0,3
tx,48201542902,48473680100,3,4,5,5,1,1,1,1
tx,48201543006,48201554407,0,1,1,1,0,0,0,1
tx,48201543007,48201521401,2,2,2,3,0,0,0,1
tx,48201543100,48201100001,9,9,12,14,0,0,0,10
tx,48201550201,48167721402,9,10,11,19,0,0,1,7
tx,48201550304,48201554905,2,3,3,3,0,0,0,0
tx,48201550307,48453002448,7,10,14,19,1,1,1,10
tx,48201550800,48201551703,0,1,1,1,0,1,1,1
tx,48201550902,48167721301,7,8,10,18,2,2,2,9
tx,48201551102,48355003500,8,10,16,22,1,1,2,8
tx,48201551400,48201100001,4,4,4,7,0,0,0,4
tx,48201552402,48157673107,0,0,0,1,0,0,0,1
tx,48201552602,48201540200,1,1,3,3,0,0,0,0
tx,48201552801,48201534201,5,6,6,6,0,0,0,2
tx,48201552902,48201555200,1,2,2,2,0,0,0,0
tx,48201553102,48201554905,2,3,3,3,0,0,0,0
tx,48201553403,48201540904,4,5,4,5,1,1,1,1
tx,48201553803,48201554905,0,0,0,0,0,0,0,0
tx,48201554103,48085031510,6,12,19,32,0,1,2,12
tx,48201554201,48201552701,0,1,1,1,0,1,1,1
tx,48201554407,48201455300,3,3,3,4,0,0,0,1
tx,48201554407,48201510803,0,0,3,5,0,0,0,8
tx,48201554407,48201554902,1,2,3,3,0,0,0,0
tx,48201554408,48201552603,3,6,5,5,0,0,0,0
tx,48201554408,48201554407,0,0,0,0,0,0,0,0
tx,48201554501,48113014313,4,9,16,24,0,1,2,6
tx,48201554501,48201233300,4,8,7,10,1,1,1,10
tx,48201554805,48201221200,0,0,0,2,0,0,0,2
tx,48201554807,48201550700,2,2,2,4,2,2,2,4
tx,48201554902,48201980100,4,4,4,4,0,0,0,1
tx,48201554905,48201241503,3,3,3,3,0,0,0,0
tx,48201555002,48201320601,6,6,7,12,1,1,1,4
tx,48201555404,48339690204,3,4,4,7,1,1,1,3
tx,48201555504,48201450500,4,4,4,4,0,0,0,0
tx,48201555504,48339691700,0,1,1,1,0,0,0,0
tx,48201555505,48201551501,1,1,1,2,0,0,0,1
tx,48201555505,48491021405,11,14,16,16,1,1,1,3
tx,48201556000,48201321101,9,9,13,18,1,1,1,13
tx,48201556000,48453001602,6,9,11,12,1,1,1,2
tx,48201980000,48201210800,11,11,11,13,0,0,0,5
tx,48203020201,48201522500,7,13,14,25,1,1,1,13
tx,48203020606,48183001100,0,0,0,0,0,0,0,0
tx,48209010305,48113010003,8,17,23,25,0,0,0,7
tx,48209010305,48453032100,4,4,6,6,0,0,0,4
tx,48209010305,48453043600,0,0,1,1,0,0,0,1
tx,48209010306,48453046500,0,0,0,1,0,0,0,1
tx,48209010500,48491021601,3,7,7,9,0,0,0,2
tx,48209010702,48055960200,2,3,3,3,0,0,0,2
tx,48209010816,48201430800,8,14,18,32,0,1,1,10
tx,48209010905,48453001917,3,3,4,4,1,1,1,1
tx,48209010909,48453000700,1,1,1,1,0,0,0,0
tx,48209010913,48491020403,0,0,0,0,0,0,0,0
tx,48209010914,48209010913,0,1,1,1,0,0,0,0
tx,48209010915,48209010815,2,3,3,4,0,0,0,1
tx,48209010923,48453042200,0,0,2,2,0,0,0,0
tx,48213950903,48157672100,10,14,20,29,0,0,0,9
tx,48215020210,48355006400,11,13,14,17,0,0,0,6
tx,48215020306,48215024208,0,0,0,0,0,0,0,0
tx,48215020734,48215024001,4,6,6,6,0,0,0,0
tx,48215021204,48215020513,0,0,0,0,0,0,0,0
tx,48215021307,48215023529,3,3,3,3,0,0,0,1
tx,48215021405,48215021100,5,5,5,5,0,0,0,0
tx,48215021600,48427950107,0,0,0,1,0,0,0,1
tx,48215021804,48215024404,1,1,1,1,0,0,0,0
tx,48215021904,48215024206,0,0,0,1,0,0,0,1
tx,48215022006,48215022010,0,0,0,0,0,0,0,0
tx,48215022107,48215020305,0,0,0,0,0,0,0,0
tx,48215022204,48039664200,9,12,12,18,2,2,2,10
tx,48215022204,48331950700,10,12,15,17,0,0,0,4
tx,48215022302,48215022401,0,0,0,0,0,0,0,0
tx,48215022502,48215024403,0,0,0,0,0,0,0,0
tx,48215023104,48215021001,0,0,0,0,0,0,0,0
tx,48215023104,48215022703,2,2,2,2,0,0,0,0
tx,48215023522,48215024002,5,6,6,6,0,0,0,0
tx,48215023528,48427950602,3,3,3,5,0,0,0,3
tx,48215024003,48215022401,2,2,3,3,0,0,0,1
tx,48215024003,48439113712,21,35,40,46,0,0,1,13
tx,48215024004,48061012004,1,1,1,1,0,0,0,0
tx,48215024004,48061012607,2,2,4,4,0,0,0,1
tx,48215024115,48215020908,1,2,2,2,0,0,0,0
tx,48215024123,48201342100,13,19,24,33,1,2,2,7
tx,48215024131,48215024130,0,0,0,0,0,0,0,0
tx,48215024210,48061010404,0,1,1,1,0,0,0,1
tx,48217960600,48139060801,5,4,4,4,0,0,0,0
tx,48219950300,48219950400,0,0,0,0,0,0,0,0
tx,48221160210,48397040103,4,5,5,6,0,0,0,1
tx,48223950700,48223950402,1,1,1,1,0,0,0,0
tx,48225950101,48471790600,6,7,7,7,0,0,0,0
tx,48227950300,48305950500,2,2,3,3,0,0,0,0
tx,48231961000,48439113712,7,9,11,12,0,0,0,1
tx,48231961101,48231961000,1,1,1,1,1,1,1,1
tx,48231961200,48113001602,1,1,3,5,0,0,0,2
tx,48231961502,48121021746,10,10,11,13,0,0,0,1
tx,48237950500,48113014159,1,1,2,5,0,0,0,4
tx,48241950500,48457950500,0,0,0,0,0,0,0,0
tx,48245000101,48245001200,4,6,6,6,0,0,0,0
tx,48245000304,48245001301,1,1,1,1,0,0,0,0
tx,48245000306,48339693502,11,13,13,13,0,0,0,0
tx,48245000400,48245001200,0,0,0,0,0,0,0,0
tx,48245000400,48245011700,2,2,2,2,0,0,0,0
tx,48245001301,48245000400,0,1,1,1,0,0,0,0
tx,48245006900,48245001700,1,1,1,1,0,0,0,0
tx,48245010600,48201252500,1,4,7,10,0,0,0,1
tx,48245011001,48245007002,2,2,2,2,0,0,0,1
tx,48251130100,48439123301,1,1,1,1,0,0,0,1
tx,48251130220,48439111405,0,0,0,0,0,0,0,0
tx,48251130303,48439113511,3,4,6,7,0,0,0,1
tx,48251130304,48439111030,2,3,3,3,0,0,0,0
tx,48251130418,48085031649,2,6,7,8,0,0,0,3
tx,48251130501,48425000102,1,2,2,2,0,0,0,2
tx,48251130602,48251130302,1,1,1,1,0,0,0,0
tx,48251130604,48121020204,7,8,8,10,0,0,0,3
tx,48251130800,48113011702,1,2,3,4,0,0,0,1
tx,48257050214,48113017006,3,3,3,3,2,2,2,2
tx,48257050401,48439111532,2,3,3,3,0,0,0,0
tx,48257050701,48121020110,6,11,16,25,0,0,0,8
tx,48257050703,48121021505,3,5,7,9,0,0,0,3
tx,48257050801,48113018506,0,0,1,3,0,0,0,2
tx,48257051100,48303001804,5,7,9,10,0,0,0,4
tx,48257051202,48113014150,2,4,7,9,0,0,0,1
tx,48259970404,48259970500,1,1,1,1,1,1,1,1
tx,48265960102,48171950500,1,1,1,1,0,0,0,0
tx,48265960401,48029181402,3,3,4,5,0,0,0,0
tx,48265960602,48265960403,0,0,0,0,0,0,0,0
tx,48273020302,48355001202,1,1,1,3,0,0,0,2
tx,48277000800,48231961000,4,5,7,7,0,0,0,2
tx,48279950600,48043950300,1,2,2,3,0,0,0,1
tx,48285000200,48339690503,15,20,22,29,0,0,0,3
tx,48285000400,48201411504,9,11,11,14,0,0,0,3
tx,48287000100,48149970302,0,0,0,0,0,0,0,0
tx,48287000300,48463950202,8,9,13,15,0,0,0,1
tx,48291700200,48201411504,0,0,1,17,1,1,1,18
tx,48291700303,48201343700,7,8,8,9,0,0,0,13
tx,48291701100,48201540102,3,7,8,10,0,0,0,2
tx,48291701400,48291700500,1,2,2,2,0,0,0,0
tx,48293970400,48113017005,4,4,4,5,0,0,0,1
tx,48293970600,48039661601,18,24,29,39,1,1,2,8
tx,48299970501,48307950300,1,1,2,2,0,0,0,0
tx,48303000406,48303001602,5,7,7,7,0,0,0,0
tx,48303000902,48303010204,1,1,1,1,0,0,0,0
tx,48303001401,48303000303,1,1,1,1,1,1,1,1
tx,48303001402,48303002500,3,3,3,3,0,0,0,0
tx,48303001709,48303001602,0,0,0,0,0,0,0,0
tx,48303001710,48353950300,2,3,4,5,0,0,0,2
tx,48303001716,48303000700,1,1,1,2,0,0,0,1
tx,48303001806,48303001602,2,2,2,2,0,0,0,0
tx,48303001907,48113017815,7,8,10,13,0,0,0,3
tx,48303010101,48303002500,2,3,3,3,0,0,0,1
tx,48303010511,48303010509,0,0,0,0,0,0,0,0
tx,48303010700,48303010415,2,3,3,3,0,0,0,0
tx,48309000402,48167721902,12,13,19,35,3,3,4,19
tx,48309000700,48027021203,4,5,6,6,0,0,0,1
tx,48309000900,48309003402,0,0,0,0,0,0,0,0
tx,48309001401,48453001911,11,12,14,20,0,0,0,4
tx,48309001500,48309000100,0,0,0,0,0,0,0,0
tx,48309001700,48309003711,0,0,0,0,0,0,0,0
tx,48309002100,48309001700,0,0,0,0,0,0,0,0
tx,48309003200,48085031704,3,6,13,14,0,0,0,3
tx,48309003801,48309003710,0,1,1,1,0,0,0,0
tx,48309004000,48309003801,0,0,0,0,0,0,0,0
tx,48309004202,48217961100,2,3,3,3,0,0,0,0
tx,48321730302,48201541702,8,9,9,10,0,0,0,1
tx,48323950602,48323950209,0,0,0,0,0,0,0,0
tx,48323950701,48463950300,0,0,0,0,0,0,0,0
tx,48325000103,48029181004,0,1,2,2,0,0,0,0
tx,48325000401,48163950301,0,0,0,0,0,0,0,0
tx,48329000305,48329000500,0,0,0,0,0,0,0,0
tx,48329001300,48451980000,8,8,8,9,0,0,0,1
tx,48329001500,48451001101,3,3,3,4,0,0,0,1
tx,48329010116,48135002503,3,3,3,3,0,0,0,0
tx,48329010117,48329001400,1,1,1,1,0,0,0,0
tx,48329010120,48329000600,0,0,0,0,0,0,0,0
tx,48329010121,48329010200,1,1,1,1,0,0,0,0
tx,48331950700,48453043000,8,8,9,9,0,0,0,1
tx,48331950800,48491020701,5,5,7,8,0,0,0,2
tx,48339690102,48201980100,3,4,7,11,0,0,0,5
tx,48339690300,48339690608,3,4,4,4,0,0,0,2
tx,48339690403,48201555404,2,3,3,3,1,1,1,3
tx,48339690404,48339690501,0,1,1,1,0,1,1,1
tx,48339690406,48201314401,5,7,8,11,0,0,0,5
tx,48339690406,48339690800,1,1,1,1,0,0,0,0
tx,48339690503,48201433005,5,6,6,7,0,0,0,7
tx,48339690604,48201422900,6,8,8,7,0,0,0,1
tx,48339690604,48201980200,3,4,5,7,0,0,0,5
tx,48339690702,48201333700,4,5,7,16,1,2,2,7
tx,48339690800,48201430800,5,6,6,8,0,0,0,3
tx,48339691100,48471790800,1,3,5,7,0,0,0,2
tx,48339692006,48113020500,5,10,14,21,0,1,2,8
tx,48339692006,48201453300,1,2,4,11,0,0,0,3
tx,48339692009,48201553801,0,0,0,0,0,0,0,0
tx,48339692103,48339693901,3,4,4,4,0,0,0,2
tx,48339692202,48439113301,5,10,12,20,0,1,2,6
tx,48339692603,48201980700,6,7,8,13,1,1,1,9
tx,48339692604,48201431801,4,5,6,15,1,1,1,11
tx,48339692702,48339692605,0,0,0,2,0,0,0,2
tx,48339692802,48201343700,12,11,11,12,0,0,0,11
tx,48339692803,48157674302,12,13,14,29,1,1,1,19
tx,48339692803,48245011700,13,16,16,17,0,0,0,1
tx,48339693002,48201455103,4,7,8,15,0,0,0,2
tx,48339693703,48201521701,2,3,4,9,0,1,1,8
tx,48339694002,48201542901,3,4,5,10,0,0,1,6
tx,48339694106,48201423401,2,3,6,16,1,1,1,8
tx,48339694107,48201250102,9,9,9,9,0,0,0,5
tx,48339694305,48201240101,8,9,10,13,1,1,1,2
tx,48341950301,48141002600,21,27,29,38,1,1,1,5
tx,48347950306,48005000800,1,1,1,1,1,1,1,1
tx,48349970302,48309000100,1,1,1,2,0,0,0,1
tx,48355001300,48355001903,0,0,0,0,0,0,0,0
tx,48355001906,48355006400,0,0,0,0,0,0,0,0
tx,48355002001,48355001802,0,0,0,0,0,0,0,0
tx,48355002301,48355002703,0,0,0,0,0,0,0,0
tx,48355002707,48355001202,0,0,0,0,0,0,0,0
tx,48355003101,48355001702,1,1,2,3,0,0,0,0
tx,48355003101,48439113956,28,44,48,54,0,0,1,18
tx,48355003206,48355980000,0,1,2,2,0,0,0,0
tx,48355003402,48113012101,20,32,35,37,0,0,0,9
tx,48355003601,48355001201,0,0,0,0,0,0,0,0
tx,48355003602,48355005804,0,0,0,0,0,0,0,0
tx,48355005411,48355003303,0,0,0,0,0,0,0,0
tx,48361021300,48245011205,1,3,3,6,0,0,0,2
tx,48361021503,48201430800,7,11,16,24,0,0,0,10
tx,48361021503,48245000310,5,6,7,9,0,0,0,3
tx,48361021800,48245000312,4,5,5,6,0,0,0,2
tx,48365950600,48005000700,4,5,5,5,2,2,2,2
tx,48367140202,48439113629,1,1,1,3,0,0,0,3
tx,48367140300,48439980000,4,4,3,5,0,0,0,3
tx,48367140408,48439105204,3,3,3,3,0,0,0,1
tx,48367140409,48303001708,11,12,12,13,0,0,0,2
tx,48367140411,48113007605,4,6,7,10,0,0,0,5
tx,48367140502,48367140300,0,0,0,0,0,0,0,0
tx,48367140503,48309000300,7,9,11,15,0,0,0,2
tx,48367140601,48439103602,2,2,3,4,0,0,0,2
tx,48367140603,48113020100,0,0,0,3,0,0,0,3
tx,48367140713,48113005000,2,2,2,3,0,0,0,3
tx,48367140714,48113001705,1,1,2,4,0,0,0,2
tx,48375010400,48381021200,2,2,2,2,0,0,0,1
tx,48375011700,48227950100,13,17,20,20,0,0,1,3
tx,48375014500,48303001708,7,9,12,15,0,0,1,5
tx,48375014701,48341950201,4,4,4,4,1,1,1,2
tx,48375015400,48381020100,1,1,1,1,0,0,0,1
tx,48379950200,48379950101,0,0,0,0,0,0,0,0
tx,48381021500,48381021604,1,1,1,1,0,0,0,0
tx,48381021500,48381021708,0,1,1,1,0,0,0,1
tx,48381021602,48375015400,3,4,4,4,0,0,0,0
tx,48381021603,48375015400,1,1,1,1,0,0,0,1
tx,48381021604,48359950100,1,2,2,2,0,0,0,1
tx,48381022001,48375011700,4,4,4,4,0,0,0,1
tx,48381022002,48381021609,0,0,0,0,0,0,0,0
tx,48385950100,48029120902,4,5,7,8,0,0,0,1
tx,48395960502,48439110202,8,13,17,24,1,1,2,13
tx,48397040101,48113018130,3,4,5,4,0,0,0,0
tx,48397040101,48113018506,5,7,8,8,0,0,0,0
tx,48397040104,48113013628,12,13,15,15,1,1,1,2
tx,48397040104,48113019040,4,5,5,5,0,0,0,1
tx,48397040301,48113011103,1,2,2,1,0,0,0,0
tx,48397040304,48397040305,0,0,0,0,0,0,0,0
tx,48397040406,48113014126,7,10,10,10,0,0,0,1
tx,48397040409,48439113638,2,3,5,7,0,0,0,1
tx,48397040507,48085031807,13,12,12,13,0,0,0,2
tx,48397040507,48257050214,9,10,15,16,0,0,0,1
tx,48399950600,48071710100,18,19,24,28,3,2,3,10
tx,48401950102,48213951300,3,3,3,3,0,0,0,0
tx,48401950300,48183000900,0,0,0,0,0,0,0,0
tx,48407200302,48339690702,4,4,5,5,0,0,0,0
tx,48423000100,48113009607,3,4,5,7,0,0,0,1
tx,48423001300,48423000900,1,1,1,1,0,0,0,0
tx,48423001407,48423001101,0,0,1,2,0,0,0,1
tx,48423001408,48001950901,4,6,7,7,0,2,3,5
tx,48423001803,48423000800,0,0,0,0,0,0,0,0
tx,48423001906,48423000500,2,2,2,2,0,0,0,1
tx,48423001906,48423001913,0,0,0,0,0,0,0,0
tx,48423001906,48423002004,0,0,0,0,0,0,0,0
tx,48423001916,48401950800,3,4,4,8,0,0,0,0
tx,48439100402,48439114110,3,4,4,4,0,0,0,0
tx,48439101403,48113016417,5,6,6,6,0,0,0,0
tx,48439102402,48439105405,0,0,0,0,0,0,0,0
tx,48439102500,48113009900,0,0,0,1,0,0,0,1
tx,48439104802,48439105203,1,1,1,1,0,0,0,0
tx,48439105201,48309003711,7,11,13,17,0,0,0,6
tx,48439105207,48439110907,1,1,1,1,0,0,0,2
tx,48439105207,48439114109,2,2,3,3,0,0,0,0
tx,48439105403,48007950200,27,29,31,37,3,3,3,14
tx,48439105403,48113016709,1,1,1,2,0,0,0,1
tx,48439105511,48439102000,3,3,3,3,0,0,0,0
tx,48439105515,48439113712,7,8,9,9,0,0,0,0
tx,48439105519,48439105009,2,2,2,2,0,0,0,0
tx,48439106004,48231960600,3,5,7,9,0,0,0,3
tx,48439106400,48439122300,4,4,4,4,0,0,0,0
tx,48439106502,48439106002,0,0,0,0,0,0,0,0
tx,48439106509,48439113628,2,3,3,3,0,0,0,0
tx,48439106523,48121021000,1,4,5,5,0,0,0,1
tx,48439106526,48121021746,2,4,5,6,0,0,0,1
tx,48439110204,48439105009,0,0,0,0,0,0,0,0
tx,48439110204,48439980000,4,4,3,4,0,0,0,2
tx,48439110500,48439105009,0,0,1,1,0,0,0,1
tx,48439110703,48439106518,1,1,1,3,0,0,0,3
tx,48439110901,48113014208,2,2,4,5,0,0,0,1
tx,48439111021,48439102000,4,4,4,4,0,0,0,0
tx,48439111027,48439111544,6,7,6,6,0,0,0,1
tx,48439111032,48439105009,0,0,0,0,0,0,0,0
tx,48439111309,48113014157,4,6,6,6,0,0,0,1
tx,48439111311,48085030404,4,8,9,15,0,0,1,4
tx,48439111312,48113011300,6,8,9,10,0,0,0,0
tx,48439111318,48251130100,4,5,7,7,0,0,0,1
tx,48439111319,48439105009,1,1,1,1,0,0,0,0
tx,48439111407,48439100602,2,2,2,4,0,0,0,1
tx,48439111409,48439102402,1,1,1,1,0,0,0,0
tx,48439111513,48439122702,0,0,0,0,0,0,0,0
tx,48439111530,48113008704,0,0,1,1,0,0,0,1
tx,48439111534,48439111525,1,1,1,1,0,0,0,1
tx,48439111538,48215020510,20,26,29,36,1,2,3,12
tx,48439111546,48439113217,0,0,0,0,0,0,0,0
tx,48439111553,48113015600,4,4,4,5,0,0,0,0
tx,48439111554,48439111572,1,1,2,2,0,0,0,0
tx,48439111556,48439123600,2,2,2,2,0,0,0,0
tx,48439111562,48439113110,2,2,2,2,0,0,0,0
tx,48439111562,48453001101,15,19,21,27,0,0,0,6
tx,48439111566,48113002100,1,2,4,5,0,0,0,0
tx,48439111567,48439113712,8,11,11,12,0,0,0,1
tx,48439111572,48113016419,0,0,0,0,0,0,0,0
tx,48439113006,48113010500,1,2,2,3,0,0,0,0
tx,48439113115,48113010003,3,3,3,3,0,0,0,0
tx,48439113210,48439113713,3,4,5,5,0,0,0,0
tx,48439113213,48439122702,1,1,1,2,0,0,0,1
tx,48439113221,48439113932,2,2,3,3,0,0,0,0
tx,48439113301,48439113003,2,2,3,3,0,0,0,1
tx,48439113511,48113012101,3,5,5,5,0,0,0,1
tx,48439113511,48439121704,1,1,1,1,0,0,0,0
tx,48439113520,48113001705,1,1,1,1,0,0,0,0
tx,48439113607,48113014313,1,2,3,3,0,0,0,1
tx,48439113607,48121021517,3,3,3,5,0,0,0,2
tx,48439113611,48439110204,0,0,1,1,0,0,0,1
tx,48439113626,48113014159,6,6,6,7,0,0,0,0
tx,48439113626,48439113908,0,0,0,0,0,0,0,0
tx,48439113635,48439113003,1,1,1,1,0,0,0,0
tx,48439113636,48113014124,0,0,0,0,0,0,0,0
tx,48439113637,48113000802,2,3,4,4,0,0,0,3
tx,48439113710,48113011604,1,1,3,3,0,0,0,0
tx,48439113710,48439121702,2,3,4,6,0,0,0,2
tx,48439113713,48113000605,3,4,5,5,0,0,0,1
tx,48439113714,48113014208,0,0,1,1,0,0,0,0
tx,48439113715,48113010701,3,3,4,4,0,0,0,0
tx,48439113814,48439113611,0,0,0,0,0,0,0,0
tx,48439113917,48439113115,3,4,4,5,0,0,0,1
tx,48439113924,48113020401,0,0,0,2,0,0,0,2
tx,48439113930,48121021619,6,6,5,7,0,0,0,3
tx,48439113930,48439106518,0,0,0,2,0,0,0,2
tx,48439113931,48251130302,1,1,1,1,0,0,0,0
tx,48439113931,48439100602,1,1,1,2,0,0,0,1
tx,48439113931,48439113912,0,0,0,0,0,0,0,0
tx,48439113942,48085031657,1,1,2,6,0,0,1,5
tx,48439113942,48113001901,0,0,1,1,0,0,0,0
tx,48439113947,48439113612,3,4,4,4,0,0,0,1
tx,48439113952,48113014126,1,1,1,2,0,0,0,1
tx,48439114003,48439113713,8,12,13,13,0,0,0,1
tx,48439114003,48439114014,1,2,3,3,0,0,0,0
tx,48439114010,48439113810,3,3,3,3,0,0,0,0
tx,48439114014,48439113408,1,1,3,4,0,0,0,3
tx,48439114106,48113009900,1,1,2,4,0,0,0,3
tx,48439114106,48441010200,4,6,9,10,0,0,0,2
tx,48439114110,48121020320,0,0,0,0,0,0,0,0
tx,48439114110,48439113003,1,1,1,3,0,0,0,1
tx,48439114110,48439123302,0,0,0,0,0,0,0,0
tx,48439114206,48201432301,22,26,33,45,0,0,0,13
tx,48439121608,48201510803,9,12,16,24,0,0,0,11
tx,48439121612,48113010003,5,6,7,7,0,0,0,0
tx,48439121703,48041000107,14,17,19,24,0,0,0,6
tx,48439122002,48439121702,1,1,1,1,0,0,0,1
tx,48439122100,48439113607,4,4,4,4,0,0,0,1
tx,48439122300,48113016534,3,3,3,4,0,0,0,4
tx,48439122901,48439122702,2,2,2,2,0,0,0,0
tx,48441010100,48441013402,1,1,2,2,0,0,0,0
tx,48441012000,48441013402,0,0,1,1,0,0,0,0
tx,48441012500,48441013602,1,1,1,1,0,0,0,0
tx,48441012701,48441013300,2,2,2,3,0,0,0,1
tx,48441012801,48439123001,3,3,3,5,0,0,0,2
tx,48441012802,48441011000,2,2,2,2,0,0,0,0
tx,48441013402,48113007601,5,5,5,9,0,0,0,6
tx,48441013404,48059030102,0,0,0,0,0,0,0,0
tx,48441013502,48029191303,7,8,8,9,2,2,2,2
tx,48449950500,48449950302,0,0,0,0,0,0,0,0
tx,48451000802,48451000400,0,0,0,0,0,0,0,0
tx,48451001102,48157671800,21,31,35,47,1,2,2,9
tx,48451001600,48329010128,4,5,5,5,1,1,1,1
tx,48453000101,48453035000,1,1,1,1,0,0,0,0
tx,48453000204,48453001101,0,0,0,0,0,0,0,0
tx,48453000206,48453000401,0,0,0,0,0,0,0,0
tx,48453000302,48453000401,0,0,0,0,0,0,0,0
tx,48453000302,48453001102,0,0,0,0,0,0,0,0
tx,48453000500,48453040400,0,0,0,0,0,0,0,0
tx,48453000700,48453000101,0,0,1,2,0,0,0,0
tx,48453000901,48453000500,0,0,0,0,0,0,0,0
tx,48453001304,48453001200,4,5,5,5,0,0,0,0
tx,48453001310,48453001103,1,1,1,1,0,0,0,0
tx,48453001402,48491020332,8,8,9,9,0,0,0,0
tx,48453001917,48085030504,12,24,32,40,1,1,1,13
tx,48453001919,48027021304,8,14,14,15,0,0,0,4
tx,48453002213,48201431804,11,18,21,34,0,1,1,15
tx,48453002214,48201454700,6,12,14,24,0,1,1,6
tx,48453002217,48453042900,3,3,5,6,0,0,0,2
tx,48453002310,48491020348,5,5,5,5,0,0,0,0
tx,48453002403,48453030800,7,7,8,8,0,0,0,0
tx,48453002407,48453002447,0,0,0,0,0,0,0,0
tx,48453002410,48453036700,0,0,0,0,0,0,0,0
tx,48453002430,48453000204,0,0,0,0,0,0,0,0
tx,48453002448,48027020900,6,12,13,13,0,0,0,3
tx,48453002450,48453002218,0,0,0,0,0,0,0,0
tx,48453002452,48453040000,5,5,5,5,0,0,0,0
tx,48453002500,48453031800,1,2,3,7,0,0,0,3
tx,48453030500,48453045400,0,0,1,2,0,0,0,1
tx,48453030600,48177000400,8,9,9,10,0,0,0,2
tx,48453031800,48453000302,5,6,6,6,0,0,0,0
tx,48453032000,48453031600,1,1,1,2,0,0,0,1
tx,48453032600,48491020351,0,0,0,0,0,0,0,0
tx,48453033200,48453034200,1,1,1,2,0,0,0,1
tx,48453033600,48453031200,2,2,2,2,1,1,1,1
tx,48453034200,48491020408,0,0,0,0,0,0,0,0
tx,48453036400,48453040900,3,5,5,6,0,0,0,2
tx,48453036500,48453035000,3,3,3,3,0,0,0,0
tx,48453036600,48453030300,3,4,4,4,0,0,0,2
tx,48453036900,48453001000,8,8,8,10,1,1,1,3
tx,48453036900,48453001101,2,2,2,4,1,1,1,3
tx,48453037000,48453035000,6,6,5,5,2,2,2,2
tx,48453037300,48453031600,4,5,5,5,0,0,0,1
tx,48453040000,48491021513,0,0,0,0,0,0,0,0
tx,48453041000,48491020123,1,1,1,1,0,0,0,1
tx,48453041900,48453000205,0,0,0,0,0,0,0,0
tx,48453042700,48453000305,0,0,0,0,0,0,0,0
tx,48453042800,48453043600,3,4,5,7,0,0,0,1
tx,48453042800,48453980000,7,7,7,7,0,0,0,1
tx,48453043900,48453980000,5,6,6,6,0,0,0,0
tx,48453044900,48113017819,8,17,23,24,0,0,0,7
tx,48453045200,48453001101,1,2,2,2,0,0,0,0
tx,48453046100,48453001310,6,7,7,7,0,0,0,0
tx,48453046100,48453001401,5,6,6,6,0,0,0,0
tx,48453046400,48453001912,0,0,1,1,0,0,0,0
tx,48453046400,48491020709,1,2,2,2,0,0,0,0
tx,48453046700,48477170300,5,6,6,10,1,1,1,6
tx,48459950600,48183001100,2,2,2,2,0,0,0,0
tx,48463950202,48463950300,0,0,0,0,0,0,0,0
tx,48469000501,48469001503,0,0,0,0,0,0,0,0
tx,48469001401,48201334002,6,9,12,16,1,2,2,4
tx,48469001501,48453040400,11,12,12,13,1,1,1,3
tx,48469001503,48469000601,0,0,0,0,0,0,0,0
tx,48469001607,48113013620,21,24,30,33,0,0,0,5
tx,48469001608,48057000300,2,3,4,5,1,1,1,1
tx,48471790101,48053960200,4,7,8,9,0,0,0,1
tx,48471790301,48201250802,9,11,11,11,0,0,0,1
tx,48471790401,48113018158,3,6,8,13,0,1,2,6
tx,48471790500,48225950400,7,7,7,7,0,0,0,0
tx,48471790500,48471790301,0,0,0,0,0,0,0,0
tx,48473680201,48187210718,5,5,7,9,0,0,0,2
tx,48477170202,48477170201,0,0,0,0,0,0,0,0
tx,48479000800,48479001726,0,0,0,1,0,0,0,1
tx,48479001602,48479001900,6,7,8,9,0,0,0,0
tx,48479001719,48453032100,19,21,25,27,0,0,0,4
tx,48479001727,48029120401,6,7,8,9,0,0,0,0
tx,48479001806,48479001711,2,3,3,5,1,2,2,4
tx,48479001811,48479001711,1,2,2,5,1,2,2,5
tx,48479001823,48479001710,2,2,3,5,0,0,0,0
tx,48481740200,48157673902,1,2,3,3,1,1,1,2
tx,48485011800,48485012002,0,0,0,0,0,0,0,0
tx,48485011901,48485010200,0,0,0,0,0,0,0,0
tx,48485012402,48485012002,1,1,1,1,0,0,0,0
tx,48485012402,48485012600,0,1,1,1,0,0,0,1
tx,48485013700,48485013504,0,0,0,0,0,0,0,0
tx,48489950300,48061012900,0,0,1,1,0,0,0,1
tx,48489950400,48245000313,12,16,25,43,1,2,2,18
tx,48491020111,48201520100,5,6,8,14,0,1,1,11
tx,48491020120,48491021511,5,5,5,5,0,0,0,0
tx,48491020319,48157675800,14,18,19,20,0,0,0,4
tx,48491020323,48491020515,0,0,0,0,0,0,0,0
tx,48491020326,48453044000,1,2,2,2,0,0,0,1
tx,48491020327,48453000902,2,2,2,2,0,0,0,0
tx,48491020329,48085031711,7,12,19,23,0,0,0,8
tx,48491020332,48491020353,2,2,2,2,0,0,0,0
tx,48491020341,48187210709,3,5,7,13,0,0,0,11
tx,48491020344,48453046700,5,5,7,8,0,0,0,1
tx,48491020350,48491020351,0,0,0,0,0,0,0,0
tx,48491020355,48491020408,1,1,1,1,0,0,0,0
tx,48491020406,48121021645,13,28,34,37,0,0,0,8
tx,48491020409,48453031600,0,0,0,0,0,0,0,0
tx,48491020505,48491020403,0,0,0,0,0,0,0,0
tx,48491020511,48453047000,4,4,4,4,0,0,0,0
tx,48491020516,48453001200,1,1,1,4,0,0,0,0
tx,48491020517,48453035000,0,0,0,0,0,0,0,0
tx,48491020606,48453001102,1,2,2,6,0,0,0,0
tx,48491020706,48041001608,9,10,10,11,0,0,0,1
tx,48491020707,48339694303,21,24,27,26,3,4,4,10
tx,48491020816,48491020812,0,0,0,0,0,0,0,0
tx,48491020819,48453001311,7,9,12,14,1,1,1,1
tx,48491021405,48477170300,4,4,4,8,0,0,0,1
tx,48491021406,48453030800,3,3,3,4,0,0,0,0
tx,48493000500,48201340102,10,13,18,33,0,0,0,3
tx,48497150202,48367140408,8,8,8,8,0,0,0,2
tx,48497150202,48497150607,5,5,5,5,0,0,0,2
tx,48497150403,48367140708,0,0,0,0,0,0,0,0
tx,48497150500,48439113956,2,2,2,3,1,1,1,3
va,51001090102,51001090202,3,2,2,2,3,2,2,2
va,51001090201,51650011500,10,14,16,16,3,5,7,7
va,51001090500,51810045420,6,11,12,12,2,4,4,5
va,51003010201,51003010904,0,0,0,0,0,0,0,0
va,51003010301,51003011400,0,0,0,0,0,0,0,0
va,51003010401,51540000800,0,0,0,0,0,0,0,0
va,51003010402,51003010904,1,1,1,1,0,0,0,0
va,51003010501,51003010904,0,0,0,0,0,0,0,0
va,51003010502,51540000302,0,0,0,0,0,0,0,0
va,51003010602,51165010302,3,2,2,2,0,0,0,0
va,51003010602,51540000700,0,0,0,0,0,0,0,0
va,51003010603,51109950301,0,0,0,0,0,0,0,0
va,51003010701,51510200705,5,6,9,9,1,1,1,1
va,51003011000,51540000600,0,0,0,0,0,0,0,0
va,51003011102,51165011700,2,3,5,5,0,0,0,1
va,51003011103,51003010904,0,0,0,0,0,0,0,0
va,51003011301,51003010502,0,0,0,0,0,0,0,0
va,51003011301,51540001000,0,0,0,0,0,0,0,0
va,51003011303,51003010904,0,0,0,0,0,0,0,0
va,51005080302,51005080100,0,0,0,0,0,0,0,0
va,51007930200,51041101012,3,3,3,3,0,1,1,1
va,51007930200,51660000205,13,14,14,13,0,0,0,1
va,51009010201,51680000300,4,4,4,4,0,0,0,0
va,51009010300,51680001400,3,3,3,3,0,0,0,0
va,51009010402,51009010201,0,0,1,1,0,0,0,0
va,51011040102,51680000901,1,1,2,2,0,0,0,0
va,51011040300,51680000300,2,2,3,3,0,0,0,0
va,51013100300,51153901232,0,0,0,0,0,0,0,0
va,51013100400,51013101705,0,0,0,0,0,0,0,0
va,51013100900,51107611015,2,2,2,2,0,0,0,1
va,51013101402,51013101603,2,2,2,2,0,0,0,0
va,51013101406,51059482203,1,2,2,3,0,0,0,2
va,51013101407,51013103505,2,2,2,2,0,0,0,0
va,51013101408,51013101409,0,0,0,0,0,0,0,0
va,51013101701,51013103700,0,0,0,0,0,0,0,0
va,51013101701,51600300400,3,4,5,5,0,0,0,0
va,51013101703,51013101407,1,1,2,2,0,0,0,0
va,51013101705,51059430600,0,0,0,0,0,0,0,0
va,51013101803,51013101402,5,5,5,5,0,1,1,1
va,51013101804,51013101603,0,0,0,0,0,0,0,0
va,51013101805,51059480205,2,3,4,5,0,0,0,1
va,51013102001,51059480205,1,2,2,3,0,0,0,2
va,51013102001,51510200704,8,7,7,7,0,0,0,1
va,51013102200,51013102302,0,0,0,0,0,0,0,0
va,51013102400,51550021407,8,10,10,14,0,0,0,2
va,51013102600,51013101603,0,0,0,0,0,0,0,0
va,51013102701,51059491703,4,5,6,6,0,0,0,1
va,51013102702,51059471100,1,2,2,2,0,0,0,0
va,51013102804,51013103503,1,1,1,1,0,0,0,0
va,51013102904,51059461802,1,1,1,1,0,0,0,0
va,51013102904,51059471204,7,7,7,7,0,0,0,0
va,51013103405,51153901420,2,3,3,4,0,0,0,2
va,51013103504,51121020701,13,14,17,17,0,0,0,1
va,51013103504,51153901511,2,3,3,4,0,0,0,2
va,51013103505,51013103405,0,0,0,0,0,0,0,0
va,51013103800,51013103100,0,0,0,0,0,0,0,0
va,51013103800,51059460400,3,4,4,5,0,0,0,2
va,51015070100,51760040300,1,2,2,3,0,0,0,1
va,51015070500,51163930102,0,0,0,0,0,0,0,0
va,51015070500,51165011600,6,6,5,5,0,0,0,0
va,51015070701,51660000205,1,3,4,5,0,0,0,0
va,51015070701,51790000600,0,0,0,0,0,0,0,0
va,51015070802,51660000302,1,2,2,2,0,0,0,0
va,51015070802,51820003200,2,2,2,2,0,0,0,0
va,51015070900,51015070701,0,0,0,0,0,0,0,0
va,51015071202,51015071102,0,0,0,0,0,0,0,0
va,51019030101,51680001602,2,4,4,4,0,0,0,1
va,51019030103,51680000201,2,2,2,2,0,0,0,0
va,51019030104,51065020104,4,7,8,8,0,0,0,1
va,51019030104,51680001400,0,0,0,0,0,0,0,0
va,51019030202,51590000500,4,4,4,4,0,0,0,0
va,51019030202,51770001200,2,2,2,2,0,0,0,1
va,51019030203,51680001400,0,0,0,0,0,0,0,0
va,51019030203,51680001601,1,1,1,2,0,0,0,2
va,51019030300,51019050102,2,2,2,2,0,0,0,0
va,51019030501,51680000201,2,3,3,3,0,0,0,0
va,51019050102,51019050101,0,0,0,0,0,0,0,0
va,51023040301,51197050101,4,5,6,7,0,0,0,0
va,51023040402,51023040301,1,1,1,1,0,0,0,0
va,51023040402,51775010501,1,1,1,1,0,0,0,0
va,51023040501,51023040402,0,0,0,0,0,0,0,0
va,51025930100,51003010702,6,6,6,6,1,1,1,1
va,51025930301,51117930201,1,1,1,1,0,0,0,0
va,51025930302,51550020911,11,14,15,16,2,2,2,3
va,51027010100,51195931700,2,2,2,2,0,0,0,0
va,51027010400,51027010600,0,0,0,0,0,0,0,0
va,51027010600,51191010501,0,0,0,0,0,0,0,0
va,51029930101,51065020200,0,0,0,0,0,0,0,0
va,51029930201,51175200500,4,6,7,7,0,0,1,1
va,51031020200,51009010506,0,1,1,1,0,0,0,1
va,51031020200,51680000300,1,1,1,1,0,0,0,0
va,51031020401,51680000901,1,1,1,2,0,0,0,1
va,51031020401,51680001700,2,2,2,2,0,0,0,1
va,51031020403,51121020900,4,7,9,10,0,0,0,0
va,51033030202,51041100107,1,1,1,1,0,0,0,0
va,51033030300,51041100818,1,1,1,1,0,0,0,0
va,51033030300,51099040302,3,3,3,3,1,1,1,2
va,51033030300,51153901407,4,5,5,5,0,0,0,2
va,51033030300,51650010315,2,3,3,2,0,0,0,1
va,51033030501,51017920102,1,1,1,1,0,0,0,0
va,51033030501,51177020206,2,2,2,2,0,0,0,0
va,51033030503,51760060900,2,2,2,3,0,0,0,2
va,51033030600,51650010702,5,6,7,6,0,0,0,0
va,51035080100,51640070101,7,7,8,8,0,0,0,0
va,51035080200,51035080401,0,0,0,0,0,0,0,0
va,51036600100,51041100921,0,0,0,0,0,0,0,0
va,51036600200,51085320400,2,2,2,2,0,0,0,0
va,51037930101,51037930102,0,0,0,0,0,0,0,0
va,51037930101,51590000500,1,1,1,1,0,0,0,0
va,51037930102,51147930101,0,0,0,0,0,0,0,0
va,51041100206,51041100509,5,5,6,6,0,0,0,0
va,51041100206,51041100934,0,0,0,0,0,0,0,0
va,51041100206,51760030502,3,4,4,4,0,0,0,1
va,51041100209,51041100924,2,2,2,2,0,0,0,0
va,51041100209,51760040202,3,4,4,4,0,0,0,0
va,51041100300,51710007001,4,4,5,7,0,0,0,4
va,51041100403,51059460400,0,0,0,0,0,0,0,0
va,51041100404,51087200412,4,6,7,8,0,0,0,1
va,51041100409,51087201406,2,2,2,2,0,0,0,0
va,51041100409,51760030200,3,3,3,3,0,0,0,1
va,51041100409,51760040202,5,10,12,13,0,0,0,1
va,51041100410,51041100923,3,4,4,4,0,0,0,0
va,51041100505,51041100817,1,1,1,1,0,0,0,0
va,51041100505,51041100926,4,5,5,5,0,0,0,1
va,51041100507,51053840400,0,0,0,0,0,0,0,0
va,51041100507,51760050500,4,5,5,5,0,0,0,0
va,51041100508,51059421103,3,4,5,6,0,0,0,1
va,51041100508,51600300400,5,6,6,7,0,0,0,1
va,51041100508,51760040201,4,5,5,5,0,0,0,0
va,51041100509,51570830100,6,6,6,6,0,0,0,1
va,51041100701,51085320902,9,9,9,9,0,0,0,0
va,51041100701,51570830100,4,4,4,4,0,0,0,0
va,51041100702,51041100410,3,3,3,3,0,0,0,1
va,51041100704,51700032128,15,16,17,18,1,1,1,1
va,51041100705,51041100922,1,1,2,3,0,0,0,1
va,51041100705,51570830500,1,1,1,1,0,0,0,0
va,51041100805,51760070400,1,2,2,2,0,0,0,0
va,51041100807,51087200148,6,7,7,6,0,0,0,0
va,51041100816,51760040900,3,6,7,8,0,0,0,0
va,51041100817,51059482203,3,4,4,4,0,0,0,1
va,51041100818,51041100920,2,2,2,3,0,0,0,0
va,51041100818,51760040202,2,3,3,3,0,0,0,0
va,51041100819,51760011100,4,7,9,9,0,0,0,1
va,51041100822,51087201104,3,4,4,4,0,0,0,0
va,51041100823,51041100403,4,4,4,4,0,0,0,1
va,51041100915,51041100922,0,0,0,0,0,0,0,0
va,51041100921,51041101011,0,1,1,2,0,0,0,0
va,51041100921,51059422000,0,0,0,0,0,0,0,0
va,51041100922,51041100915,0,0,0,0,0,0,0,0
va,51041100926,51041100817,1,2,2,3,0,0,0,0
va,51041100928,51041100920,1,2,2,2,0,0,0,0
va,51041100928,51075400102,0,0,0,0,0,0,0,0
va,51041100928,51087200305,0,0,0,0,0,0,0,0
va,51041100928,51177020202,0,0,0,0,0,0,0,0
va,51041100930,51087200108,0,0,1,1,0,0,0,0
va,51041100931,51087200124,0,0,1,1,0,0,0,0
va,51041100932,51041100209,0,1,1,1,0,0,0,0
va,51041100934,51145500101,1,1,1,1,0,0,0,0
va,51041100935,51153900403,5,5,5,5,0,0,0,0
va,51041100936,51041101013,1,3,3,4,0,0,0,0
va,51041100938,51810045407,19,23,25,28,1,1,1,7
va,51041101003,51041100817,0,0,1,1,0,0,0,0
va,51041101003,51760030200,0,0,0,1,0,0,0,1
va,51041101004,51041100409,1,1,1,1,1,1,1,1
va,51041101004,51760040700,1,2,3,4,0,0,0,0
va,51041101009,51087200301,2,2,3,5,0,0,0,0
va,51041101009,51760040300,1,1,2,3,0,0,0,0
va,51041101009,51760070100,2,2,3,4,0,0,0,0
va,51041101015,51041101007,2,2,2,2,0,1,1,1
va,51041101015,51087200303,5,6,6,7,1,1,1,2
va,51043010102,51540001000,6,8,8,8,1,1,1,2
va,51043010300,51179010406,2,3,3,3,0,0,0,0
va,51047930202,51047930502,1,1,1,1,0,0,0,0
va,51047930204,51810043800,7,10,10,11,0,0,0,4
va,51047930300,51153901409,3,4,4,4,0,0,0,1
va,51047930300,51165011700,6,8,9,9,0,0,0,1
va,51047930400,51069050300,0,2,2,2,0,0,0,0
va,51047930502,51047930300,1,1,1,1,0,0,0,0
va,51047930502,51137110105,0,0,0,0,0,0,0,0
va,51049930101,51029930201,2,2,2,2,0,0,0,1
va,51049930200,51530930601,0,0,0,0,0,0,0,0
va,51049930200,51820003300,2,2,2,2,1,1,1,1
va,51051040100,51051040400,1,1,1,1,0,0,0,0
va,51051040400,51195930900,1,1,1,1,0,0,0,1
va,51053840101,51053840300,0,0,0,0,0,0,0,0
va,51053840500,51053840601,0,0,0,0,0,0,0,0
va,51053840601,51053840300,0,0,0,0,0,0,0,0
va,51053840601,51149850301,4,4,4,4,0,0,0,0
va,51053840602,51087200503,1,1,1,3,0,0,0,2
va,51059415100,51510201803,1,2,2,2,0,0,0,1
va,51059415200,51059471301,5,7,8,8,0,0,0,0
va,51059415500,51810045428,5,7,8,10,0,0,0,4
va,51059415800,51059470700,6,8,9,9,0,0,0,0
va,51059415800,51059471204,6,8,9,9,0,0,0,0
va,51059416000,51059480902,1,1,1,2,0,0,0,1
va,51059416100,51059440202,0,0,0,0,0,0,0,0
va,51059420502,51059452501,0,0,1,2,1,1,1,2
va,51059421101,51013101801,3,3,4,4,0,0,0,0
va,51059421101,51107611002,1,1,1,1,0,0,0,0
va,51059421103,51107610504,1,1,1,1,0,0,0,0
va,51059421400,51059430700,1,1,1,1,0,0,0,0
va,51059421400,51059440201,0,0,1,1,0,0,0,0
va,51059421600,51059422101,0,0,0,0,0,0,0,0
va,51059421702,51153900403,0,0,1,1,0,0,0,0
va,51059421800,51059421400,0,0,0,0,0,0,0,0
va,51059421800,51059452501,0,0,0,1,0,0,0,1
va,51059421800,51510200408,1,1,2,2,0,0,0,1
va,51059422000,51059421002,0,0,0,0,0,0,0,0
va,51059422202,51059471100,0,0,0,0,0,0,0,0
va,51059422202,51059491703,1,1,1,1,0,0,0,0
va,51059422302,51059432800,1,1,1,1,0,0,0,0
va,51059422302,51059480205,0,1,2,2,0,0,0,0
va,51059422402,51059491706,6,7,9,9,1,1,1,1
va,51059430101,51059452501,0,0,0,0,0,0,0,0
va,51059430202,51059471204,0,0,0,0,0,0,0,0
va,51059430600,51059452400,0,0,0,0,0,0,0,0
va,51059430600,51085320803,1,1,1,1,0,0,0,0
va,51059430700,51059461605,2,2,4,4,0,0,0,2
va,51059430801,51059481201,3,3,3,3,0,0,0,2
va,51059430802,51600300500,0,0,0,0,0,0,0,0
va,51059431002,51059450702,2,2,2,2,0,0,0,0
va,51059431601,51600300500,0,0,0,0,0,0,0,0
va,51059431801,51059452000,0,0,0,0,0,0,0,0
va,51059431801,51510200705,0,0,0,0,0,0,0,0
va,51059432100,51059491703,0,0,0,0,0,0,0,0
va,51059432100,51069050804,0,0,0,0,0,0,0,0
va,51059432300,51003010701,5,8,8,9,0,0,0,3
va,51059432300,51059460400,1,2,2,3,0,0,0,0
va,51059432402,51059480205,0,1,1,1,0,0,0,0
va,51059432402,51059481900,2,3,3,3,0,0,0,0
va,51059432702,51510201805,1,1,1,1,0,0,0,0
va,51059440100,51107611002,2,2,2,2,0,0,0,0
va,51059440202,51059461605,0,0,1,1,0,0,0,0
va,51059440501,51810045407,7,10,11,12,0,0,0,4
va,51059440800,51081880101,0,0,2,3,0,0,0,1
va,51059450100,51059430400,0,0,0,0,0,0,0,0
va,51059450601,51059421500,2,5,5,5,0,0,0,2
va,51059450602,51013101406,1,1,1,1,0,0,0,0
va,51059450602,51059452000,0,0,0,0,0,0,0,0
va,51059450701,51059491703,4,5,5,5,0,0,0,0
va,51059450702,51600300200,2,2,3,3,0,0,0,1
va,51059451000,51013101704,1,1,1,1,0,0,0,0
va,51059451501,51013101801,0,0,0,0,0,0,0,0
va,51059451501,51059482506,1,2,2,3,0,0,0,2
va,51059451601,51059452502,0,0,0,0,0,0,0,0
va,51059451900,51013101603,1,3,3,3,0,0,0,0
va,51059452000,51107611702,2,3,3,4,0,0,0,1
va,51059452101,51059482506,1,1,1,2,0,0,0,2
va,51059452200,51059452501,0,0,0,0,0,0,0,0
va,51059452200,51059481900,0,0,0,0,0,0,0,0
va,51059452302,51059450601,0,0,0,0,0,0,0,0
va,51059452400,51510201602,2,2,2,2,0,0,0,0
va,51059452400,51510201805,2,2,2,2,0,0,0,0
va,51059452501,51059416000,0,0,0,0,0,0,0,0
va,51059452501,51059471204,2,2,3,3,0,0,0,2
va,51059452700,51059480201,1,1,1,2,0,0,0,0
va,51059460200,51059440503,3,4,4,4,1,1,1,2
va,51059460200,51087200151,3,5,5,5,0,0,0,0
va,51059460503,51059460400,0,0,0,0,0,0,0,0
va,51059460504,51059471201,0,0,0,0,0,0,0,0
va,51059460701,51013101300,2,2,2,3,0,0,0,0
va,51059460702,51510200406,2,3,3,4,0,0,0,2
va,51059461000,51059460800,0,0,0,0,0,0,0,0
va,51059461202,51059452501,5,6,7,7,0,0,0,1
va,51059461603,51013101602,0,0,0,0,0,0,0,0
va,51059461603,51059461700,0,0,0,0,0,0,0,0
va,51059461603,51061930204,1,1,1,1,0,0,0,0
va,51059461606,51059482505,0,0,1,1,0,0,0,0
va,51059461606,51510200703,3,4,4,4,0,0,0,0
va,51059461802,51059461700,0,0,0,0,0,0,0,0
va,51059461901,51059452501,2,2,3,3,0,0,0,2
va,51059470700,51013101704,0,0,0,1,0,0,0,1
va,51059470800,51059491704,0,0,0,0,0,0,0,0
va,51059470900,51013103601,3,3,3,3,0,0,0,0
va,51059471201,51059452501,2,2,3,3,0,0,0,2
va,51059471301,51059470500,0,0,0,1,0,0,0,1
va,51059471401,51153901420,0,0,1,1,0,0,0,0
va,51059480201,51059480205,0,1,1,3,0,0,0,3
va,51059480204,51013103505,3,3,3,3,0,0,0,0
va,51059480205,51059471204,0,0,1,1,0,0,0,1
va,51059480205,51059480204,0,0,1,1,0,0,0,1
va,51059480501,51059452501,2,2,3,3,0,0,0,2
va,51059480501,51059480902,1,1,1,1,0,0,0,1
va,51059480502,51013101401,0,0,0,2,0,0,0,2
va,51059480502,51059482205,0,0,0,0,0,0,0,0
va,51059480502,51107610505,1,1,1,1,0,0,0,0
va,51059480505,51059460504,0,0,0,0,0,0,0,0
va,51059480802,51059481202,1,2,2,2,0,0,0,2
va,51059480902,51059452501,4,5,6,8,0,0,0,3
va,51059480903,51153901407,1,2,2,2,0,0,0,1
va,51059481000,51059490105,1,1,1,1,0,0,0,0
va,51059481106,51059452501,5,6,7,7,0,0,0,1
va,51059481106,51059460501,2,2,2,4,0,0,0,0
va,51059481400,51059452501,3,3,4,4,0,0,0,2
va,51059481400,51059480205,2,3,3,7,0,0,0,0
va,51059481400,51059481500,0,0,0,0,0,0,0,0
va,51059481600,51059471204,0,0,0,0,0,0,0,0
va,51059481701,51810044201,6,10,11,13,0,0,0,4
va,51059481702,51059482203,0,0,0,0,0,0,0,0
va,51059481900,51059482205,1,1,1,1,0,0,0,0
va,51059481900,51107611300,0,0,0,0,0,0,0,0
va,51059482001,51107611601,0,0,0,0,0,0,0,0
va,51059482002,51059421001,1,1,1,1,0,0,0,0
va,51059482002,51059480903,1,1,1,1,0,0,0,1
va,51059482201,51059480302,0,0,0,0,0,0,0,0
va,51059482203,51059480302,0,0,0,0,0,0,0,0
va,51059482203,51059490105,0,0,0,0,0,0,0,0
va,51059482204,51059480205,2,3,3,8,0,0,0,1
va,51059482204,51059491703,0,0,0,0,0,0,0,0
va,51059482204,51510201500,6,7,7,9,0,0,0,2
va,51059482301,51059491703,0,0,0,0,0,0,0,0
va,51059482301,51600300100,1,1,1,1,0,0,0,0
va,51059482302,51059490104,0,0,0,1,0,0,0,1
va,51059482302,51683910402,1,1,1,1,0,0,0,0
va,51059482303,51059452501,3,3,4,4,0,0,0,2
va,51059482502,51059482507,0,0,0,0,0,0,0,0
va,51059482502,51087200502,0,1,1,1,0,0,0,0
va,51059482503,51107611702,0,0,0,0,0,0,0,0
va,51059482506,51059460501,3,4,4,7,0,0,0,0
va,51059482506,51153901219,0,1,1,1,0,0,0,0
va,51059482603,51013101603,0,0,0,0,0,0,0,0
va,51059482603,51059452000,5,6,7,7,0,0,0,0
va,51059482604,51059491703,0,0,0,0,0,0,0,0
va,51059490104,51061930207,2,2,2,2,0,0,0,0
va,51059490104,51683910402,1,1,1,1,0,0,0,0
va,51059490105,51059482301,0,0,0,0,0,0,0,0
va,51059490501,51059452501,0,0,0,0,0,0,0,0
va,51059490502,51059490105,0,0,0,0,0,0,0,0
va,51059490502,51059491707,1,1,1,1,0,0,0,0
va,51059490502,51600300200,2,2,2,2,0,0,0,2
va,51059491101,51153901407,0,0,0,0,0,0,0,0
va,51059491103,51059481900,0,1,1,1,0,0,0,0
va,51059491103,51059491301,0,0,0,0,0,0,0,0
va,51059491103,51153901407,0,0,0,0,0,0,0,0
va,51059491201,51059452501,5,6,7,7,0,0,0,0
va,51059491202,51059490104,0,1,1,1,0,0,0,0
va,51059491202,51059491802,0,0,0,0,0,0,0,0
va,51059491401,51059482205,0,0,0,0,0,0,0,0
va,51059491404,51107610506,0,0,0,0,0,0,0,0
va,51059491501,51059452302,5,6,6,6,0,0,0,3
va,51059491502,51153901503,0,0,0,0,0,0,0,0
va,51059491601,51510200403,6,7,7,7,0,0,0,2
va,51059491801,51059452501,6,7,8,8,1,1,1,1
va,51059492000,51059452501,0,0,0,0,0,0,0,0
va,51059492202,51013103505,0,0,0,0,0,0,0,0
va,51059492202,51059482505,0,0,0,0,0,0,0,0
va,51059492300,51013102100,2,2,2,2,0,0,0,0
va,51059492300,51059460400,1,2,2,3,0,0,0,0
va,51061930101,51013101603,0,0,0,0,0,0,0,0
va,51061930205,51059460800,1,2,2,2,0,0,0,0
va,51061930205,51059490101,0,2,2,2,0,0,0,0
va,51061930205,51107611020,0,1,1,1,0,0,0,0
va,51061930303,51107611501,0,1,1,1,0,0,0,0
va,51061930306,51179010304,1,2,2,2,0,0,0,0
va,51061930401,51107611020,0,1,1,1,0,0,0,0
va,51061930402,51013102500,3,4,4,4,0,0,0,0
va,51061930705,51061930704,0,0,0,0,0,0,0,0
va,51063920103,51155210201,1,1,1,1,0,0,0,0
va,51063920103,51770002700,2,4,4,4,0,0,0,0
va,51063920104,51063920202,0,0,0,0,0,0,0,0
va,51063920104,51161030803,1,1,1,1,1,1,1,1
va,51065020101,51540000402,1,1,1,1,0,0,0,0
va,51067020200,51161030803,4,5,6,7,0,0,0,0
va,51067020702,51067020801,0,0,0,0,0,0,0,0
va,51069050200,51195931200,16,19,20,23,0,0,0,2
va,51069050402,51069050401,0,0,0,0,0,0,0,0
va,51069050402,51107610702,0,0,0,0,0,0,0,0
va,51069050402,51187020200,0,0,0,0,0,0,0,0
va,51069050500,51059482603,0,0,0,0,0,0,0,0
va,51069050500,51153901421,0,0,0,0,0,0,0,0
va,51069050600,51059490105,0,0,0,1,0,0,0,1
va,51069050801,51059452801,2,2,3,3,0,0,0,0
va,51069050805,51059460800,1,1,1,1,0,0,0,0
va,51069050805,51840000202,0,0,0,0,0,0,0,0
va,51069051002,51069051102,0,0,0,0,0,0,0,0
va,51069051103,51107610102,0,0,0,0,0,0,0,0
va,51069051103,51840000202,0,0,0,0,0,0,0,0
va,51071930100,51121020401,2,2,2,2,0,0,0,0
va,51073100102,51101950300,1,1,2,2,0,0,1,1
va,51075400101,51087200151,0,0,0,1,0,0,0,1
va,51075400200,51760030200,0,1,1,1,0,0,0,0
va,51075400200,51760040300,3,3,3,3,0,0,0,0
va,51075400400,51087200150,2,2,2,2,0,0,0,0
va,51079030102,51041100924,6,8,8,7,0,0,0,0
va,51079030102,51540000600,0,0,0,0,0,0,0,0
va,51079030201,51540000800,0,0,0,0,0,0,0,0
va,51079030202,51161030900,7,9,10,10,0,0,0,0
va,51083930202,51590000200,2,2,2,2,0,0,0,0
va,51083930203,51083930601,0,0,0,0,0,0,0,0
va,51083930302,51083930602,0,0,0,0,0,0,0,0
va,51085320200,51087200122,2,3,3,3,0,0,0,0
va,51085320400,51087200503,0,0,0,0,0,0,0,0
va,51085320400,51087201104,5,5,5,5,0,0,0,1
va,51085320701,51075400102,1,1,1,1,0,0,0,0
va,51085320803,51760030502,1,1,1,1,0,0,0,0
va,51085320803,51760041300,0,1,1,1,0,0,0,0
va,51085320804,51003011302,1,1,1,1,0,0,0,0
va,51085320804,51085320801,2,2,2,2,0,0,0,0
va,51085320901,51059480902,2,2,2,2,0,0,0,1
va,51085320901,51087200108,1,2,2,2,0,0,0,0
va,51085320901,51087200151,0,1,1,1,0,0,0,0
va,51085321001,51760030502,0,1,1,1,0,0,0,1
va,51085321004,51075400101,3,3,3,3,0,0,0,0
va,51085321100,51085320601,0,0,0,0,0,0,0,0
va,51085321100,51760040202,1,1,1,1,0,0,0,0
va,51085321202,51041100409,2,3,3,4,0,0,0,2
va,51085321300,51003010401,1,1,1,1,0,0,0,0
va,51087200106,51087201405,3,3,3,3,0,0,0,0
va,51087200106,51760061001,1,1,1,1,0,0,0,0
va,51087200108,51760030502,0,0,0,0,0,0,0,0
va,51087200109,51015070701,3,4,4,4,0,0,0,0
va,51087200109,51087200907,0,0,0,0,0,0,0,0
va,51087200123,51087200303,1,1,1,1,0,0,0,0
va,51087200123,51087200502,2,2,2,2,0,0,0,0
va,51087200125,51059480205,1,2,2,2,0,0,0,0
va,51087200125,51760041100,0,0,0,0,0,0,0,0
va,51087200125,51760050500,0,0,0,0,0,0,0,0
va,51087200134,51087200305,0,0,0,0,0,0,0,0
va,51087200137,51041100931,2,2,2,2,0,0,0,0
va,51087200137,51087200502,0,0,0,1,0,0,0,1
va,51087200138,51087200150,0,0,0,0,0,0,0,0
va,51087200139,51087200904,2,2,2,2,0,0,0,0
va,51087200140,51087200303,0,1,1,1,0,0,0,0
va,51087200140,51087201104,1,1,1,1,0,0,0,0
va,51087200144,51059482506,4,4,4,4,0,0,0,0
va,51087200145,51087201104,3,3,3,3,0,0,0,0
va,51087200146,51087201104,4,4,4,3,0,0,0,0
va,51087200147,51087201701,2,2,2,4,0,0,0,2
va,51087200147,51760040800,0,0,0,0,0,0,0,0
va,51087200148,51700032225,6,7,8,7,3,3,3,3
va,51087200152,51087200106,1,1,1,1,0,0,0,0
va,51087200152,51087201701,2,2,2,4,0,0,0,2
va,51087200153,51041100403,2,2,2,2,0,0,0,0
va,51087200302,51041100300,5,6,6,7,0,0,0,1
va,51087200302,51087200135,0,0,0,0,0,0,0,0
va,51087200302,51760030200,2,2,2,2,0,0,0,0
va,51087200305,51041100817,1,3,3,3,0,0,0,0
va,51087200305,51087200109,0,0,0,0,0,0,0,0
va,51087200305,51087200801,0,0,0,0,0,0,0,0
va,51087200305,51760040500,2,2,2,2,0,0,0,0
va,51087200407,51760030200,0,0,0,0,0,0,0,0
va,51087200412,51087200106,1,1,1,1,0,0,0,0
va,51087200414,51760040202,0,0,0,0,0,0,0,0
va,51087200416,51033030600,0,0,0,0,0,0,0,0
va,51087200417,51087200501,0,0,0,0,0,0,0,0
va,51087200502,51760030200,1,1,1,1,0,0,0,0
va,51087200503,51013101502,3,3,3,3,0,0,0,0
va,51087200503,51087200409,0,0,0,0,0,0,0,0
va,51087200503,51089010300,4,6,6,9,0,1,2,4
va,51087200600,51087200148,2,4,4,3,0,0,0,0
va,51087200600,51087200904,0,0,0,0,0,0,0,0
va,51087200802,51069050700,1,3,3,3,0,0,0,0
va,51087200805,51760050100,3,3,2,2,0,0,0,0
va,51087200807,51087200805,0,0,0,0,0,0,0,0
va,51087200904,51760010401,0,0,0,0,0,0,0,0
va,51087200905,51085321201,0,1,1,1,0,0,0,0
va,51087200905,51760040300,0,2,2,2,0,0,0,0
va,51087200907,51760040800,1,2,2,2,0,0,0,0
va,51087201001,51059416300,1,1,1,1,0,0,0,0
va,51087201001,51085321100,1,1,1,1,1,1,1,1
va,51087201001,51087201002,0,0,0,0,0,0,0,0
va,51087201203,51181860200,6,6,6,6,0,0,0,1
va,51087201205,51041100407,0,0,0,0,0,0,0,0
va,51087201404,51085320902,0,0,0,0,0,0,0,0
va,51087201404,51087200126,0,1,2,3,0,0,0,1
va,51087201406,51087200141,0,1,2,3,0,0,0,1
va,51089010100,51019030103,6,6,6,6,0,0,0,0
va,51089010100,51089010602,3,3,3,3,0,0,0,0
va,51089010100,51640070101,6,6,7,7,0,0,0,1
va,51089010200,51121021102,3,3,3,3,0,0,0,1
va,51089010500,51590000200,0,0,0,0,0,0,0,0
va,51089010700,51690000300,2,2,2,2,0,0,0,0
va,51089011100,51089010300,1,1,1,1,0,0,0,1
va,51089011300,51775010300,2,3,3,4,0,1,1,2
va,51093280106,51650010304,5,6,6,5,3,4,3,5
va,51093280107,51059452501,7,8,8,11,2,2,2,4
va,51093280107,51700031701,7,8,8,8,3,4,4,8
va,51093280108,51650011300,6,7,7,7,1,2,2,4
va,51093280300,51800065500,11,11,10,10,0,0,0,0
va,51093280400,51800075203,3,3,3,3,0,0,0,0
va,51095080205,51800075402,17,19,18,20,2,3,3,3
va,51095080205,51810045407,14,16,17,18,0,0,0,4
va,51095080205,51830370300,1,1,1,1,0,0,0,0
va,51095080209,51095080402,2,2,2,2,0,0,0,0
va,51095080304,51595890200,7,7,8,8,1,1,1,2
va,51095080305,51179010212,2,2,3,3,0,0,0,0
va,51095080307,51013101805,2,2,3,3,0,0,0,0
va,51099040200,51099040100,0,0,0,0,0,0,0,0
va,51099040200,51630000302,2,3,3,3,2,3,3,3
va,51099040301,51177020206,3,4,4,5,2,2,2,3
va,51099040400,51059450601,4,4,5,5,1,2,2,4
va,51101950101,51810040200,6,7,8,10,1,1,1,4
va,51103030100,51760010202,6,9,10,12,1,1,1,4
va,51103030301,51177020311,1,1,1,1,0,0,0,0
va,51107610201,51171040501,3,3,3,3,0,0,0,0
va,51107610202,51107610400,0,0,0,0,0,0,0,0
va,51107610400,51107611002,0,0,0,0,0,0,0,0
va,51107610503,51107611002,0,0,0,0,0,0,0,0
va,51107610504,51153901507,2,2,2,2,0,0,0,0
va,51107610505,51059482507,0,0,0,0,0,0,0,0
va,51107610604,51059480903,1,2,2,2,0,0,0,0
va,51107610604,51059481202,0,0,1,2,0,0,0,0
va,51107610604,51107610504,0,0,0,0,0,0,0,0
va,51107610604,51683910402,0,0,0,0,0,0,0,0
va,51107610702,51059482506,1,1,1,1,0,0,0,1
va,51107610703,51041100403,0,0,0,0,0,0,0,0
va,51107610703,51107610505,0,0,0,0,0,0,0,0
va,51107610703,51510200703,7,8,9,9,0,0,0,1
va,51107610800,51179010105,0,0,0,0,0,0,0,0
va,51107611002,51059440201,0,0,1,1,0,0,0,1
va,51107611002,51059491601,0,0,0,0,0,0,0,0
va,51107611004,51059480205,0,1,2,4,0,0,0,1
va,51107611004,51107611006,0,0,0,0,0,0,0,0
va,51107611005,51630000500,1,1,1,1,0,0,0,0
va,51107611006,51107611023,0,0,0,0,0,0,0,0
va,51107611009,51107610506,0,0,0,0,0,0,0,0
va,51107611009,51107611006,0,0,0,0,0,0,0,0
va,51107611010,51013101602,0,0,1,2,0,0,0,2
va,51107611010,51059471100,0,0,1,1,0,0,0,1
va,51107611011,51059482203,0,0,1,1,0,0,0,1
va,51107611012,51059460501,0,0,1,1,0,0,0,1
va,51107611012,51177020407,2,2,3,3,0,0,0,0
va,51107611014,51059482400,0,0,1,1,0,0,0,1
va,51107611014,51059482507,0,0,0,0,0,0,0,0
va,51107611014,51107611812,0,0,0,0,0,0,0,0
va,51107611015,51153901234,0,0,0,0,0,0,0,0
va,51107611017,51107611019,0,0,0,0,0,0,0,0
va,51107611017,51107611502,0,0,0,0,0,0,0,0
va,51107611017,51107611804,0,0,0,0,0,0,0,0
va,51107611018,51510200600,3,4,7,6,0,0,0,2
va,51107611019,51107610506,0,0,0,0,0,0,0,0
va,51107611020,51059491701,0,0,0,0,0,0,0,0
va,51107611022,51013101401,3,3,3,8,0,0,0,2
va,51107611023,51107611006,0,0,0,0,0,0,0,0
va,51107611027,51059450702,5,6,6,6,0,0,0,0
va,51107611027,51059490105,0,0,0,1,0,0,0,1
va,51107611028,51059482506,1,1,1,1,0,0,0,1
va,51107611029,51059482203,0,0,1,2,0,0,0,0
va,51107611032,51059482507,0,0,0,0,0,0,0,0
va,51107611101,51059980100,0,0,1,1,0,0,0,1
va,51107611102,51069050900,0,0,0,0,0,0,0,0
va,51107611102,51087200148,1,1,1,1,0,0,0,0
va,51107611209,51107611020,0,0,0,0,0,0,0,0
va,51107611209,51107611501,0,0,0,0,0,0,0,0
va,51107611300,51107611501,0,0,0,0,0,0,0,0
va,51107611502,51107611901,0,0,0,0,0,0,0,0
va,51107611601,51107611205,0,0,0,0,0,0,0,0
va,51107611602,51059480204,0,0,0,0,0,0,0,0
va,51107611602,51107611502,0,0,0,0,0,0,0,0
va,51107611602,51153901409,0,0,0,0,0,0,0,0
va,51107611803,51059461605,0,0,0,0,0,0,0,0
va,51107611803,51059461700,0,0,0,0,0,0,0,0
va,51107611803,51059482507,0,0,0,0,0,0,0,0
va,51107611804,51019030404,6,10,11,12,0,0,0,3
va,51107611804,51107611005,0,0,0,0,0,0,0,0
va,51107611804,51107611803,0,0,0,0,0,0,0,0
va,51107611804,51510200705,8,12,13,13,0,0,0,1
va,51107611807,51510200705,8,12,13,13,0,0,0,1
va,51107611808,51107611023,0,0,0,0,0,0,0,0
va,51107611809,51059481202,0,0,1,2,0,0,0,0
va,51107611809,51107611023,0,0,0,0,0,0,0,0
va,51107611810,51059491703,0,0,0,0,0,0,0,0
va,51107611810,51107611020,0,0,0,0,0,0,0,0
va,51107611810,51107611026,0,0,0,0,0,0,0,0
va,51107611810,51153901503,0,0,0,0,0,0,0,0
va,51107611811,51013101401,0,0,0,1,0,0,0,1
va,51107611811,51013101603,0,0,0,0,0,0,0,0
va,51107611901,51059421001,6,7,7,7,0,0,0,1
va,51107611902,51107611020,0,0,0,0,0,0,0,0
va,51109950301,51109950202,0,0,0,0,0,0,0,0
va,51109950303,51690000100,3,3,3,3,0,0,0,0
va,51109950303,51790000600,1,1,1,1,0,0,0,0
va,51109950500,51075400400,1,1,1,1,0,0,0,0
va,51111930200,51037930200,0,0,0,0,0,0,0,0
va,51113930102,51113930101,0,0,0,0,0,0,0,0
va,51115951401,51710005902,10,16,16,18,2,3,3,7
va,51115951402,51650010304,8,13,14,14,2,3,3,3
va,51117930101,51700031100,6,7,7,7,0,0,1,1
va,51117930101,51760030200,2,2,2,3,0,0,0,2
va,51117930300,51059490104,0,0,0,2,0,0,0,2
va,51117930300,51700031100,6,8,8,8,0,0,1,1
va,51117930500,51117930202,0,0,0,0,0,0,0,0
va,51117930700,51800075406,9,14,14,13,0,0,1,1
va,51117930800,51117930600,2,2,2,2,0,0,0,0
va,51121020301,51121020100,1,1,1,1,0,0,0,0
va,51121020302,51770002900,5,5,5,6,0,0,0,0
va,51121020701,51121020100,1,1,1,1,0,0,0,0
va,51121020802,51770001200,1,1,1,1,0,0,0,0
va,51121021102,51121020900,1,2,2,2,0,0,0,0
va,51121021400,51161030201,3,3,4,4,0,0,0,0
va,51121021501,51775010300,0,0,0,0,0,0,0,0
va,51125950102,51775010200,3,5,7,7,0,0,0,0
va,51127700100,51087200409,0,1,2,3,0,0,0,1
va,51127700100,51087200904,1,1,1,1,0,0,0,0
va,51131930100,51095080102,9,12,13,14,2,4,5,6
va,51131930100,51700031602,9,12,13,13,2,4,5,5
va,51131930200,51001090500,0,0,1,1,0,0,0,0
va,51135000101,51135000102,1,1,1,1,0,0,0,0
va,51137110104,51137110200,1,1,1,1,0,0,0,0
va,51137110105,51059491000,0,2,2,2,0,0,0,1
va,51137110105,51085320902,1,1,1,1,0,0,0,1
va,51137110105,51740212701,10,13,13,15,0,0,0,3
va,51137110105,51770000300,7,7,7,6,0,0,0,0
va,51137110108,51137110107,0,0,0,0,0,0,0,0
va,51137110108,51137110200,1,1,1,1,0,0,0,0
va,51139030300,51139030200,1,1,1,1,0,0,0,0
va,51139030402,51087200407,9,11,11,10,1,1,1,1
va,51141030301,51690000500,0,0,0,0,0,0,0,0
va,51143010200,51031020200,0,0,0,0,0,0,0,0
va,51143010200,51031020600,0,0,0,0,0,0,0,0
va,51143010200,51031020700,0,0,0,0,0,0,0,0
va,51143010302,51067020200,1,1,1,1,0,0,0,0
va,51143010400,51590000800,2,2,2,2,0,0,0,0
va,51143010400,51590001301,4,4,4,4,0,0,0,0
va,51143010400,51760040202,4,5,7,8,0,0,1,1
va,51143010500,51143010600,0,0,0,0,0,0,0,0
va,51143010801,51680000700,3,3,3,3,0,0,0,0
va,51143011302,51143010500,0,0,0,0,0,0,0,0
va,51143011302,51590000700,4,4,4,5,1,1,1,1
va,51145500101,51041100509,4,4,4,4,0,0,0,0
va,51145500101,51760040202,2,2,2,2,0,0,0,0
va,51147930102,51121020701,6,9,12,13,0,0,0,0
va,51147930204,51147930102,0,0,0,0,0,0,0,0
va,51147930301,51145500102,2,2,2,2,2,2,2,2
va,51149850301,51041100403,5,5,5,5,1,1,1,1
va,51149850301,51087201502,5,5,5,5,1,1,1,1
va,51149850400,51730811300,6,7,7,7,0,0,0,0
va,51149850501,51149850100,2,2,2,2,0,0,0,0
va,51149850501,51800075401,4,4,3,3,0,0,0,0
va,51153900202,51013101406,3,3,3,3,0,0,0,0
va,51153900203,51153900403,1,1,1,1,0,0,0,0
va,51153900301,51153901409,0,0,0,0,0,0,0,0
va,51153900404,51600300300,1,2,3,3,0,0,0,0
va,51153900407,51153901232,1,1,2,2,0,0,0,1
va,51153900408,51153901014,1,1,1,1,0,0,0,0
va,51153900503,51059490502,1,1,1,1,0,0,0,0
va,51153900701,51059482506,2,2,2,2,0,0,0,0
va,51153900701,51107611901,1,1,1,1,0,0,0,1
va,51153900702,51059470500,0,1,1,1,0,0,0,0
va,51153900702,51157950100,3,3,3,3,0,0,0,0
va,51153900804,51153901236,2,2,2,2,0,0,0,0
va,51153900804,51510200403,3,4,4,4,0,0,0,1
va,51153900904,51059421600,2,3,4,4,0,0,0,0
va,51153900904,51059451502,4,4,4,4,0,0,0,0
va,51153900904,51059452501,2,3,3,4,0,0,0,1
va,51153900904,51059482206,3,3,3,3,0,0,0,0
va,51153901005,51059490105,0,0,0,0,0,0,0,0
va,51153901009,51013101801,2,3,4,4,0,1,1,1
va,51153901010,51153900503,1,1,1,1,0,0,0,0
va,51153901013,51153900403,2,2,2,2,0,0,0,0
va,51153901015,51153900502,2,2,2,2,0,0,0,0
va,51153901203,51059481202,2,2,3,3,0,0,0,0
va,51153901203,51153900801,0,0,1,1,0,0,0,0
va,51153901203,51153901236,0,0,0,0,0,0,0,0
va,51153901203,51510200802,0,0,1,1,0,0,0,0
va,51153901209,51153901235,0,0,0,0,0,0,0,0
va,51153901221,51161030803,9,12,13,14,0,0,0,0
va,51153901221,51740210400,10,14,13,15,0,0,0,0
va,51153901224,51041100920,3,3,3,3,0,0,0,0
va,51153901224,51121020100,9,13,14,16,0,0,0,0
va,51153901226,51179010405,1,1,1,1,0,0,0,0
va,51153901227,51059460800,3,4,4,4,0,0,0,0
va,51153901228,51059482506,0,0,0,0,0,0,0,0
va,51153901234,51153901014,0,0,0,0,0,0,0,0
va,51153901234,51153901219,0,0,0,0,0,0,0,0
va,51153901235,51683910202,0,0,0,0,0,0,0,0
va,51153901303,51683910201,0,0,0,0,0,0,0,0
va,51153901305,51153901014,0,0,0,0,0,0,0,0
va,51153901306,51153901409,0,0,0,0,0,0,0,0
va,51153901409,51059490104,0,0,0,0,0,0,0,0
va,51153901409,51059490105,0,0,0,0,0,0,0,0
va,51153901409,51059491701,0,0,0,0,0,0,0,0
va,51153901409,51153901503,0,0,0,0,0,0,0,0
va,51153901409,51683910100,0,0,0,0,0,0,0,0
va,51153901414,51153901014,0,0,0,0,0,0,0,0
va,51153901416,51059440202,6,7,7,7,0,0,0,0
va,51153901416,51059491703,1,1,1,1,0,0,0,0
va,51153901416,51107610505,0,0,0,0,0,0,0,0
va,51153901421,51059452200,5,6,6,6,0,0,0,2
va,51153901503,51600300200,2,2,2,2,0,0,0,1
va,51153901504,51107611501,0,1,1,1,0,0,0,0
va,51153901504,51153901421,0,0,0,0,0,0,0,0
va,51153901504,51600300500,2,2,2,2,0,0,0,1
va,51153901505,51061930401,1,1,1,1,0,0,0,0
va,51153901508,51107611804,2,2,2,2,0,0,0,0
va,51153901508,51153901409,0,0,0,0,0,0,0,0
va,51153901509,51059452501,0,0,0,0,0,0,0,0
va,51153901509,51107611016,0,0,0,0,0,0,0,0
va,51153901510,51153901101,1,1,1,1,0,0,0,0
va,51153901602,51059432702,1,1,1,1,0,0,0,0
va,51153901602,51153901232,1,1,1,1,0,0,0,0
va,51153901704,51059452700,6,7,8,8,0,0,0,0
va,51153901704,51059461605,1,1,1,1,0,0,0,0
va,51153901704,51153901403,1,1,1,1,0,0,0,0
va,51153901900,51660000203,7,7,7,8,1,1,1,3
va,51153901900,51660000205,7,7,7,8,0,0,0,2
va,51155210201,51121020401,5,6,7,7,0,1,1,2
va,51155210201,51197050201,1,1,1,2,0,0,0,1
va,51155210202,51121020100,6,7,7,7,0,1,1,2
va,51155210300,51155210201,0,0,0,0,0,0,0,0
va,51155210300,51155210401,0,0,0,0,0,0,0,0
va,51159040200,51097950400,2,4,4,6,1,1,1,4
va,51161030100,51087200301,0,0,2,3,0,0,0,1
va,51161030203,51770002900,3,3,3,3,0,0,0,2
va,51161030207,51770001900,0,1,1,1,0,0,0,0
va,51161030601,51003010401,1,1,3,4,0,0,0,1
va,51161030601,51031020500,4,6,6,6,0,0,0,1
va,51161030601,51770001200,0,1,1,1,0,0,0,0
va,51161030602,51161030201,0,0,0,0,0,0,0,0
va,51161030602,51775010300,0,0,0,0,0,0,0,0
va,51161030701,51067020400,0,0,0,1,0,0,0,1
va,51161030702,51023040501,3,5,5,5,0,0,0,0
va,51161030702,51770001200,1,2,2,2,0,0,0,0
va,51161030802,51121020801,1,1,1,1,0,0,0,0
va,51161030803,51059481202,9,12,15,15,0,0,0,4
va,51161030803,51770001200,0,1,1,1,0,0,0,0
va,51161030804,51121021400,1,1,1,1,0,0,0,0
va,51161030900,51067020802,1,1,1,2,0,0,0,1
va,51161030900,51770000300,4,7,7,7,0,0,0,1
va,51161030900,51775010300,5,5,5,5,0,0,0,0
va,51161031000,51161030201,1,1,3,4,0,0,0,0
va,51161031101,51161030701,4,4,5,5,0,0,0,1
va,51161031101,51770000300,0,1,1,1,0,0,0,0
va,51161031101,51775010100,4,4,4,4,0,0,0,1
va,51161031102,51770000602,0,0,0,0,0,0,0,0
va,51161031202,51770000602,0,0,1,1,0,0,0,0
va,51161031202,51775010501,3,3,4,4,0,0,0,0
va,51163930101,51015071102,0,0,0,0,0,0,0,0
va,51163930400,51700032400,16,19,23,25,0,0,0,3
va,51165010100,51165011900,1,2,2,2,0,0,0,0
va,51165010100,51660000203,3,4,4,5,1,1,1,1
va,51165010200,51165011700,2,3,3,3,0,0,0,0
va,51165010500,51660000203,2,2,2,2,1,1,1,1
va,51165010500,51660000302,1,1,1,1,0,0,0,0
va,51165010500,51710006100,11,13,13,13,0,0,0,7
va,51165010700,51015071202,9,10,10,10,0,0,0,1
va,51165010700,51660000204,2,2,2,3,0,0,0,1
va,51165011500,51660000401,1,2,2,2,0,0,0,0
va,51165011802,51107611501,1,1,1,2,0,0,0,1
va,51165011900,51683910301,3,5,8,8,0,0,0,1
va,51169030200,51087201406,20,24,30,33,0,0,0,3
va,51171040102,51015070300,5,5,5,5,0,0,0,1
va,51171040202,51087200126,13,14,14,13,0,0,0,0
va,51171040800,51171040700,2,2,2,2,0,0,0,0
va,51173030302,51197050201,1,2,2,2,0,0,0,0
va,51173030400,51173030302,1,1,1,1,1,1,1,1
va,51175200100,51620090100,3,3,3,3,0,0,0,0
va,51175200200,51175200402,0,0,0,0,0,0,0,0
va,51175200401,51175200402,0,0,0,0,0,0,0,0
va,51175200401,51800075402,5,9,9,8,1,2,2,2
va,51177020104,51013103503,0,2,3,4,1,1,1,2
va,51177020108,51059490101,0,2,2,3,1,1,1,1
va,51177020108,51630000201,1,4,4,4,0,0,0,0
va,51177020109,51177020110,0,0,0,0,0,0,0,0
va,51177020112,51177020309,0,0,0,0,0,0,0,0
va,51177020112,51179010304,1,3,3,4,0,0,0,0
va,51177020113,51179010304,1,3,3,4,0,0,0,0
va,51177020114,51059452400,0,2,2,3,1,1,1,1
va,51177020201,51177020304,1,1,1,1,0,0,0,1
va,51177020202,51059480801,5,5,5,5,0,0,0,1
va,51177020204,51107610300,0,0,0,0,0,0,0,0
va,51177020204,51179010307,0,0,0,0,0,0,0,0
va,51177020304,51041100924,2,4,4,4,0,0,0,1
va,51177020305,51137110107,0,0,0,0,0,0,0,0
va,51177020309,51540001000,1,3,3,3,0,0,0,0
va,51177020311,51179010218,3,3,3,3,0,0,0,0
va,51177020316,51013103404,3,3,4,4,0,0,0,2
va,51177020404,51179010307,1,3,3,4,0,0,0,0
va,51177020407,51059460200,0,2,2,3,1,1,1,1
va,51179010107,51179010105,0,0,0,0,0,0,0,0
va,51179010108,51179010307,0,0,0,0,0,0,0,0
va,51179010205,51177020202,2,2,2,2,0,0,0,0
va,51179010206,51179010216,0,0,0,0,0,0,0,0
va,51179010210,51179010307,0,0,0,0,0,0,0,0
va,51179010304,51179010105,0,0,0,0,0,0,0,0
va,51179010404,51153901403,0,0,0,0,0,0,0,0
va,51179010404,51177020206,2,3,3,3,1,1,1,2
va,51179010405,51059452000,0,0,0,0,0,0,0,0
va,51179010503,51179010304,0,0,0,0,0,0,0,0
va,51179010504,51099040301,1,2,2,2,1,1,1,1
va,51181860100,51019050102,10,10,11,12,0,0,0,0
va,51181860100,51550020500,16,18,19,19,0,0,0,1
va,51185020400,51185021000,2,2,2,2,0,0,0,0
va,51185020600,51185021000,0,0,0,0,0,0,0,0
va,51185020800,51185021101,0,0,0,0,0,0,0,0
va,51187020101,51107611020,0,0,0,0,0,0,0,0
va,51187020300,51069051102,1,1,1,1,0,0,0,0
va,51187020400,51153901421,2,2,2,2,0,0,0,1
va,51187020400,51683910201,3,3,3,3,0,0,0,1
va,51187020500,51059421101,2,2,2,2,0,0,0,1
va,51187020601,51069051102,1,1,1,1,1,1,1,1
va,51187020601,51187020500,2,2,2,2,1,1,1,2
va,51191010102,51027010600,1,1,1,1,0,0,0,0
va,51191010200,51191010501,0,0,0,0,0,0,0,0
va,51191010401,51191010402,0,0,0,0,0,0,0,0
va,51191010700,51191010501,0,0,0,0,0,0,0,0
va,51191010700,51191010602,0,0,0,0,0,0,0,0
va,51191010800,51173030701,0,0,0,0,0,0,0,0
va,51191010900,51155210201,1,1,1,1,0,0,0,0
va,51193010102,51177020304,3,4,4,4,1,1,1,3
va,51193010200,51059421001,4,6,6,6,2,3,3,3
va,51193010300,51087200303,3,5,5,5,2,2,2,2
va,51195930700,51051040400,1,1,1,1,1,1,1,1
va,51195930900,51195931400,1,1,1,1,0,0,0,1
va,51195931100,51195931400,1,1,1,1,0,0,0,0
va,51197050102,51155210202,0,0,0,0,0,0,0,0
va,51197050102,51197050101,1,1,1,1,0,0,0,0
va,51197050301,51520020202,1,1,1,2,0,0,0,1
va,51197050401,51530930601,3,4,7,7,0,0,0,0
va,51199050205,51650010315,4,7,7,7,0,0,0,1
va,51199050303,51550021010,8,12,12,15,0,0,0,5
va,51199050303,51700032114,1,3,3,3,0,0,0,0
va,51199050304,51650010200,0,2,3,3,0,0,0,0
va,51199050306,51700031701,5,5,5,4,0,0,0,0
va,51199050402,51700032113,2,2,2,2,1,1,1,1
va,51199051100,51059482603,1,1,1,1,0,0,0,0
va,51199051100,51710004002,6,7,8,9,0,0,0,2
va,51510200202,51510200705,2,2,2,2,0,0,0,0
va,51510200304,51013103405,0,0,0,1,0,0,0,1
va,51510200305,51087200148,1,1,1,1,0,0,0,0
va,51510200305,51107611702,3,4,4,6,0,0,0,1
va,51510200404,51013101409,6,6,7,6,0,0,0,0
va,51510200406,51059421500,1,2,2,2,0,1,1,4
va,51510200406,51059480903,2,2,2,4,0,0,0,3
va,51510200407,51059430400,1,1,1,1,0,0,0,0
va,51510200409,51013101603,2,2,2,2,0,0,0,1
va,51510200409,51013103602,1,1,1,1,0,0,0,1
va,51510200409,51059415200,1,2,2,2,0,1,1,1
va,51510200703,51059452502,3,3,3,4,0,0,0,2
va,51510200900,51510200409,0,0,0,2,0,0,0,2
va,51510201000,51013102904,0,1,1,1,0,0,0,1
va,51510201100,51013101701,1,1,1,1,0,0,0,0
va,51510201100,51013103602,2,2,2,2,0,0,0,1
va,51510201202,51013101701,2,2,2,2,0,0,0,2
va,51510201205,51059452502,2,2,2,3,0,0,0,2
va,51510201206,51059481202,4,5,5,6,0,0,0,1
va,51510201602,51013101409,4,4,4,5,0,0,0,1
va,51510201602,51059482203,4,5,6,7,0,0,0,2
va,51510201602,51510200409,3,3,3,3,0,0,0,1
va,51530930602,51530930601,0,0,0,0,0,0,0,0
va,51540000201,51003010904,0,0,0,0,0,0,0,0
va,51540000202,51003010701,0,0,0,0,0,0,0,0
va,51540000402,51540001000,0,0,0,0,0,0,0,0
va,51540000700,51059440202,11,13,16,16,0,0,0,1
va,51540001000,51540000302,0,0,0,0,0,0,0,0
va,51550020002,51810042600,1,1,2,2,0,0,0,1
va,51550020003,51550021103,3,3,3,3,1,1,1,1
va,51550020003,51710002900,3,6,6,6,0,0,0,0
va,51550020003,51810046220,2,2,2,2,0,0,0,0
va,51550020100,51059482203,9,14,16,17,0,0,1,4
va,51550020200,51740210900,6,6,6,4,0,0,0,2
va,51550020500,51550021407,3,3,3,3,0,0,0,0
va,51550020600,51810044807,4,4,5,5,0,0,0,0
va,51550020700,51710005100,2,3,3,3,0,0,0,0
va,51550020804,51550020911,0,0,0,0,0,0,0,0
va,51550020804,51810045407,0,0,1,1,0,0,0,0
va,51550020805,51810045433,1,1,1,1,0,0,0,0
va,51550020809,51810044807,1,2,3,3,0,0,0,1
va,51550020810,51810046207,1,1,1,1,0,0,0,0
va,51550020814,51740213200,8,7,8,6,0,1,1,3
va,51550020814,51810045433,0,0,0,0,0,0,0,0
va,51550021010,51041100814,7,8,7,8,0,0,0,1
va,51550021010,51550021005,0,0,0,0,0,0,0,0
va,51550021012,51041100403,5,5,4,4,0,0,1,3
va,51550021012,51810045433,1,1,1,1,1,1,1,1
va,51550021015,51810046015,2,2,2,2,0,0,0,0
va,51550021104,51550021013,0,0,0,0,0,0,0,0
va,51550021104,51710006607,9,13,16,16,0,0,0,0
va,51550021303,51059421002,5,8,8,11,0,0,0,1
va,51550021405,51800065200,1,1,1,1,1,1,1,1
va,51550021504,51550021005,4,4,4,4,0,0,0,0
va,51550021504,51710004800,2,3,3,3,0,0,0,1
va,51550021602,51059490502,10,14,13,16,0,0,0,1
va,51550021605,51810046207,5,6,6,6,0,0,0,0
va,51570830100,51041100509,2,2,2,2,0,0,0,0
va,51570830300,51087200303,6,9,10,10,0,0,0,0
va,51570830300,51149850502,1,1,2,2,0,0,0,0
va,51570830500,51087200140,0,0,0,1,0,0,0,1
va,51580060200,51023040304,0,0,0,0,0,0,0,0
va,51590000100,51590000500,3,3,3,3,1,1,1,1
va,51590000300,51590000500,1,1,1,1,1,1,1,1
va,51590000600,51590000800,2,3,3,3,1,1,1,1
va,51590000900,51590000500,0,0,0,0,0,0,0,0
va,51595890100,51177020304,6,6,6,8,0,0,0,4
va,51600300300,51059415401,2,3,3,5,0,0,0,3
va,51600300400,51600300200,0,0,0,0,0,0,0,0
va,51630000500,51179010406,1,1,1,1,0,0,0,0
va,51650010103,51087200305,5,8,11,12,0,0,0,3
va,51650010304,51650010311,1,1,1,1,0,0,0,0
va,51650010306,51700031100,5,7,10,9,0,0,0,0
va,51650010307,51177020313,4,5,5,7,0,0,0,2
va,51650010312,51153901304,1,1,1,2,0,0,0,1
va,51650010504,51650010315,4,4,4,4,0,0,0,1
va,51650010701,51650010502,2,2,2,2,0,0,0,0
va,51650010701,51700031100,6,8,11,10,0,0,0,0
va,51650010701,51700032128,7,8,10,9,0,0,0,1
va,51650010800,51650010304,1,1,1,1,0,0,0,1
va,51650010900,51650010601,1,1,1,1,0,0,0,0
va,51650011200,51013103405,1,1,1,3,0,0,0,2
va,51650011500,51650010601,0,0,0,0,0,0,0,0
va,51650011800,51650010900,4,4,4,4,0,0,0,0
va,51660000101,51165011500,3,3,3,3,0,0,0,1
va,51660000101,51165011900,2,2,2,3,0,0,0,0
va,51660000102,51165011500,3,3,3,3,0,0,0,1
va,51660000102,51660000302,1,1,1,1,0,0,0,1
va,51660000207,51159040100,5,9,9,10,1,1,1,1
va,51660000302,51660000207,0,0,0,0,0,0,0,0
va,51660000302,51790000500,5,6,6,6,0,0,0,0
va,51660000402,51165011500,2,2,2,2,0,0,0,0
va,51660000402,51165011600,2,2,2,2,0,0,0,0
va,51660000402,51660000101,0,0,0,0,0,0,0,0
va,51670820400,51810045408,9,11,10,11,0,0,0,2
va,51670820600,51073100301,14,14,14,14,2,3,3,4
va,51678930501,51163930101,0,0,0,0,0,0,0,0
va,51678930501,51678980000,0,0,0,0,0,0,0,0
va,51680000100,51019030202,1,4,4,4,0,0,0,0
va,51680000100,51680000300,0,0,0,0,0,0,0,0
va,51680000201,51019050101,4,5,5,5,0,0,0,0
va,51680000201,51037930200,2,2,2,2,0,0,0,0
va,51680000201,51077060201,9,13,14,15,0,0,0,0
va,51680000201,51680000100,0,0,0,0,0,0,0,0
va,51680000201,51680000300,0,0,0,0,0,0,0,0
va,51680000205,51680000500,1,1,2,2,0,0,0,1
va,51680000700,51031020600,2,2,2,2,0,0,0,0
va,51680000901,51680001601,0,0,0,0,0,0,0,0
va,51680000902,51031020101,0,0,0,0,0,0,0,0
va,51680000902,51680000300,0,0,0,0,0,0,0,0
va,51680001700,51107610701,7,10,13,13,0,0,0,1
va,51680001700,51680000500,1,1,1,2,0,0,0,1
va,51683910100,51153901014,0,0,0,0,0,0,0,0
va,51683910201,51153901420,0,1,1,1,0,0,0,1
va,51683910202,51087200151,0,1,1,1,0,0,0,0
va,51683910202,51153900503,1,1,1,1,0,0,0,0
va,51683910202,51153901305,0,1,1,1,0,0,0,0
va,51683910202,51683910402,0,0,0,0,0,0,0,0
va,51683910301,51085321100,0,0,0,0,0,0,0,0
va,51683910301,51153901900,0,0,0,0,0,0,0,0
va,51683910302,51107611020,1,1,1,1,0,0,0,0
va,51683910302,51683910100,0,0,0,0,0,0,0,0
va,51683910401,51013103503,4,4,4,4,0,0,0,0
va,51685920100,51153901409,2,2,2,2,0,0,0,0
va,51685920201,51153901421,1,1,2,2,0,0,1,1
va,51685920202,51153901224,1,1,1,1,0,0,0,0
va,51690000300,51770002900,5,6,7,8,0,0,0,0
va,51690000400,51143010100,1,1,2,2,0,0,0,0
va,51700030300,51700031100,0,0,0,0,0,0,0,0
va,51700030400,51041100919,4,7,7,10,0,0,0,1
va,51700030600,51700032128,5,6,6,6,0,0,0,1
va,51700030900,51700032128,3,4,4,4,0,0,0,0
va,51700031100,51680000205,7,11,12,15,0,1,1,3
va,51700031300,51650010601,2,2,2,2,0,0,0,0
va,51700031400,51650010601,8,7,7,7,0,0,0,0
va,51700032005,51550021005,7,10,10,13,0,0,0,4
va,51700032006,51700032128,3,3,3,3,1,1,1,1
va,51700032114,51700031100,4,5,5,6,0,0,0,1
va,51700032117,51199050305,1,3,2,2,1,2,1,1
va,51700032117,51700031500,1,1,1,1,0,0,0,0
va,51700032117,51700032400,0,1,1,3,0,0,0,2
va,51700032130,51740212701,7,10,10,11,0,0,0,5
va,51700032132,51700032113,0,0,0,0,0,0,0,0
va,51700032134,51117930201,14,16,16,18,1,1,1,2
va,51700032211,51650010315,4,6,6,5,1,1,1,3
va,51700032226,51199050303,5,7,8,8,2,2,2,3
va,51700032227,51700030100,7,11,12,12,1,1,1,3
va,51700032228,51700032225,3,3,3,3,2,2,2,2
va,51710000100,51740213101,7,8,9,9,2,2,2,6
va,51710000202,51710003100,6,7,7,8,0,0,1,6
va,51710000300,51650010315,4,5,8,8,0,0,1,2
va,51710000600,51710004900,7,8,8,9,0,0,0,1
va,51710000700,51710980300,3,4,4,4,0,0,0,1
va,51710001200,51650010304,1,1,2,3,0,0,1,2
va,51710001200,51810040200,6,7,8,9,0,0,0,2
va,51710001600,51550021505,5,5,5,6,1,1,1,3
va,51710002000,51710004900,3,3,3,3,0,0,1,3
va,51710002500,51041100822,11,11,10,11,0,0,1,3
va,51710002800,51550021407,3,3,4,5,0,0,0,1
va,51710002800,51710006902,5,5,7,7,0,0,0,0
va,51710002900,51740212300,4,5,5,7,0,0,0,2
va,51710003400,51710002300,4,4,4,4,0,0,0,0
va,51710003501,51710006901,2,2,2,2,0,0,0,0
va,51710004300,51710004800,1,1,1,1,0,0,0,0
va,51710004400,51700032128,11,12,13,12,0,0,2,5
va,51710004600,51013101401,14,16,17,17,0,0,1,5
va,51710004900,51710004800,0,0,0,0,0,0,0,0
va,51710005500,51700031100,1,2,4,4,0,0,1,1
va,51710005601,51710000902,0,0,0,1,0,0,0,1
va,51710005601,51810045414,7,8,8,8,0,0,0,2
va,51710005901,51740212400,16,17,17,18,0,0,0,2
va,51710006000,51013103405,1,2,3,5,0,0,1,4
va,51710006400,51740213200,3,3,3,4,0,0,0,2
va,51710006602,51059482507,4,5,6,7,0,0,1,2
va,51710007001,51085321001,7,9,10,11,0,0,2,3
va,51710007001,51087200153,7,10,12,14,0,0,2,4
va,51710007001,51550021014,6,7,8,8,0,0,0,1
va,51710007002,51550020500,6,6,7,7,0,0,0,2
va,51730810900,51710004900,7,8,7,8,0,0,0,2
va,51735340300,51710004002,10,12,13,14,0,0,0,2
va,51740211400,51085320300,10,15,14,16,1,1,1,3
va,51740211600,51740210900,2,2,2,2,0,0,0,0
va,51740212000,51550020300,4,4,4,4,0,0,0,1
va,51740212000,51740213104,4,6,6,5,2,3,3,3
va,51740212100,51740210900,1,1,1,1,0,0,0,0
va,51740212300,51087200802,19,24,24,28,0,0,0,2
va,51740212400,51550021303,3,3,3,3,0,0,0,1
va,51740212801,51550021010,3,5,6,6,0,0,0,0
va,51740212802,51550020500,4,4,4,4,0,0,0,0
va,51740212900,51810040200,11,12,12,12,0,0,0,0
va,51740213103,51059461603,8,13,12,16,2,2,2,4
va,51740213103,51700030100,2,4,3,3,2,2,2,2
va,51740213104,51550020911,12,12,12,12,3,3,3,4
va,51760010300,51087200305,1,2,2,2,0,0,0,0
va,51760010402,51041100806,5,5,7,8,0,0,0,1
va,51760010402,51069050200,1,3,3,3,0,0,0,0
va,51760010800,51085320801,1,1,2,2,0,0,0,0
va,51760010900,51760040202,1,1,1,1,0,0,0,0
va,51760020200,51041100922,2,2,3,4,0,0,0,0
va,51760020400,51700031400,5,6,6,11,0,0,0,3
va,51760020501,51087200131,1,2,2,3,0,0,0,1
va,51760020501,51087200404,0,0,0,1,0,0,0,1
va,51760020600,51760020502,0,0,0,0,0,0,0,0
va,51760020600,51760030200,3,3,3,3,0,0,0,0
va,51760021000,51087980100,0,0,0,0,0,0,0,0
va,51760021200,51760030502,0,0,0,0,0,0,0,0
va,51760030200,51760070100,3,3,3,4,0,0,0,1
va,51760030501,51059491701,1,1,1,1,0,0,0,0
va,51760030502,51760070100,3,3,3,3,0,0,0,0
va,51760040202,51760011100,1,1,1,1,0,0,0,0
va,51760040800,51041100505,4,4,4,5,0,0,0,2
va,51760040900,51760050500,0,0,0,0,0,0,0,0
va,51760050200,51760041000,0,0,0,0,0,0,0,0
va,51760050400,51760040500,1,1,1,1,0,0,0,0
va,51760060700,51087201104,6,6,6,6,0,0,0,0
va,51760060700,51760070902,1,2,2,2,0,0,0,0
va,51760060900,51059421002,1,2,3,4,0,0,0,2
va,51760061001,51087200148,3,6,7,6,0,0,0,0
va,51760061001,51087201104,6,6,6,6,0,0,0,0
va,51760070100,51041100902,0,0,0,0,0,0,0,0
va,51760070400,51041100924,4,4,4,4,0,0,0,0
va,51760070400,51085320400,0,1,1,2,0,0,0,0
va,51760070400,51760030200,0,0,0,1,0,0,0,1
va,51760070601,51053840601,6,9,9,9,0,0,0,0
va,51760070601,51199051100,8,8,8,10,0,0,0,3
va,51760070803,51087200904,4,6,7,7,0,0,0,0
va,51760070804,51085320601,0,0,0,0,0,0,0,0
va,51760070902,51620090100,2,2,5,5,0,0,0,0
va,51760071100,51087201104,5,5,5,5,0,0,0,0
va,51770000100,51770001100,0,1,1,1,0,0,0,0
va,51770000400,51135000101,6,7,8,11,0,0,0,3
va,51770000400,51770000602,0,0,0,0,0,0,0,0
va,51770000500,51770002100,1,1,1,1,0,0,0,0
va,51770000602,51760050100,7,8,10,14,0,0,0,1
va,51770000900,51770000300,0,0,0,0,0,0,0,0
va,51770001000,51161030206,1,1,1,1,0,0,0,0
va,51770001200,51770001100,0,0,0,0,0,0,0,0
va,51770001900,51840000202,4,7,9,10,0,0,0,1
va,51770002100,51775010300,0,0,0,0,0,0,0,0
va,51770002302,51161030201,0,0,0,0,0,0,0,0
va,51770002700,51750010201,2,2,2,2,0,0,0,0
va,51770002800,51770000900,0,0,0,0,0,0,0,0
va,51770002900,51540000202,3,3,3,3,0,0,0,1
va,51770003000,51019030103,6,9,9,9,0,0,0,0
va,51775010100,51775010300,0,0,0,0,0,0,0,0
va,51775010300,51775010200,0,0,0,0,0,0,0,0
va,51775010502,51161030300,0,0,0,0,0,0,0,0
va,51775010502,51775010200,0,0,0,0,0,0,0,0
va,51790000300,51003010603,0,0,0,0,0,0,0,0
va,51790000401,51015070602,0,0,0,0,0,0,0,0
va,51790000600,51019030104,3,4,4,4,0,0,0,0
va,51800065401,51069050900,17,19,17,19,0,0,0,3
va,51800065401,51700031100,5,5,5,5,0,0,0,1
va,51800065401,51800075104,3,5,5,5,1,2,2,2
va,51800065500,51041101009,18,18,17,17,1,1,1,3
va,51800075105,51650010315,8,8,8,8,1,1,1,2
va,51800075106,51550021402,15,15,15,15,2,2,2,5
va,51800075203,51710007001,8,8,9,10,1,1,1,2
va,51800075207,51550021005,5,5,5,6,1,1,1,2
va,51800075301,51650011500,9,8,8,8,1,2,2,3
va,51800075401,51177020312,7,7,6,8,0,0,0,2
va,51800075405,51800075406,0,0,0,0,0,0,0,0
va,51800075502,51710003600,3,5,5,6,0,0,0,1
va,51800075703,51740210900,6,7,7,8,0,0,0,1
va,51800075801,51650010601,8,8,8,8,0,0,0,1
va,51810040403,51041100821,6,8,9,10,0,0,1,2
va,51810040403,51810043800,1,2,2,2,0,0,0,0
va,51810040404,51710004002,11,12,12,12,0,0,0,0
va,51810040405,51550020911,4,4,4,4,0,0,0,0
va,51810040405,51810045801,3,3,4,4,0,0,0,0
va,51810040600,51700032113,5,9,11,11,0,0,2,3
va,51810040600,51710005000,1,3,3,4,0,0,0,1
va,51810040600,51810045433,1,2,2,2,0,0,0,0
va,51810040801,51085321001,2,3,5,6,0,0,1,2
va,51810040801,51710002500,6,8,8,8,0,0,0,0
va,51810040801,51710004900,5,5,5,5,0,0,0,0
va,51810040801,51810045433,1,1,2,2,0,0,0,0
va,51810040802,51810041804,1,1,1,2,0,0,0,1
va,51810041200,51710005000,5,7,7,8,0,0,0,1
va,51810041600,51053840300,7,7,7,8,4,4,4,6
va,51810041600,51059470700,5,6,7,8,0,0,1,2
va,51810041804,51179010307,5,6,7,9,0,0,1,3
va,51810042000,51550021401,1,1,1,1,0,0,0,0
va,51810042400,51710004800,3,3,4,4,0,0,0,0
va,51810042400,51710004900,3,3,4,4,0,0,0,0
va,51810042600,51003010502,0,1,2,4,0,0,2,3
va,51810042600,51550020805,1,1,2,2,0,0,0,1
va,51810042600,51710007002,0,0,1,1,0,0,0,1
va,51810042801,51550020805,1,1,2,2,0,0,0,0
va,51810042802,51710005903,2,5,5,5,0,0,0,0
va,51810043002,51550020809,4,6,8,8,0,0,0,0
va,51810043006,51810043800,1,1,1,1,0,0,0,0
va,51810044004,51810041004,2,2,2,2,0,0,0,1
va,51810044006,51810043800,0,0,0,0,0,0,0,0
va,51810044007,51810045421,1,1,2,2,0,0,0,0
va,51810044402,51087200418,5,7,10,12,0,0,2,4
va,51810044402,51550020805,2,2,3,3,0,0,0,1
va,51810044600,51760040202,8,10,13,14,0,0,2,4
va,51810044600,51810044805,0,0,0,0,0,0,0,0
va,51810044805,51810045431,0,0,0,0,0,0,0,0
va,51810044806,51810042802,2,2,2,2,0,0,0,0
va,51810044806,51810044007,0,0,0,0,0,0,0,0
va,51810044807,51810045428,0,1,1,1,0,0,0,0
va,51810044808,51810045408,0,1,1,1,0,0,0,0
va,51810045414,51710006100,6,10,10,10,0,0,0,0
va,51810045414,51800075702,7,7,7,7,4,4,4,3
va,51810045414,51810045433,1,2,2,2,0,0,0,0
va,51810045420,51550020804,0,0,0,0,0,0,0,0
va,51810045421,51810042202,3,3,3,3,0,0,0,0
va,51810045422,51550020805,0,0,1,1,0,0,0,0
va,51810045422,51810042202,3,3,3,3,0,0,0,0
va,51810045424,51041100920,4,6,9,12,0,0,2,4
va,51810045427,51550020805,3,3,4,4,0,0,0,0
va,51810045427,51810040200,8,12,12,12,0,0,0,0
va,51810045427,51810046009,3,3,3,3,0,0,0,0
va,51810045430,51153901419,4,6,7,9,0,0,2,3
va,51810045431,51810045432,0,0,0,0,0,0,0,0
va,51810045431,51810045603,5,7,7,7,0,1,1,1
va,51810045601,51710004002,4,5,5,5,0,0,0,0
va,51810045603,51810044805,1,1,1,1,0,0,0,0
va,51810045806,51550020804,0,0,0,0,0,0,0,0
va,51810046002,51710003000,5,8,11,11,0,0,0,1
va,51810046002,51810045433,0,0,0,0,0,0,0,0
va,51810046006,51710980200,0,0,0,0,0,0,0,0
va,51810046010,51550020809,3,3,3,3,0,0,0,0
va,51810046013,51810045407,0,0,1,1,0,0,0,0
va,51810046014,51800065200,1,1,1,1,1,1,1,1
va,51810046014,51810045429,0,0,0,0,0,0,0,0
va,51810046017,51800065402,3,3,3,3,1,1,1,1
va,51810046017,51810040600,1,1,2,2,0,0,0,0
va,51810046017,51810045407,0,0,1,1,0,0,0,0
va,51810046020,51710980300,1,2,2,2,0,0,0,0
va,51810046204,51550020812,4,4,5,5,1,1,1,1
va,51810046206,51550020809,2,2,2,2,0,0,0,0
va,51810046207,51700031100,8,12,11,10,0,0,2,2
va,51810046207,51810046015,0,1,1,1,0,0,0,0
va,51810046211,51710005000,1,2,2,2,0,0,0,2
va,51810046212,51710004800,3,5,5,5,0,0,0,2
va,51810046213,51550021005,3,3,3,3,0,0,0,0
va,51810046214,51710006901,0,0,0,0,0,0,0,0
va,51810046214,51810040404,1,1,2,2,0,0,0,0
va,51810046217,51550020911,0,0,1,1,0,0,0,0
va,51810046224,51550020808,3,3,3,3,0,0,0,0
va,51810046224,51810045433,0,0,0,0,0,0,0,0
va,51810046225,51810045407,0,0,1,1,0,0,0,0
va,51820003100,51015070603,0,0,0,0,0,0,0,0
va,51820003200,51660000203,1,2,3,4,0,0,0,0
va,51820003400,51147930204,2,2,2,2,1,1,1,1
va,51830370300,51650010314,5,6,8,8,0,0,0,2
va,51830370300,51830370100,5,5,5,5,0,0,0,1
va,51840000201,51061930305,1,1,1,1,0,0,0,0
va,51840000202,51840000201,0,0,0,0,0,0,0,0
va,51840000301,51069050900,0,0,0,0,0,0,0,0
va,51840000302,51059481202,0,0,1,2,0,0,0,0
wa,53001950100,53021020700,0,0,0,0,0,0,0,0
wa,53001950500,53001950100,0,0,0,0,0,0,0,0
wa,53001950500,53021020802,0,0,0,0,0,0,0,0
wa,53005010100,53005010819,2,2,2,2,0,0,0,0
wa,53005010201,53005010707,0,0,0,0,0,0,0,0
wa,53005010201,53005010819,1,1,1,1,0,0,0,0
wa,53005010203,53005011202,3,3,3,3,0,0,0,0
wa,53005010300,53005010500,1,1,1,1,0,0,0,0
wa,53005010300,53005011505,3,3,3,3,0,0,0,0
wa,53005010701,53005010500,2,3,3,3,0,0,0,1
wa,53005010701,53021020401,5,5,5,5,0,0,0,0
wa,53005010705,53005010201,3,3,3,3,0,0,1,2
wa,53005010705,53005010500,2,2,2,2,0,0,0,0
wa,53005010707,53005010500,3,3,3,3,0,0,0,0
wa,53005010708,53005010819,3,3,3,3,0,0,0,0
wa,53005010807,53005010201,1,1,1,1,0,0,0,0
wa,53005010809,53063012200,1,1,1,2,0,0,0,1
wa,53005010811,53005010819,0,0,0,0,0,0,0,0
wa,53005010814,53005011202,1,1,1,1,0,0,0,1
wa,53005010815,53005010100,1,1,1,1,0,0,0,0
wa,53005010815,53005010820,0,0,0,0,0,0,0,0
wa,53005010816,53005010500,1,1,1,1,0,0,0,0
wa,53005010816,53005011702,0,0,1,1,0,0,0,0
wa,53005010817,53033024301,2,2,2,3,0,0,0,2
wa,53005010818,53005010500,1,1,1,1,0,0,0,0
wa,53005011001,53005010809,1,1,1,1,0,0,0,0
wa,53005011001,53077002900,4,4,4,5,0,0,0,1
wa,53005011002,53063010304,8,8,8,9,0,0,0,2
wa,53005011100,53021020802,1,1,1,1,0,0,0,0
wa,53005011202,53061051601,4,4,4,5,0,0,0,1
wa,53005011401,53005011202,0,0,0,0,0,0,0,0
wa,53005011402,53005011202,0,0,0,0,0,0,0,0
wa,53005011402,53021020102,8,8,7,7,0,0,0,0
wa,53005011501,53005011300,1,1,1,1,0,0,0,0
wa,53005011504,53005011202,2,2,2,2,0,0,0,0
wa,53005011505,53005011002,1,1,1,1,0,0,0,0
wa,53005011506,53005011100,0,0,0,0,0,0,0,0
wa,53005011801,53077002003,2,4,5,5,0,0,0,3
wa,53005011802,53021020606,2,3,3,2,0,0,0,0
wa,53005011802,53033022204,1,1,2,4,0,0,0,2
wa,53007960303,53007960302,2,2,2,2,0,0,0,0
wa,53007960303,53007960400,0,0,0,0,0,0,0,0
wa,53007960700,53017950500,0,0,0,0,0,0,0,0
wa,53007960804,53017950500,3,4,4,4,0,0,0,0
wa,53007961303,53007961200,5,5,5,5,0,0,0,0
wa,53009000700,53009001800,1,1,1,1,0,0,0,0
wa,53009001000,53009000800,0,0,0,0,0,0,0,0
wa,53009001400,53009001200,1,1,1,1,0,0,0,0
wa,53009001702,53033005402,3,3,3,3,0,0,0,0
wa,53009001800,53009002100,0,0,0,0,0,0,0,0
wa,53009001800,53033008200,4,4,4,4,0,0,0,1
wa,53009002002,53033024800,4,4,4,4,0,0,0,1
wa,53009002100,53009001200,1,1,1,1,0,0,0,0
wa,53011040202,53011040809,0,0,0,0,0,0,0,0
wa,53011040403,53011041005,0,0,0,0,0,0,0,0
wa,53011040413,53011040605,0,0,0,0,0,0,0,0
wa,53011040509,53011041900,0,0,0,0,0,0,0,0
wa,53011040510,53011040513,0,0,0,0,0,0,0,0
wa,53011040513,53011041600,0,0,0,0,0,0,0,0
wa,53011040608,53033008102,0,0,0,1,0,0,0,1
wa,53011040609,53011041500,0,0,0,0,0,0,0,0
wa,53011040703,53011041328,0,0,0,0,0,0,0,0
wa,53011040706,53033030501,5,5,5,6,0,0,0,1
wa,53011040712,53011040909,3,3,3,3,0,0,0,0
wa,53011040810,53011042602,0,0,0,0,0,0,0,0
wa,53011040907,53011042500,0,0,0,0,0,0,0,0
wa,53011040909,53053073301,3,3,3,3,0,0,0,0
wa,53011041009,53033022203,0,0,0,2,0,0,0,2
wa,53011041011,53011042601,0,0,0,0,0,0,0,0
wa,53011041011,53061051000,0,0,0,1,0,0,0,1
wa,53011041105,53011040809,0,0,0,0,0,0,0,0
wa,53011041110,53011041114,1,1,1,1,0,0,0,0
wa,53011041110,53011041205,0,0,0,0,0,0,0,0
wa,53011041205,53011041203,0,0,0,0,0,0,0,0
wa,53011041312,53033026200,2,2,2,4,0,0,0,2
wa,53011041317,53011041337,0,0,0,0,0,0,0,0
wa,53011041319,53011041323,0,0,0,0,0,0,0,0
wa,53011041320,53011040412,0,0,0,0,0,0,0,0
wa,53011041320,53011041334,0,0,0,0,0,0,0,0
wa,53011041322,53011040507,0,0,0,0,0,0,0,0
wa,53011041323,53011041335,0,0,0,0,0,0,0,0
wa,53011041325,53011040411,0,0,0,0,0,0,0,0
wa,53011041325,53011041323,0,0,0,0,0,0,0,0
wa,53011041330,53033025302,4,5,5,7,0,0,0,2
wa,53011041332,53011041113,0,0,0,0,0,0,0,0
wa,53011041334,53011041205,0,0,0,0,0,0,0,0
wa,53011041400,53011041329,0,0,0,0,0,0,0,0
wa,53011041500,53011042601,0,0,0,0,0,0,0,0
wa,53011042000,53011041114,0,0,0,0,0,0,0,0
wa,53011042300,53011041317,0,0,0,0,0,0,0,0
wa,53011042601,53073000401,0,0,1,2,0,0,0,2
wa,53011042700,53011041312,0,1,1,1,0,0,0,0
wa,53011042700,53011042602,0,0,0,0,0,0,0,0
wa,53011042800,53011041329,0,0,0,0,0,0,0,0
wa,53015000400,53015000705,0,0,0,0,0,0,0,0
wa,53015000400,53015002100,0,0,0,0,0,0,0,0
wa,53015000400,53015980000,0,0,0,0,0,0,0,0
wa,53015000502,53011041113,0,0,0,0,0,0,0,0
wa,53015000601,53011040803,0,0,0,0,0,0,0,0
wa,53015000702,53033009900,0,0,0,1,0,0,0,1
wa,53015000705,53053940002,0,0,0,1,0,0,0,1
wa,53015000801,53033029207,3,4,4,6,0,0,0,1
wa,53015000801,53077001400,2,2,2,2,0,0,0,0
wa,53015000802,53015980000,0,0,0,0,0,0,0,0
wa,53015000902,53015002100,1,1,1,1,0,0,0,0
wa,53015001100,53015002100,2,2,1,1,0,0,0,0
wa,53015001200,53011041317,0,2,2,2,0,0,0,0
wa,53015001200,53041971600,1,1,1,1,0,0,0,1
wa,53015001503,53033029206,0,0,0,1,0,0,0,1
wa,53015001601,53063005000,2,2,2,3,0,0,0,1
wa,53015001602,53015001601,0,0,0,0,0,0,0,0
wa,53015001700,53011040411,0,0,0,0,0,0,0,0
wa,53015001800,53015001100,0,0,0,0,0,0,0,0
wa,53015001900,53015002100,0,0,0,0,0,0,0,0
wa,53015002004,53015980000,2,2,1,1,0,0,0,0
wa,53015002100,53067010801,2,2,1,1,0,0,0,0
wa,53017950400,53007961002,1,1,1,1,0,0,0,0
wa,53017950800,53007960600,7,7,7,7,0,0,0,1
wa,53017950800,53017950500,1,1,1,1,0,0,0,0
wa,53019940000,53047940100,0,0,0,0,0,0,0,0
wa,53021020102,53005010701,2,2,2,2,0,0,0,0
wa,53021020103,53021020606,2,2,2,1,0,0,0,0
wa,53021020300,53005010901,4,4,4,3,0,0,0,0
wa,53021020503,53005010902,4,4,4,3,0,0,0,1
wa,53021020504,53005011501,7,7,7,6,0,0,0,0
wa,53021020605,53035090102,6,8,8,9,0,0,0,1
wa,53021020606,53005011202,3,3,3,2,0,0,0,0
wa,53021020606,53005011702,2,2,3,2,0,0,0,0
wa,53021020606,53021020404,4,4,4,2,1,1,1,1
wa,53021020607,53005010500,3,3,3,2,0,0,0,0
wa,53021020608,53021020201,1,1,1,1,0,0,0,0
wa,53021020801,53001950500,1,1,1,1,0,0,0,0
wa,53021020801,53077002005,0,0,0,0,0,0,0,0
wa,53021020802,53033032219,0,0,0,1,0,0,0,1
wa,53021980100,53071920600,2,2,2,2,0,0,0,0
wa,53025010200,53025010600,0,0,0,0,0,0,0,0
wa,53025010402,53025010401,0,0,0,0,0,0,0,0
wa,53025010402,53025010500,0,0,0,0,0,0,0,0
wa,53025010500,53021020700,0,0,0,0,0,0,0,0
wa,53025010600,53077002006,3,4,5,5,0,0,0,0
wa,53025010700,53025010600,0,0,0,0,0,0,0,0
wa,53025010903,53025010500,2,3,3,3,0,0,0,1
wa,53025010903,53025011102,1,2,2,2,0,0,0,1
wa,53025010904,53025010903,0,0,0,1,0,0,0,1
wa,53025011001,53033028801,4,4,4,6,0,0,0,2
wa,53025011001,53077000600,8,7,7,8,0,0,0,1
wa,53025011101,53025010401,2,2,2,3,0,0,0,0
wa,53025011101,53025011001,2,2,2,2,0,0,0,0
wa,53025011403,53025011406,0,0,0,0,0,0,0,0
wa,53025011404,53021020606,4,4,4,3,0,0,0,0
wa,53025011406,53057952100,0,0,1,2,0,0,0,2
wa,53027000201,53053060904,8,10,11,11,1,1,1,3
wa,53027000201,53067010300,8,9,10,10,1,1,1,2
wa,53027000401,53027000402,0,0,0,0,0,0,0,0
wa,53027000401,53027000800,0,0,0,0,0,0,0,0
wa,53027000402,53033023401,0,0,1,3,0,0,0,3
wa,53027000600,53033009300,0,0,1,2,0,0,0,2
wa,53027000600,53035090901,4,4,4,4,2,2,2,2
wa,53027000600,53045960600,0,0,0,0,0,0,0,0
wa,53027000600,53067011626,0,0,1,1,0,0,0,1
wa,53027000800,53021020608,2,2,3,4,1,1,1,3
wa,53027001500,53027001300,2,2,2,2,1,1,1,1
wa,53027001500,53053072405,9,11,12,12,1,1,1,2
wa,53027001601,53033021903,3,4,5,7,1,1,1,4
wa,53027001602,53027000900,1,1,1,1,0,0,0,0
wa,53029970500,53057940500,0,0,0,0,0,0,0,0
wa,53029970601,53047970601,4,4,4,5,0,0,0,1
wa,53029970700,53031950400,0,0,0,2,0,0,0,2
wa,53029970700,53061052211,3,3,3,3,0,0,0,0
wa,53029970800,53029970700,0,0,0,0,0,0,0,0
wa,53029970800,53057952200,1,2,2,2,0,0,0,0
wa,53029970800,53073010504,1,1,1,1,0,0,0,0
wa,53029970900,53033030501,4,6,7,8,0,0,0,1
wa,53029971000,53033009300,1,1,2,2,0,0,0,1
wa,53029971000,53067010100,3,2,2,4,0,0,0,2
wa,53029971302,53029972100,0,0,0,0,0,0,0,0
wa,53029971400,53033032320,1,2,3,6,0,0,0,6
wa,53029971400,53061041000,2,3,4,7,0,0,0,6
wa,53029971500,53061040700,1,2,3,6,0,0,0,6
wa,53029971600,53061041901,4,5,6,9,0,0,0,6
wa,53029972100,53029972000,0,0,0,0,0,0,0,0
wa,53029972100,53061940001,2,2,2,2,0,0,0,1
wa,53031950602,53031950603,0,0,0,0,0,0,0,0
wa,53031950602,53057952301,1,1,1,2,0,0,0,1
wa,53031950603,53031950602,0,0,0,0,0,0,0,0
wa,53031950604,53009002302,0,0,0,0,0,0,0,0
wa,53033000101,53061041805,1,1,1,1,0,0,0,1
wa,53033000102,53033006702,1,1,1,1,0,0,0,1
wa,53033000300,53061050404,1,1,1,1,0,0,0,0
wa,53033000403,53033032316,2,2,4,5,0,0,0,1
wa,53033000404,53033020200,0,0,0,0,0,0,0,0
wa,53033000602,53033026400,1,1,1,1,0,0,0,1
wa,53033000700,53033006702,1,1,1,1,0,0,0,1
wa,53033001100,53033021600,0,0,0,0,0,0,0,0
wa,53033001300,53033006600,1,1,1,1,0,0,0,1
wa,53033001400,53033007302,1,1,1,1,0,0,0,0
wa,53033001400,53033008200,1,1,1,1,0,0,0,0
wa,53033001600,53053071206,3,4,4,4,0,0,0,0
wa,53033001702,53033004703,0,0,0,0,0,0,0,0
wa,53033001800,53033005303,0,0,0,0,0,0,0,0
wa,53033001900,53033008102,1,1,1,1,0,0,0,1
wa,53033002000,53033008102,1,1,1,1,0,0,0,1
wa,53033002100,53033025806,3,3,3,3,0,0,0,1
wa,53033002200,53033003900,0,0,0,0,0,0,0,0
wa,53033002200,53033004102,0,0,0,0,0,0,0,0
wa,53033002400,53033008102,1,1,1,1,0,0,0,0
wa,53033002700,53033003602,0,0,0,0,0,0,0,0
wa,53033002800,53005010901,3,3,4,5,1,1,1,2
wa,53033002800,53053072802,1,1,2,2,0,0,0,3
wa,53033003000,53033004102,0,0,0,0,0,0,0,0
wa,53033003000,53033008102,0,0,0,0,0,0,0,0
wa,53033003100,53033008200,1,1,1,1,0,0,0,0
wa,53033003100,53033022402,0,0,1,2,0,0,0,1
wa,53033003201,53033008102,0,0,0,0,0,0,0,0
wa,53033003202,53033023808,0,1,2,2,0,0,0,0
wa,53033003301,53033004102,0,0,0,0,0,0,0,0
wa,53033003301,53033023808,0,1,2,2,0,0,0,0
wa,53033003302,53033004102,0,0,0,0,0,0,0,0
wa,53033003602,53033007102,1,1,1,1,0,0,0,1
wa,53033003900,53033007303,0,0,0,0,0,0,0,0
wa,53033004102,53033008200,0,0,0,0,0,0,0,0
wa,53033004102,53033026200,2,2,2,2,0,0,0,0
wa,53033004201,53033023300,0,0,0,1,0,0,0,1
wa,53033004201,53033023807,0,1,1,1,0,0,0,0
wa,53033004302,53021020102,3,3,3,4,1,1,1,2
wa,53033004401,53053071306,2,3,3,3,0,0,0,1
wa,53033004500,53033007503,1,1,1,1,0,0,0,1
wa,53033004800,53033007800,1,1,1,1,0,0,0,0
wa,53033004901,53033008401,1,1,1,1,0,0,0,0
wa,53033004902,53033007302,1,1,1,1,0,0,0,0
wa,53033004902,53033008002,1,1,1,1,0,0,0,0
wa,53033005202,53033003602,0,0,0,0,0,0,0,0
wa,53033005402,53033007800,0,0,0,0,0,0,0,0
wa,53033005600,53033004703,0,0,0,0,0,0,0,0
wa,53033005801,53033029206,3,3,3,3,0,0,0,1
wa,53033005804,53033007303,0,0,0,0,0,0,0,0
wa,53033005804,53033008200,0,0,0,0,0,0,0,0
wa,53033006000,53033007800,0,0,0,0,0,0,0,0
wa,53033006000,53033022701,0,0,0,1,0,0,0,1
wa,53033006100,53033006600,0,0,1,1,0,0,0,0
wa,53033006100,53033008002,0,0,1,1,0,0,0,0
wa,53033006500,53033008300,0,0,0,0,0,0,0,0
wa,53033006500,53033008402,0,0,0,0,0,0,0,0
wa,53033006702,53033008600,0,0,0,0,0,0,0,0
wa,53033006702,53033023500,0,0,0,0,0,0,0,0
wa,53033006703,53033005303,0,0,0,0,0,0,0,0
wa,53033006703,53033026200,2,2,2,2,0,0,0,0
wa,53033006703,53053062600,0,0,0,0,0,0,0,0
wa,53033007201,53033007303,0,0,0,0,0,0,0,0
wa,53033007201,53033023807,0,1,1,1,0,0,0,0
wa,53033007301,53033023807,0,1,1,1,0,0,0,0
wa,53033007302,53033005401,0,0,0,0,0,0,0,0
wa,53033007302,53033007303,0,0,0,0,0,0,0,0
wa,53033007302,53033008102,0,0,0,0,0,0,0,0
wa,53033007302,53033032328,2,2,3,4,0,0,0,1
wa,53033007406,53033008102,0,0,0,0,0,0,0,0
wa,53033007501,53033000602,0,0,0,0,0,0,0,0
wa,53033007503,53033022102,0,0,0,0,0,0,0,0
wa,53033007503,53033023805,0,1,2,2,0,0,0,0
wa,53033007600,53033020301,0,0,0,0,0,0,0,0
wa,53033007700,53033022803,0,0,0,1,0,0,0,1
wa,53033007800,53011040409,0,0,1,1,0,0,0,3
wa,53033007800,53033004902,0,0,0,0,0,0,0,0
wa,53033007800,53033006702,0,0,0,0,0,0,0,0
wa,53033008002,53033007303,0,0,0,0,0,0,0,0
wa,53033008003,53033008004,0,0,0,0,0,0,0,0
wa,53033008004,53035080101,0,0,0,0,0,0,0,0
wa,53033008401,53033022803,0,0,0,1,0,0,0,1
wa,53033008402,53033007303,0,0,0,0,0,0,0,0
wa,53033008402,53033022803,0,0,0,1,0,0,0,1
wa,53033008500,53033008102,0,0,0,0,0,0,0,0
wa,53033008500,53033009000,0,0,0,0,0,0,0,0
wa,53033008600,53053062600,0,0,0,0,0,0,0,0
wa,53033008800,53033005303,0,0,0,0,0,0,0,0
wa,53033008800,53033008600,0,0,0,0,0,0,0,0
wa,53033008900,53033008200,0,0,0,0,0,0,0,0
wa,53033008900,53053072801,0,0,1,1,0,0,0,3
wa,53033009000,53033008401,0,0,0,0,0,0,0,0
wa,53033009500,53033003201,1,1,1,1,0,0,0,0
wa,53033009500,53033010001,0,0,0,0,0,0,0,0
wa,53033009600,53033008101,0,0,0,0,0,0,0,0
wa,53033009600,53033009300,0,0,0,0,0,0,0,0
wa,53033009701,53033010502,0,0,0,0,0,0,0,0
wa,53033009702,53033005303,0,0,0,0,0,0,0,0
wa,53033009702,53033008500,0,0,0,0,0,0,0,0
wa,53033009702,53035092901,0,0,0,0,0,0,0,0
wa,53033009802,53033029206,3,3,3,3,0,0,0,1
wa,53033009900,53033023808,0,0,0,0,0,0,0,0
wa,53033009900,53053073407,3,4,4,4,0,0,0,0
wa,53033010001,53033002600,0,0,0,0,0,0,0,0
wa,53033010001,53033007302,0,0,0,0,0,0,0,0
wa,53033010002,53033022803,0,0,0,0,0,0,0,0
wa,53033010101,53033024601,0,0,0,0,0,0,0,0
wa,53033010200,53033023808,0,0,0,0,0,0,0,0
wa,53033010302,53033010002,0,0,0,0,0,0,0,0
wa,53033010401,53033030310,1,2,2,2,0,0,0,0
wa,53033010501,53033009000,0,0,0,0,0,0,0,0
wa,53033010501,53033009300,0,0,0,0,0,0,0,0
wa,53033010502,53033008102,0,0,0,0,0,0,0,0
wa,53033010502,53071920000,3,3,3,3,1,1,1,1
wa,53033010601,53033006701,0,0,0,0,0,0,0,0
wa,53033010601,53037975700,1,1,1,1,1,1,1,1
wa,53033010602,53033027200,0,0,0,0,0,0,0,0
wa,53033011001,53033021906,0,0,0,0,0,0,0,0
wa,53033011002,53033010001,0,0,0,0,0,0,0,0
wa,53033011300,53033005303,0,0,0,0,0,0,0,0
wa,53033011300,53033025001,3,3,3,4,0,0,0,1
wa,53033011401,53033008200,0,0,0,0,0,0,0,0
wa,53033011500,53033008102,0,0,0,0,0,0,0,0
wa,53033011500,53033026200,1,1,1,2,1,1,1,2
wa,53033011700,53033007201,0,0,0,0,0,0,0,0
wa,53033011801,53033026200,2,2,2,2,0,0,0,0
wa,53033011901,53033007303,0,0,0,0,0,0,0,0
wa,53033011901,53033010900,0,0,0,0,0,0,0,0
wa,53033011902,53033029203,7,9,9,9,0,0,0,0
wa,53033012000,53033023807,0,0,0,0,0,0,0,0
wa,53033020200,53033021903,0,0,0,0,0,0,0,0
wa,53033020200,53033026200,3,3,3,3,0,0,0,1
wa,53033020302,53061041815,0,0,0,0,0,0,0,0
wa,53033020302,53061051401,5,5,5,5,0,0,0,0
wa,53033020500,53061050300,0,0,0,0,0,0,0,0
wa,53033020500,53061050501,2,2,2,2,0,0,0,0
wa,53033021000,53061042006,0,1,1,1,0,0,0,0
wa,53033021100,53033006600,1,1,1,1,0,0,0,1
wa,53033021400,53033008102,1,1,1,1,0,0,0,1
wa,53033021500,53033008200,1,1,1,1,0,0,0,1
wa,53033021500,53033008500,1,1,1,1,0,0,0,1
wa,53033021600,53033007202,1,1,1,1,0,0,0,1
wa,53033021600,53061041906,7,7,7,7,2,2,2,2
wa,53033021701,53033021600,0,0,0,0,0,0,0,0
wa,53033021802,53033022605,0,0,0,0,0,0,0,0
wa,53033021802,53033032320,0,0,0,0,0,0,0,0
wa,53033021802,53033032321,0,0,0,0,0,0,0,0
wa,53033021803,53033023805,0,0,0,0,0,0,0,0
wa,53033021803,53033029206,1,1,1,2,0,0,0,1
wa,53033021804,53033032319,0,0,0,0,0,0,0,0
wa,53033022006,53033021903,0,0,0,0,0,0,0,0
wa,53033022203,53033010102,0,1,1,2,0,0,0,0
wa,53033022203,53033026300,0,1,1,2,0,0,0,0
wa,53033022401,53033008300,0,1,1,2,0,0,0,0
wa,53033022401,53033021803,0,0,0,0,0,0,0,0
wa,53033022501,53033008102,0,1,1,2,0,0,0,0
wa,53033022501,53033008200,0,1,1,2,0,0,0,0
wa,53033022502,53033022003,0,0,0,0,0,0,0,0
wa,53033022502,53033022501,0,0,0,0,0,0,0,0
wa,53033022603,53033023401,0,0,0,0,0,0,0,0
wa,53033022604,53033007302,0,1,1,2,0,0,0,0
wa,53033022604,53035090800,0,1,1,2,0,0,0,0
wa,53033022604,53061051937,0,0,0,0,0,0,0,0
wa,53033022701,53033023807,0,0,1,1,0,0,0,0
wa,53033022701,53033032331,1,1,1,1,0,0,0,0
wa,53033022802,53033026200,2,2,2,3,0,0,0,1
wa,53033022805,53033022803,0,0,0,0,0,0,0,0
wa,53033022901,53033010900,0,0,0,0,0,0,0,0
wa,53033022901,53033022803,0,0,0,0,0,0,0,0
wa,53033022902,53033022803,0,0,0,0,0,0,0,0
wa,53033022902,53033032331,3,3,3,3,0,0,0,0
wa,53033023000,53033007302,0,1,1,2,0,0,0,0
wa,53033023000,53033022803,0,0,0,0,0,0,0,0
wa,53033023100,53033032313,1,1,2,2,0,0,0,0
wa,53033023100,53035090102,3,4,4,5,0,0,0,0
wa,53033023202,53033008401,0,1,1,2,0,0,0,0
wa,53033023401,53033007303,0,0,0,0,0,0,0,0
wa,53033023401,53033008401,0,0,0,0,0,0,0,0
wa,53033023601,53033023807,0,1,1,1,0,0,0,1
wa,53033023604,53033022803,0,0,0,0,0,0,0,0
wa,53033023801,53033007303,0,0,0,0,0,0,0,0
wa,53033023805,53033022803,0,0,0,0,0,0,0,0
wa,53033023806,53033022803,0,0,0,0,0,0,0,0
wa,53033023806,53053062600,6,8,8,10,0,0,0,1
wa,53033023807,53061041906,5,5,5,5,2,2,2,2
wa,53033023901,53033008102,0,0,0,0,0,0,0,0
wa,53033024002,53033007302,0,1,1,1,0,0,0,0
wa,53033024002,53033026200,2,2,2,3,0,0,0,1
wa,53033024100,53033007202,4,4,4,4,2,2,2,2
wa,53033024301,53033008102,0,0,0,0,0,0,0,0
wa,53033024301,53033022703,0,0,0,0,0,0,0,0
wa,53033024301,53033022803,0,0,0,0,0,0,0,0
wa,53033024400,53073000201,0,0,1,1,0,0,0,1
wa,53033024500,53033007302,0,0,0,0,0,0,0,0
wa,53033024703,53033009300,0,0,0,0,0,0,0,0
wa,53033024704,53033025303,2,2,2,2,0,0,0,1
wa,53033024800,53033005901,0,0,0,0,0,0,0,0
wa,53033024901,53033008102,0,0,0,0,0,0,0,0
wa,53033024904,53033008101,0,0,0,0,0,0,0,0
wa,53033025008,53033008102,0,0,0,0,0,0,0,0
wa,53033025101,53033031710,1,1,1,1,0,0,0,0
wa,53033025101,53073001202,3,3,4,4,0,0,0,2
wa,53033025104,53033028801,3,3,3,3,0,0,0,0
wa,53033025202,53033025303,2,2,2,2,0,0,0,2
wa,53033025202,53033029206,2,3,3,4,0,0,0,1
wa,53033025202,53033032219,0,0,0,0,0,0,0,0
wa,53033025303,53033022803,2,2,2,2,0,0,0,0
wa,53033025304,53033024800,0,0,0,0,0,0,0,0
wa,53033025304,53033025803,0,0,0,1,0,0,0,1
wa,53033025304,53033026200,2,2,2,3,0,0,0,1
wa,53033025401,53033026200,3,4,4,4,0,0,0,1
wa,53033025401,53033026300,3,4,4,3,0,0,0,1
wa,53033025500,53033009900,5,5,5,4,0,0,0,0
wa,53033025601,53033008101,3,3,3,2,0,0,0,0
wa,53033025601,53033022606,1,1,1,1,0,0,0,0
wa,53033025601,53033027200,3,3,3,2,0,0,0,0
wa,53033025601,53033028300,1,1,1,1,0,0,0,0
wa,53033025601,53033032703,0,0,0,0,0,0,0,0
wa,53033025601,53035091201,1,1,1,1,0,0,0,0
wa,53033025602,53033026200,5,5,5,5,0,0,0,0
wa,53033025703,53033025302,0,0,0,0,0,0,0,0
wa,53033025704,53033008200,2,2,2,2,0,0,0,0
wa,53033025704,53033026004,1,1,1,1,0,0,0,0
wa,53033025704,53033026200,3,4,4,4,0,0,0,0
wa,53033026102,53033021000,0,0,0,0,0,0,0,0
wa,53033026200,53033029203,2,2,2,2,0,0,0,0
wa,53033026500,53033023801,0,0,0,0,0,0,0,0
wa,53033026600,53061041906,5,5,5,5,2,2,2,2
wa,53033026700,53061040800,3,3,3,3,0,0,0,0
wa,53033026801,53033023701,0,0,0,1,0,0,0,1
wa,53033026801,53063001300,4,4,4,5,1,1,1,2
wa,53033026802,53033023807,0,0,0,0,0,0,0,0
wa,53033026802,53033026200,1,1,1,2,1,1,1,2
wa,53033027300,53011041500,7,8,9,9,0,0,0,4
wa,53033027300,53033009300,1,1,1,1,0,0,0,0
wa,53033027300,53033010501,1,1,1,1,0,0,0,0
wa,53033027800,53033026200,1,1,1,2,1,1,1,2
wa,53033027800,53033029206,5,5,5,6,0,0,0,0
wa,53033027902,53033007303,0,0,0,0,0,0,0,0
wa,53033028000,53033005201,0,0,0,0,0,0,0,0
wa,53033028000,53033023202,0,0,0,1,0,0,0,1
wa,53033028200,53033030306,6,7,7,8,0,0,0,0
wa,53033028200,53063013700,4,5,5,7,1,1,1,4
wa,53033028300,53033011200,0,0,0,0,0,0,0,0
wa,53033028300,53033021903,0,0,0,1,0,0,0,1
wa,53033028300,53033026200,1,1,1,2,1,1,1,2
wa,53033028300,53033032219,2,3,3,4,0,0,0,2
wa,53033028402,53033026200,3,3,3,4,1,1,1,2
wa,53033028500,53033026200,1,1,1,2,1,1,1,2
wa,53033028600,53033010001,1,1,1,1,0,0,0,0
wa,53033028700,53033027901,1,1,1,1,0,0,0,0
wa,53033028902,53033027200,8,8,8,9,0,0,0,1
wa,53033029003,53053072801,8,11,12,12,0,0,0,3
wa,53033029101,53033029206,0,0,0,0,0,0,0,0
wa,53033029205,53033028801,0,0,0,0,0,0,0,0
wa,53033029208,53033022803,5,5,5,5,0,0,0,0
wa,53033029208,53063011400,3,3,3,4,1,1,1,2
wa,53033029304,53033026200,2,3,4,4,0,0,0,0
wa,53033029306,53035090101,7,7,7,7,0,0,0,0
wa,53033029307,53033029203,2,3,3,4,0,0,0,1
wa,53033029307,53053060300,7,9,9,11,0,0,0,1
wa,53033029308,53033001202,4,4,4,4,0,0,0,0
wa,53033029403,53033010900,5,5,5,5,0,0,0,0
wa,53033029405,53033005303,5,5,5,5,0,0,0,0
wa,53033029504,53033028901,3,3,3,3,0,0,0,0
wa,53033029505,53033025806,3,3,3,3,0,0,0,0
wa,53033029507,53033028402,8,8,8,9,0,0,0,1
wa,53033029508,53033008102,5,5,5,5,0,0,0,1
wa,53033029508,53033022005,3,3,3,3,0,0,0,0
wa,53033029602,53061041901,3,3,3,4,0,0,0,1
wa,53033029603,53033030501,3,2,2,3,0,0,0,1
wa,53033029701,53067010100,3,3,4,5,0,0,0,3
wa,53033029805,53033029505,1,1,1,1,0,0,0,0
wa,53033029806,53067011625,0,0,1,1,0,0,0,3
wa,53033029901,53033009900,2,2,2,2,0,0,0,0
wa,53033029901,53053073301,3,3,3,3,0,0,0,0
wa,53033029902,53061041906,11,12,12,13,2,2,2,2
wa,53033030003,53033010900,12,12,12,13,0,0,0,0
wa,53033030003,53033028500,2,2,2,2,0,0,0,0
wa,53033030003,53033030314,6,8,8,8,0,0,0,0
wa,53033030003,53053070310,8,8,9,9,0,0,0,3
wa,53033030003,53067010100,7,10,11,11,0,0,0,3
wa,53033030005,53033009900,2,2,2,2,0,0,0,1
wa,53033030006,53033028802,2,2,2,2,0,0,0,1
wa,53033030101,53033026200,4,4,4,5,0,0,0,1
wa,53033030101,53033027300,12,12,12,13,0,0,0,1
wa,53033030102,53035081100,6,8,8,8,0,0,0,1
wa,53033030201,53033008102,4,5,5,5,0,0,0,0
wa,53033030201,53033026200,5,6,6,7,0,0,0,1
wa,53033030201,53033030304,0,0,0,0,0,0,0,0
wa,53033030203,53033032331,6,7,7,8,0,0,0,1
wa,53033030203,53061041805,5,6,6,6,0,0,0,1
wa,53033030204,53033026400,12,12,12,13,0,0,0,0
wa,53033030304,53061051401,1,2,2,2,0,0,0,0
wa,53033030305,53033009900,8,8,8,8,0,0,0,0
wa,53033030308,53033008200,6,6,7,7,0,0,0,0
wa,53033030311,53033026200,6,6,6,7,0,0,0,1
wa,53033030312,53033029203,11,11,11,11,0,0,0,1
wa,53033030313,53033029203,5,7,8,8,0,0,0,0
wa,53033030405,53053062600,0,0,0,0,0,0,0,0
wa,53033030407,53033022803,0,0,0,1,0,0,0,1
wa,53033030501,53061040500,5,6,6,6,0,0,0,0
wa,53033030503,53053073120,7,7,7,8,0,0,0,1
wa,53033030503,53053940004,3,3,3,3,0,0,0,0
wa,53033030600,53033027600,5,6,7,8,0,0,0,0
wa,53033030700,53033010001,7,8,8,9,0,0,0,2
wa,53033030700,53033011001,7,8,8,9,0,0,0,2
wa,53033030801,53033026200,4,5,5,6,0,0,0,3
wa,53033030902,53033004102,7,8,8,9,0,0,0,0
wa,53033031000,53033030501,6,7,7,7,0,0,0,0
wa,53033031202,53033031204,0,0,0,0,0,0,0,0
wa,53033031202,53033031400,1,1,1,1,0,0,0,0
wa,53033031204,53033007303,6,6,6,6,0,0,0,0
wa,53033031206,53033004102,8,9,10,11,0,0,0,0
wa,53033031207,53033008200,6,6,6,6,0,0,0,0
wa,53033031207,53033011200,6,6,6,6,0,0,0,0
wa,53033031301,53033008500,12,13,13,14,0,0,0,2
wa,53033031302,53033031400,0,1,1,1,0,0,0,0
wa,53033031400,53033030313,6,6,6,6,0,0,0,1
wa,53033031400,53033031302,0,1,1,1,0,0,0,0
wa,53033031400,53053061100,10,13,14,13,0,0,0,1
wa,53033031501,53061053301,0,1,2,2,0,0,0,3
wa,53033031605,53033031601,0,0,0,1,0,0,0,1
wa,53033031704,53033008200,6,6,6,6,0,0,0,0
wa,53033031704,53033011602,4,4,4,4,0,0,0,0
wa,53033031705,53033009300,4,4,4,4,0,0,0,0
wa,53033031705,53033021802,0,0,0,0,0,0,0,0
wa,53033031709,53033029701,2,2,2,2,0,0,0,1
wa,53033031904,53033023603,0,0,0,0,0,0,0,0
wa,53033031906,53033023601,0,0,0,0,0,0,0,0
wa,53033031911,53033025806,1,1,1,1,0,0,0,1
wa,53033031912,53033023202,3,3,3,3,0,0,0,0
wa,53033031912,53033028801,3,3,3,3,0,0,0,0
wa,53033031913,53033028802,0,0,0,0,0,0,0,0
wa,53033032003,53077000301,1,1,1,1,1,1,1,1
wa,53033032006,53053061300,2,2,2,2,0,0,0,0
wa,53033032008,53033023806,1,1,1,1,0,0,0,1
wa,53033032011,53009001300,6,6,6,6,0,0,0,1
wa,53033032011,53033021802,2,2,2,2,0,0,0,1
wa,53033032104,53033004102,3,4,4,5,0,0,0,0
wa,53033032207,53033007202,0,0,0,0,0,0,0,0
wa,53033032207,53033009300,0,0,0,0,0,0,0,0
wa,53033032207,53033032313,0,0,0,0,0,0,0,0
wa,53033032211,53033023807,0,0,0,0,0,0,0,0
wa,53033032213,53067012211,9,11,12,13,0,0,0,3
wa,53033032216,53033022701,3,3,3,3,0,0,0,0
wa,53033032217,53033008500,0,0,0,0,0,0,0,0
wa,53033032217,53033022402,4,4,4,4,0,0,0,0
wa,53033032220,53033009200,0,0,0,0,0,0,0,0
wa,53033032220,53063004200,2,2,2,3,1,1,1,2
wa,53033032223,53033004701,1,1,1,1,0,0,0,0
wa,53033032223,53033007202,0,0,0,0,0,0,0,0
wa,53033032225,53033011200,0,0,0,0,0,0,0,0
wa,53033032225,53033032331,3,3,3,3,0,0,0,0
wa,53033032307,53033023202,3,3,3,4,0,0,0,1
wa,53033032311,53033026200,5,5,5,7,0,0,0,1
wa,53033032313,53009002001,6,6,6,6,0,0,0,0
wa,53033032313,53033022701,2,2,2,2,0,0,0,0
wa,53033032315,53033032327,0,0,0,0,0,0,0,0
wa,53033032316,53033022803,2,2,2,3,0,0,0,1
wa,53033032316,53033023807,2,2,2,3,0,0,0,1
wa,53033032316,53033028801,2,2,2,4,0,0,0,2
wa,53033032317,53033032215,0,0,0,0,0,0,0,0
wa,53033032317,53067010100,9,11,12,13,0,0,0,3
wa,53033032318,53033022803,2,2,2,3,0,0,0,1
wa,53033032319,53033022803,2,2,2,2,0,0,0,0
wa,53033032319,53061052204,2,2,2,2,1,1,1,1
wa,53033032320,53033022803,2,2,2,2,0,0,0,0
wa,53033032321,53033032331,1,1,1,1,0,0,0,0
wa,53033032323,53033010900,1,2,2,3,0,0,0,0
wa,53033032323,53033022803,1,1,1,1,0,0,0,0
wa,53033032324,53033022803,1,1,1,1,0,0,0,0
wa,53033032324,53033032313,2,2,2,2,0,0,0,1
wa,53033032326,53033009900,3,4,4,6,0,0,0,0
wa,53033032327,53033023601,2,2,2,3,0,0,0,1
wa,53033032328,53033022803,1,2,2,3,0,0,0,1
wa,53033032330,53033007302,2,3,3,4,0,0,0,1
wa,53033032332,53033023807,1,2,2,3,0,0,0,1
wa,53033032401,53033000700,0,0,0,0,0,0,0,0
wa,53033032402,53033004102,2,3,3,5,0,1,1,3
wa,53033032500,53033008900,2,3,3,5,0,1,1,3
wa,53033032500,53033022803,2,2,2,3,0,0,0,1
wa,53033032603,53033005303,2,3,3,5,0,0,0,0
wa,53033032603,53033022502,4,4,4,4,0,0,0,0
wa,53033032603,53033023403,0,0,0,0,0,0,0,0
wa,53033032703,53033023807,0,0,0,0,0,0,0,0
wa,53033032704,53033030313,0,0,0,0,0,0,0,0
wa,53033032705,53033024800,0,0,0,0,0,0,0,0
wa,53033032705,53053061100,0,0,0,0,0,0,0,0
wa,53035080101,53033004701,0,0,0,0,0,0,0,0
wa,53035080101,53033006600,0,0,0,0,0,0,0,0
wa,53035080102,53035080300,0,0,0,0,0,0,0,0
wa,53035080102,53035080800,0,0,0,0,0,0,0,0
wa,53035080300,53033008102,0,0,0,0,0,0,0,0
wa,53035080400,53033009300,0,0,0,0,0,0,0,0
wa,53035080600,53033029207,3,3,3,5,0,0,0,1
wa,53035080600,53035091302,0,0,0,0,0,0,0,0
wa,53035090101,53035080500,1,1,1,1,0,0,0,0
wa,53035090101,53035090502,0,0,0,0,0,0,0,0
wa,53035090202,53035091201,1,1,1,1,0,0,0,0
wa,53035090202,53053940002,2,2,2,3,0,0,0,1
wa,53035090502,53033023807,2,3,3,3,2,2,2,2
wa,53035090800,53035091001,0,0,0,0,0,0,0,0
wa,53035090902,53033006000,0,0,0,0,0,0,0,0
wa,53035090902,53035090700,0,0,0,0,0,0,0,0
wa,53035091001,53073001000,7,9,11,11,0,0,0,1
wa,53035091100,53033009300,2,2,2,2,2,2,2,2
wa,53035091100,53035080400,0,0,0,0,0,0,0,0
wa,53035091206,53035091201,0,0,0,0,0,0,0,0
wa,53035091301,53033022803,5,5,5,5,2,2,2,3
wa,53035091400,53033022901,1,1,1,2,0,0,0,1
wa,53035091702,53033004901,1,1,1,1,0,0,0,0
wa,53035092000,53033008401,0,0,0,0,0,0,0,0
wa,53035092101,53033008101,0,0,0,0,0,0,0,0
wa,53035092101,53033026200,1,1,1,2,1,1,1,2
wa,53035092102,53035091201,0,0,0,0,0,0,0,0
wa,53035092200,53035092500,0,0,0,0,0,0,0,0
wa,53035092300,53035091800,0,0,0,0,0,0,0,0
wa,53035092500,53061052203,2,3,3,4,0,0,0,1
wa,53035092701,53035092300,0,0,0,0,0,0,0,0
wa,53035092801,53035090400,0,0,0,0,0,0,0,0
wa,53035092802,53035092400,0,0,0,0,0,0,0,0
wa,53035092803,53033008003,0,0,0,0,0,0,0,0
wa,53035092901,53033007202,0,0,0,0,0,0,0,0
wa,53035092902,53033021802,0,0,0,0,0,0,0,0
wa,53035940000,53035091201,1,1,1,1,0,0,0,0
wa,53035940100,53033023807,2,3,3,3,2,2,2,2
wa,53037975102,53037975103,0,0,0,0,0,0,0,0
wa,53037975203,53007960700,0,0,0,0,0,0,0,0
wa,53037975300,53037975600,1,1,1,1,0,0,0,1
wa,53037975300,53037975700,1,1,1,1,0,0,0,0
wa,53037975500,53037975300,0,0,0,0,0,0,0,0
wa,53037975500,53037975600,0,0,0,0,0,0,0,0
wa,53037975600,53061042005,1,2,2,2,0,0,0,1
wa,53039950200,53005011402,1,1,1,1,0,0,0,0
wa,53039950200,53039950301,0,0,0,0,0,0,0,0
wa,53039950302,53041970400,1,1,1,1,0,0,0,0
wa,53041970100,53045960401,4,5,5,6,0,0,0,0
wa,53041970300,53053071307,3,4,4,5,0,0,0,1
wa,53041970500,53041970200,1,1,1,1,0,0,0,1
wa,53041971000,53041970800,2,2,2,2,0,0,0,0
wa,53041971400,53041970800,3,3,3,4,0,0,0,0
wa,53041971502,53033005303,0,0,0,2,0,0,0,2
wa,53041971700,53015001601,0,0,0,0,0,0,0,0
wa,53041971700,53015980000,2,2,1,1,0,0,0,0
wa,53043960400,53063001100,3,3,3,4,0,0,0,1
wa,53045960201,53033004000,0,0,0,0,0,0,0,0
wa,53045960202,53045961200,0,0,0,0,0,0,0,0
wa,53045960401,53011040408,1,1,1,1,0,0,0,0
wa,53045960401,53033007303,0,0,0,0,0,0,0,0
wa,53045960500,53053061400,1,1,1,2,0,0,0,1
wa,53045960800,53045960700,2,2,2,2,0,0,0,0
wa,53045961000,53033007303,1,1,1,1,0,0,0,0
wa,53045961000,53067011200,0,0,0,0,0,0,0,0
wa,53045961200,53045960500,0,0,0,0,0,0,0,0
wa,53047940200,53047970601,2,2,2,2,0,0,0,0
wa,53047970303,53047970601,0,0,0,0,0,0,0,0
wa,53049950200,53049950302,0,0,0,0,0,0,0,0
wa,53049950501,53049950801,0,0,0,0,0,0,0,0
wa,53051970500,53021020101,11,11,11,11,0,0,0,3
wa,53051970500,53065950700,0,0,0,0,0,0,0,0
wa,53053060400,53033008500,0,0,0,0,0,0,0,0
wa,53053060600,53053072802,0,0,1,1,0,0,0,3
wa,53053060700,53035081100,0,1,1,1,0,0,0,1
wa,53053060700,53053073501,0,0,0,0,0,0,0,0
wa,53053060903,53033027200,0,0,0,0,0,0,0,0
wa,53053060904,53053940002,0,0,0,0,0,0,0,0
wa,53053060907,53053072107,1,1,1,1,0,0,0,1
wa,53053061001,53033029001,1,1,1,1,0,0,0,1
wa,53053061100,53033030407,1,1,1,1,0,0,0,0
wa,53053061200,53053940002,0,0,0,0,0,0,0,0
wa,53053061300,53033007202,0,0,0,0,0,0,0,0
wa,53053061300,53033029805,0,0,0,0,0,0,0,0
wa,53053061501,53071920802,3,3,3,3,1,1,1,1
wa,53053061502,53033023701,0,0,0,1,0,0,0,1
wa,53053061602,53033030314,0,0,0,0,0,0,0,0
wa,53053061800,53077001400,12,14,16,15,0,0,0,2
wa,53053062300,53033008500,0,0,0,0,0,0,0,0
wa,53053062300,53053061501,0,0,0,0,0,0,0,0
wa,53053062400,53053060300,3,3,3,3,0,0,0,0
wa,53053062501,53053063200,0,0,0,0,0,0,0,0
wa,53053062502,53033022003,0,0,0,1,0,0,0,1
wa,53053062502,53053061602,0,0,0,0,0,0,0,0
wa,53053062502,53053072109,1,1,1,1,0,0,0,1
wa,53053062801,53053940002,0,0,0,0,0,0,0,0
wa,53053062802,53067010100,4,4,4,4,0,0,0,1
wa,53053062901,53053061602,0,0,0,0,0,0,0,0
wa,53053062901,53053940010,0,0,0,0,0,0,0,0
wa,53053063100,53053071309,0,0,0,0,0,0,0,0
wa,53053063200,53053072802,0,0,1,1,0,0,0,1
wa,53053063302,53033029206,0,0,0,0,0,0,0,0
wa,53053063502,53033031101,3,3,3,3,0,0,0,1
wa,53053070207,53033030304,9,11,12,11,0,0,0,0
wa,53053070209,53033030801,5,7,8,7,0,0,0,0
wa,53053070308,53053071901,6,6,6,6,0,0,0,0
wa,53053070308,53053073404,4,4,4,4,0,0,0,2
wa,53053070311,53053070207,0,0,0,0,0,0,0,0
wa,53053070311,53053940002,4,5,6,5,0,0,0,1
wa,53053070312,53011040510,2,2,2,2,0,0,0,0
wa,53053070312,53033007600,9,10,10,11,0,0,0,0
wa,53053070315,53005010809,7,8,8,8,0,0,0,0
wa,53053070315,53033029507,8,9,9,9,0,0,0,1
wa,53053070315,53053071207,4,4,4,4,0,0,0,1
wa,53053070703,53033030314,7,8,9,9,0,0,0,0
wa,53053070703,53061041906,7,8,8,8,2,2,2,2
wa,53053071205,53053061400,1,1,1,1,0,0,0,0
wa,53053071205,53053073404,1,1,1,1,0,0,0,0
wa,53053071205,53053940010,2,2,2,3,0,0,0,1
wa,53053071205,53063012200,6,6,6,7,1,1,1,2
wa,53053071206,53053071805,1,1,1,1,0,0,0,0
wa,53053071207,53033008102,2,3,3,3,0,0,0,0
wa,53053071207,53053073111,1,1,1,1,0,0,0,0
wa,53053071212,53033029507,7,6,6,8,0,0,0,1
wa,53053071212,53033030313,5,6,6,6,0,0,0,0
wa,53053071212,53033032010,4,4,4,4,0,0,0,1
wa,53053071305,53033009801,0,0,0,0,0,0,0,0
wa,53053071306,53053070703,0,0,0,0,0,0,0,0
wa,53053071309,53017950600,7,9,9,8,0,0,0,1
wa,53053071309,53053071806,0,0,0,0,0,0,0,0
wa,53053071403,53033030801,2,2,2,2,0,0,0,1
wa,53053071408,53053072802,1,1,1,1,0,0,0,0
wa,53053071412,53061041303,12,13,13,14,0,0,0,0
wa,53053071505,53053061002,0,0,0,0,0,0,0,0
wa,53053071505,53077001300,18,24,26,25,0,0,0,1
wa,53053071601,53033008004,0,0,0,0,0,0,0,0
wa,53053071603,53053063301,0,0,0,0,0,0,0,0
wa,53053071604,53033009300,0,0,0,0,0,0,0,0
wa,53053071703,53033026200,1,1,2,3,0,0,0,1
wa,53053071703,53053073407,0,0,0,0,0,0,0,0
wa,53053071706,53033007303,0,0,1,1,0,0,0,1
wa,53053071707,53053072105,4,4,5,5,0,0,0,2
wa,53053071806,53033003000,1,1,1,2,0,0,0,1
wa,53053071901,53053062600,6,6,6,6,0,0,0,1
wa,53053071902,53053072000,0,0,0,0,0,0,0,0
wa,53053072105,53053071417,4,4,5,5,0,0,0,1
wa,53053072106,53061041906,7,7,7,7,2,2,2,3
wa,53053072107,53033009300,2,2,2,2,0,0,0,1
wa,53053072109,53067010910,0,0,0,0,0,0,0,0
wa,53053072112,53033008500,6,6,6,6,0,0,0,1
wa,53053072305,53053072408,0,1,1,1,0,0,0,0
wa,53053072307,53053071803,1,1,1,1,0,0,0,1
wa,53053072309,53033008002,0,0,0,0,0,0,0,0
wa,53053072309,53053072310,0,0,0,0,0,0,0,0
wa,53053072310,53053070703,0,0,0,0,0,0,0,0
wa,53053072312,53053072504,0,1,1,1,0,0,0,1
wa,53053072312,53053073301,3,3,3,3,0,0,0,0
wa,53053072313,53053061900,0,0,0,0,0,0,0,0
wa,53053072315,53053071601,8,8,8,8,0,0,0,1
wa,53053072405,53033010502,0,0,0,0,0,0,0,0
wa,53053072405,53053072315,1,1,1,2,1,1,1,1
wa,53053072406,53033029203,3,4,4,6,1,1,1,1
wa,53053072407,53033021904,1,1,1,2,1,1,1,2
wa,53053072408,53053072507,0,0,0,0,0,0,0,0
wa,53053072409,53033029206,1,1,1,2,1,1,1,1
wa,53053072503,53053071207,4,4,4,5,1,1,1,1
wa,53053072504,53033030314,7,8,9,10,1,1,1,1
wa,53053072506,53053061400,1,1,1,2,1,1,1,1
wa,53053072601,53053072408,0,0,0,0,0,0,0,0
wa,53053072602,53033004701,1,1,1,1,0,0,0,0
wa,53053072602,53033007002,0,0,0,0,0,0,0,0
wa,53053072602,53033009300,0,0,0,0,0,0,0,0
wa,53053072802,53053071704,0,0,0,0,0,0,0,0
wa,53053073005,53033006702,3,4,4,4,0,0,0,0
wa,53053073005,53033032220,3,3,3,3,0,0,0,0
wa,53053073005,53053071210,1,1,1,1,0,0,0,0
wa,53053073005,53053073407,3,3,3,3,0,0,0,0
wa,53053073111,53053073407,3,3,3,3,0,0,0,0
wa,53053073115,53033029805,2,2,2,2,0,0,0,0
wa,53053073118,53053061501,3,3,3,3,0,0,0,0
wa,53053073124,53053071807,1,1,1,1,0,0,0,0
wa,53053073127,53053940002,0,0,0,0,0,0,0,0
wa,53053073128,53011040303,3,4,4,4,0,0,0,0
wa,53053073128,53033008102,3,4,4,4,0,0,0,0
wa,53053073129,53041971900,2,2,2,2,0,0,0,0
wa,53053073129,53053060907,3,3,3,3,0,0,0,0
wa,53053073133,53053071304,0,0,0,0,0,0,0,0
wa,53053073200,53011041325,3,4,4,4,0,0,0,0
wa,53053073200,53033027200,14,15,15,16,0,0,0,0
wa,53053073301,53053073111,5,5,5,5,0,0,0,0
wa,53053073302,53053070207,9,10,12,11,0,0,0,0
wa,53053073302,53067012226,0,0,0,0,0,0,0,0
wa,53053073404,53033030309,4,5,5,5,0,0,0,0
wa,53053073404,53053070207,9,10,12,11,0,0,0,2
wa,53053073407,53053061602,0,0,0,0,0,0,0,0
wa,53053073408,53033030801,3,3,3,3,0,0,0,0
wa,53053073501,53053073407,1,1,1,1,0,0,0,0
wa,53053940002,53033028402,2,2,2,3,0,0,0,1
wa,53053940004,53053063401,0,0,0,0,0,0,0,0
wa,53053940008,53061052603,11,11,11,12,0,0,0,1
wa,53053940009,53067011500,0,0,1,1,0,0,0,3
wa,53053940010,53053061400,0,0,0,0,0,0,0,0
wa,53053940010,53053940002,0,0,0,0,0,0,0,0
wa,53053940011,53033030314,4,4,4,4,0,0,0,0
wa,53053940012,53053073121,5,5,5,6,0,0,0,1
wa,53053940013,53033030204,1,3,4,4,0,0,0,1
wa,53055960400,53073010405,1,1,1,1,0,0,0,0
wa,53057940401,53061052604,6,6,7,8,0,0,0,2
wa,53057940403,53033021903,1,1,2,5,0,0,0,4
wa,53057940403,53057952405,1,1,1,1,0,0,0,0
wa,53057940500,53057940600,0,0,0,0,0,0,0,0
wa,53057940700,53061041606,2,2,3,6,0,0,0,4
wa,53057950801,53057951600,0,0,0,0,0,0,0,0
wa,53057950900,53057951600,2,2,2,2,0,0,0,0
wa,53057950900,53057951800,1,1,1,1,0,0,0,0
wa,53057951501,53055960400,0,0,0,0,0,0,0,0
wa,53057951502,53057951000,0,0,0,0,0,0,0,0
wa,53057951600,53057951502,1,1,1,1,0,0,0,0
wa,53057951700,53057951900,0,0,0,0,0,0,0,0
wa,53057951800,53033024001,0,0,1,4,0,0,0,4
wa,53057951800,53057952401,0,0,0,0,0,0,0,0
wa,53057952200,53033005801,0,1,2,5,0,0,0,4
wa,53057952301,53061052803,3,3,3,4,0,0,0,2
wa,53057952304,53057952500,0,0,0,0,0,0,0,0
wa,53057952401,53033009300,3,3,4,7,0,0,0,5
wa,53057952403,53073001204,0,0,0,0,0,0,0,0
wa,53057952700,53061052803,3,3,3,4,0,0,0,2
wa,53059950200,53011040706,0,0,0,0,0,0,0,0
wa,53059950300,53015001100,0,0,0,0,0,0,0,0
wa,53061040100,53033007101,7,7,7,7,0,0,0,1
wa,53061040200,53033008102,1,1,2,2,0,0,0,1
wa,53061040400,53033020900,5,6,6,6,0,1,1,1
wa,53061040400,53061040700,3,4,4,4,0,1,1,1
wa,53061040400,53061050402,16,17,17,17,0,1,1,1
wa,53061040700,53033021903,1,1,1,1,0,0,0,1
wa,53061041000,53033004102,4,4,4,4,0,0,0,0
wa,53061041000,53061041400,0,0,0,0,0,0,0,0
wa,53061041100,53061041904,10,10,10,10,0,0,0,1
wa,53061041201,53061051936,4,5,5,5,0,0,0,1
wa,53061041202,53033021802,2,3,3,3,0,0,0,0
wa,53061041303,53033025303,5,6,6,6,0,0,0,1
wa,53061041303,53061041805,3,3,3,4,0,0,0,0
wa,53061041304,53033027701,2,2,2,2,0,0,0,1
wa,53061041304,53061041906,4,4,4,4,2,2,2,2
wa,53061041400,53033023805,0,1,1,1,0,1,1,1
wa,53061041400,53061051701,8,8,8,8,0,0,0,3
wa,53061041500,53061940001,1,1,1,1,0,0,0,0
wa,53061041601,53061040900,0,0,0,0,0,0,0,0
wa,53061041605,53033007301,2,2,2,2,0,0,0,2
wa,53061041605,53061041906,8,8,8,8,2,2,2,5
wa,53061041606,53033001202,0,0,0,0,0,0,0,0
wa,53061041606,53033008500,1,1,1,1,0,0,0,1
wa,53061041606,53033021702,2,2,2,2,0,0,0,3
wa,53061041606,53061041901,1,1,1,1,0,0,0,0
wa,53061041610,53061052504,0,0,0,0,0,0,0,0
wa,53061041610,53061053700,4,5,5,5,3,3,3,3
wa,53061041701,53061051702,1,1,1,1,0,0,0,0
wa,53061041703,53033007303,2,3,3,3,0,0,0,1
wa,53061041703,53053940009,3,5,5,5,0,0,0,1
wa,53061041704,53033023807,1,1,1,1,0,0,0,0
wa,53061041704,53033024800,1,1,1,1,0,0,0,0
wa,53061041704,53061050502,1,1,2,2,0,0,0,0
wa,53061041805,53061051930,5,5,5,5,0,0,0,1
wa,53061041809,53061052203,4,5,5,5,0,0,0,0
wa,53061041810,53057952100,1,2,3,3,0,0,0,1
wa,53061041812,53053062600,1,1,1,1,0,0,0,1
wa,53061041812,53061051402,1,1,1,1,0,0,0,0
wa,53061041815,53029972000,2,3,3,3,0,0,0,1
wa,53061041815,53033021600,2,2,2,2,0,0,0,0
wa,53061041816,53033010001,1,1,1,1,0,0,0,1
wa,53061041904,53033021802,1,2,2,2,0,0,0,1
wa,53061041905,53061040700,10,10,10,10,0,0,0,2
wa,53061041905,53061041901,1,1,1,1,0,0,0,0
wa,53061042004,53033008401,2,2,2,2,0,0,0,1
wa,53061042004,53033032103,0,0,0,0,0,0,0,0
wa,53061042005,53061041906,4,4,4,4,2,2,2,2
wa,53061042006,53033021903,0,1,1,1,0,0,0,0
wa,53061050101,53033020900,9,8,8,8,0,0,0,0
wa,53061050102,53011040412,2,2,3,3,0,0,0,4
wa,53061050300,53033005303,1,1,1,1,0,0,0,0
wa,53061050402,53061050404,0,0,0,0,0,0,0,0
wa,53061050501,53033023300,2,2,3,4,0,0,0,1
wa,53061050501,53061041605,7,7,7,7,0,0,0,0
wa,53061050502,53033004102,1,1,1,1,0,0,0,0
wa,53061050502,53033007102,2,2,2,2,0,0,0,0
wa,53061050502,53033022703,1,1,1,1,0,0,0,0
wa,53061050600,53061051921,1,1,2,2,0,0,0,0
wa,53061051000,53033023807,0,1,2,2,0,0,0,0
wa,53061051000,53061042006,3,4,4,4,0,0,0,0
wa,53061051100,53033004102,0,0,0,0,0,0,0,0
wa,53061051100,53033008102,1,1,1,1,0,0,0,1
wa,53061051301,53033000602,0,0,0,0,0,0,0,0
wa,53061051301,53061051701,1,1,1,1,0,0,0,0
wa,53061051402,53033000402,6,5,5,5,0,0,0,0
wa,53061051601,53033023901,1,1,1,1,0,0,0,0
wa,53061051701,53063003500,4,4,4,5,1,1,1,2
wa,53061051702,53033008102,1,1,1,1,0,0,0,1
wa,53061051702,53033024601,1,1,1,1,0,0,0,0
wa,53061051802,53033009100,1,1,1,1,0,0,0,1
wa,53061051803,53033004401,2,2,3,3,0,0,0,0
wa,53061051803,53033032319,0,0,0,0,0,0,0,0
wa,53061051804,53033032331,1,1,1,1,0,0,0,0
wa,53061051804,53061051000,0,0,0,0,0,0,0,0
wa,53061051914,53033021802,0,0,0,0,0,0,0,0
wa,53061051914,53057951800,0,0,1,1,0,0,0,1
wa,53061051917,53033008102,1,1,1,1,0,0,0,1
wa,53061051918,53033021802,0,0,0,0,0,0,0,0
wa,53061051918,53033023701,0,0,0,0,0,0,0,0
wa,53061051927,53033008102,4,4,4,4,0,0,0,1
wa,53061051927,53033022701,0,0,0,0,0,0,0,0
wa,53061051927,53033032319,0,0,0,0,0,0,0,0
wa,53061051927,53061041906,6,8,8,8,2,2,2,5
wa,53061051928,53033022605,1,1,1,1,0,0,0,0
wa,53061051929,53033007303,1,1,1,1,0,0,0,1
wa,53061051930,53053073128,10,11,11,11,0,0,0,1
wa,53061051931,53061040800,4,5,5,5,0,0,0,0
wa,53061051932,53061041701,0,0,0,0,0,0,0,0
wa,53061051934,53061041906,7,8,8,8,2,2,2,6
wa,53061052004,53033032219,0,0,0,0,0,0,0,0
wa,53061052006,53033022803,1,1,1,1,0,0,0,0
wa,53061052009,53053060200,6,8,8,10,0,0,0,1
wa,53061052010,53033008102,5,6,6,6,0,0,0,1
wa,53061052010,53033032319,0,0,0,0,0,0,0,0
wa,53061052104,53033000602,5,5,5,5,0,0,0,0
wa,53061052108,53009002100,6,7,7,7,0,0,0,0
wa,53061052108,53033022606,0,0,0,0,0,0,0,0
wa,53061052112,53033008200,0,1,1,2,0,0,0,0
wa,53061052113,53061051938,0,0,0,0,0,0,0,0
wa,53061052114,53033032330,1,1,1,1,0,0,0,0
wa,53061052121,53033005303,2,3,3,3,0,0,0,1
wa,53061052203,53033008102,1,2,3,5,0,0,0,0
wa,53061052203,53061052505,0,0,0,0,0,0,0,0
wa,53061052206,53061052204,6,6,6,6,1,1,1,1
wa,53061052207,53033004102,4,4,5,6,0,0,0,0
wa,53061052207,53033008200,4,5,6,8,0,0,0,0
wa,53061052207,53061052108,4,4,5,6,0,0,0,0
wa,53061052208,53033032331,4,4,5,5,0,0,0,1
wa,53061052210,53033023807,1,1,2,2,0,0,0,1
wa,53061052302,53061052605,0,0,0,0,0,0,0,0
wa,53061052401,53061041701,0,0,0,0,0,0,0,0
wa,53061052502,53033032331,1,1,1,1,0,0,0,0
wa,53061052504,53033007303,2,2,2,2,0,0,0,1
wa,53061052506,53033005804,2,2,2,2,0,0,0,0
wa,53061052506,53061050402,1,1,2,2,0,0,0,0
wa,53061052506,53061052204,1,1,1,1,1,1,1,1
wa,53061052604,53033023601,0,0,0,0,0,0,0,0
wa,53061052605,53033023702,0,0,0,0,0,0,0,0
wa,53061052605,53033028402,0,1,1,2,0,0,0,1
wa,53061052607,53053060300,9,11,11,13,0,0,0,1
wa,53061052701,53061052803,0,0,0,0,0,0,0,0
wa,53061052706,53061041000,2,2,2,2,0,0,0,0
wa,53061052706,53061052505,1,1,1,1,0,0,0,0
wa,53061052707,53033011200,1,1,1,1,0,0,0,1
wa,53061052707,53033021903,0,0,0,0,0,0,0,0
wa,53061052709,53061052104,4,4,4,4,1,1,1,1
wa,53061052710,53057952500,2,2,3,3,0,0,0,0
wa,53061052711,53053070309,11,13,15,16,0,0,0,1
wa,53061052805,53033026200,5,5,5,7,1,1,1,4
wa,53061052807,53061052710,4,4,4,4,0,0,0,0
wa,53061052808,53061053301,4,5,6,6,0,0,0,2
wa,53061052810,53033032331,5,5,5,5,0,0,0,0
wa,53061052905,53061052706,4,4,4,4,0,0,0,0
wa,53061052906,53061940001,2,2,2,2,1,1,1,1
wa,53061053201,53061940001,1,2,3,4,0,0,0,0
wa,53061053202,53029970401,2,2,2,2,0,0,0,0
wa,53061053202,53033028402,7,7,7,9,0,0,0,3
wa,53061053301,53033028300,1,2,3,6,0,0,0,7
wa,53061053301,53061042006,1,2,3,6,0,0,0,6
wa,53061053302,53033025303,2,2,3,6,0,0,0,5
wa,53061053505,53061041906,14,14,14,14,2,2,2,5
wa,53061053507,53033005100,1,1,2,4,0,1,1,1
wa,53061053508,53061053301,2,3,3,3,2,2,2,4
wa,53061053509,53029971700,6,6,6,6,2,2,2,4
wa,53061053511,53061052711,1,2,2,2,0,0,0,0
wa,53061053604,53033028902,2,2,2,3,0,0,0,2
wa,53061053700,53049950200,12,15,16,18,0,0,0,6
wa,53061053802,53033022701,4,4,5,6,0,0,0,1
wa,53061053802,53061052108,4,4,5,6,0,0,0,1
wa,53063000202,53063003500,0,0,0,0,0,0,0,0
wa,53063000202,53065950300,3,3,3,3,0,0,0,0
wa,53063000400,53063011701,1,2,2,2,0,0,0,0
wa,53063000500,53063003500,0,0,0,0,0,0,0,0
wa,53063000600,53063012200,0,1,1,1,0,0,0,0
wa,53063000700,53063002000,0,0,0,0,0,0,0,0
wa,53063000700,53063010800,2,2,3,3,0,0,0,2
wa,53063000700,53063011702,1,2,2,2,0,0,0,0
wa,53063000900,53063011203,2,2,2,2,0,0,0,1
wa,53063001100,53063012901,1,1,1,1,0,0,0,0
wa,53063001300,53063010601,0,0,0,0,0,0,0,0
wa,53063001300,53063011400,1,2,2,2,0,0,0,0
wa,53063001400,53033005303,1,2,3,5,0,0,0,2
wa,53063001400,53063001800,0,0,0,0,0,0,0,0
wa,53063001500,53063003500,0,0,0,0,0,0,0,0
wa,53063001600,53033007201,1,1,2,3,0,0,0,2
wa,53063001800,53063001600,0,0,0,0,0,0,0,0
wa,53063001800,53063002400,0,0,0,0,0,0,0,0
wa,53063002300,53063002400,0,0,0,0,0,0,0,0
wa,53063002300,53063010203,3,3,3,3,0,0,0,2
wa,53063002900,53063001800,1,1,1,1,0,0,0,0
wa,53063003000,53063014500,0,0,0,0,0,0,0,0
wa,53063003601,53063014002,2,2,2,2,0,0,0,0
wa,53063003900,53063002400,0,0,0,0,0,0,0,0
wa,53063003900,53063004800,0,0,0,0,0,0,0,0
wa,53063004400,53063013700,0,0,0,0,0,0,0,0
wa,53063004500,53033004402,1,2,3,5,0,0,0,2
wa,53063004602,53053071704,1,1,3,4,0,0,0,3
wa,53063004900,53063003200,0,0,0,0,0,0,0,0
wa,53063005000,53033026200,6,6,7,8,1,1,1,5
wa,53063005000,53061041815,1,1,2,3,1,1,1,2
wa,53063010101,53063011203,2,3,3,3,0,0,0,1
wa,53063010102,53063000900,3,3,3,3,0,0,0,1
wa,53063010201,53063014500,0,1,1,1,0,0,0,0
wa,53063010203,53063012500,5,6,6,6,0,0,0,0
wa,53063010204,53063011202,0,0,0,0,0,0,0,0
wa,53063010304,53063004601,1,2,2,2,0,0,0,0
wa,53063010304,53063004702,1,2,2,2,0,0,0,0
wa,53063010304,53063010301,0,0,0,0,0,0,0,0
wa,53063010305,53063011203,1,1,1,1,0,0,0,0
wa,53063010401,53063011102,1,2,2,3,0,0,0,0
wa,53063010401,53073010302,17,17,18,17,0,0,0,2
wa,53063010403,53063013700,0,0,0,0,0,0,0,0
wa,53063010505,53063013700,3,3,3,3,0,0,0,1
wa,53063010506,53005011300,13,13,13,13,0,0,0,2
wa,53063011000,53063001200,1,1,1,1,0,0,0,0
wa,53063011203,53063014400,1,1,1,1,0,0,0,0
wa,53063011203,53063014500,1,2,2,2,0,0,0,0
wa,53063011204,53063013203,4,6,8,8,0,0,0,1
wa,53063011302,53063014500,0,1,1,1,0,0,0,0
wa,53063011500,53063000400,0,0,1,1,0,0,0,0
wa,53063011600,53063014400,4,4,4,3,0,0,0,0
wa,53063011702,53033022101,2,2,3,4,0,0,0,2
wa,53063011702,53063010800,4,5,5,5,0,0,0,0
wa,53063011800,53063010401,0,0,0,0,0,0,0,0
wa,53063011900,53063000400,1,1,1,1,0,0,0,0
wa,53063011900,53063003200,0,0,0,0,0,0,0,0
wa,53063012000,53063014500,0,0,0,0,0,0,0,0
wa,53063012100,53033028403,6,8,10,11,0,0,0,4
wa,53063012300,53063002400,0,0,0,0,0,0,0,0
wa,53063012300,53063010505,1,1,1,1,0,0,0,1
wa,53063012701,53063011702,1,1,1,1,0,0,0,0
wa,53063012802,53063012200,0,0,0,0,0,0,0,0
wa,53063012802,53063013700,0,0,0,0,0,0,0,0
wa,53063012802,53067010100,1,1,3,4,0,0,0,5
wa,53063012901,53063011800,0,0,0,0,0,0,0,0
wa,53063013101,53063011800,1,1,1,1,0,0,0,0
wa,53063013203,53005010100,6,7,9,8,0,0,0,2
wa,53063013502,53063014500,2,2,2,2,0,0,0,0
wa,53063013503,53033001701,1,2,2,4,1,1,1,2
wa,53063013503,53063003500,0,0,0,0,0,0,0,0
wa,53063013503,53063013102,0,0,0,0,0,0,0,0
wa,53063014002,53063012401,1,1,1,2,0,0,0,1
wa,53063014100,53063000900,2,2,2,3,0,0,0,1
wa,53063014200,53033008200,0,1,1,2,0,0,0,1
wa,53063014200,53063002400,2,2,2,4,0,0,0,1
wa,53063014300,53063001800,0,0,0,0,0,0,0,0
wa,53063014400,53063011204,0,0,0,0,0,0,0,0
wa,53063014500,53063010901,0,0,1,2,0,0,0,0
wa,53065950101,53005010815,5,5,5,4,0,0,0,0
wa,53065950101,53053940002,3,3,3,4,0,0,0,1
wa,53065950200,53065950300,0,0,0,0,0,0,0,0
wa,53065950800,53021020403,3,3,3,3,0,0,0,0
wa,53065951100,53063010401,1,1,1,1,0,0,0,0
wa,53065951100,53065950700,0,0,0,0,0,0,0,0
wa,53065951301,53063012200,1,2,2,2,0,0,0,0
wa,53067010200,53041971000,0,0,0,0,0,0,0,0
wa,53067010200,53067010100,0,0,0,0,0,0,0,0
wa,53067010300,53033022005,1,1,1,3,0,0,0,3
wa,53067010600,53067011200,3,2,2,2,0,0,0,0
wa,53067010700,53053071902,0,0,0,0,0,0,0,0
wa,53067010802,53067012412,2,2,2,2,0,0,0,0
wa,53067010910,53063012000,2,2,2,4,1,1,1,3
wa,53067010910,53067010100,0,0,0,0,0,0,0,0
wa,53067010920,53067010520,1,1,1,1,0,0,0,1
wa,53067011000,53067011200,0,0,0,0,0,0,0,0
wa,53067011100,53061051802,5,4,4,5,0,0,0,1
wa,53067011300,53053061601,0,0,0,1,0,0,0,1
wa,53067011300,53067012412,2,2,2,2,0,0,0,0
wa,53067011410,53067012331,0,0,0,0,0,0,0,0
wa,53067011421,53063003500,2,2,2,4,1,1,1,3
wa,53067011421,53067012530,0,0,0,0,0,0,0,0
wa,53067011422,53057951502,1,1,2,3,1,1,1,3
wa,53067011422,53067011200,1,1,1,1,1,1,1,1
wa,53067011627,53067011821,0,0,0,0,0,0,0,0
wa,53067011721,53053061300,0,0,0,1,0,0,0,1
wa,53067011721,53067010520,0,0,0,0,0,0,0,0
wa,53067011810,53067010100,0,1,1,1,0,0,0,1
wa,53067011821,53033007303,0,0,0,1,0,0,0,1
wa,53067011821,53053071307,0,0,0,0,0,0,0,0
wa,53067012001,53067011500,0,0,0,0,0,0,0,0
wa,53067012001,53067012226,0,0,0,0,0,0,0,0
wa,53067012211,53037975700,1,1,1,2,1,1,1,2
wa,53067012225,53027940000,1,1,1,1,0,0,0,1
wa,53067012225,53067010100,0,0,0,0,0,0,0,0
wa,53067012226,53033008500,0,0,0,1,0,0,0,1
wa,53067012320,53005010600,4,4,4,4,0,0,0,0
wa,53067012331,53033025303,2,3,3,4,0,0,0,2
wa,53067012332,53033028300,0,0,0,1,0,0,0,1
wa,53067012332,53067011200,0,0,0,0,0,0,0,0
wa,53067012422,53053073200,2,2,2,2,0,0,0,0
wa,53067012510,53033027200,0,0,0,0,0,0,0,0
wa,53067012532,53053073200,0,0,0,0,0,0,0,0
wa,53067012620,53067010510,3,3,3,3,0,0,0,1
wa,53067012720,53041970800,3,3,3,3,0,0,0,1
wa,53067012720,53067010300,3,4,4,5,0,0,0,1
wa,53067012720,53067010910,3,4,4,5,0,0,0,1
wa,53067012730,53067012620,0,0,0,0,0,0,0,0
wa,53071920000,53021020801,0,0,0,0,0,0,0,0
wa,53071920000,53067010100,4,4,4,5,0,0,0,1
wa,53071920100,53071920702,0,0,0,0,0,0,0,0
wa,53071920701,53071920802,0,0,0,0,0,0,0,0
wa,53071920701,53073000700,2,2,3,4,0,0,0,2
wa,53071920702,53063012000,0,0,0,0,0,0,0,0
wa,53071920702,53071920600,1,1,1,1,0,0,0,0
wa,53071920901,53071920801,0,0,0,0,0,0,0,0
wa,53073000101,53033009200,1,1,2,5,0,0,0,5
wa,53073000301,53073000401,0,0,0,0,0,0,0,0
wa,53073000302,53057951800,0,0,0,0,0,0,0,0
wa,53073000401,53073010702,0,0,0,0,0,0,0,0
wa,53073000501,53061041701,0,0,1,4,0,0,0,4
wa,53073000502,53057951501,1,1,1,1,0,0,0,0
wa,53073000700,53073000203,0,0,0,0,0,0,0,0
wa,53073000809,53073001204,0,0,0,0,0,0,0,0
wa,53073000903,53073000102,0,0,0,0,0,0,0,0
wa,53073000903,53073000502,0,0,0,0,0,0,0,0
wa,53073001000,53073010202,0,0,0,0,0,0,0,0
wa,53073001202,53073940001,1,1,1,1,1,1,1,1
wa,53073001203,53067011200,1,1,3,6,0,0,0,8
wa,53073010102,53073000102,0,0,0,0,0,0,0,0
wa,53073010301,53057951501,1,1,1,1,0,0,0,0
wa,53073010408,53033029902,5,7,9,13,0,0,0,5
wa,53073010408,53057952500,0,0,0,0,0,0,0,0
wa,53073010409,53073010407,0,0,0,0,0,0,0,0
wa,53073010411,53073000401,0,0,0,0,0,0,0,0
wa,53073010503,53057940600,0,0,0,0,0,0,0,0
wa,53073010503,53073010504,0,0,0,0,0,0,0,0
wa,53073010504,53073000102,0,0,0,0,0,0,0,0
wa,53073010702,53073000401,0,0,0,0,0,0,0,0
wa,53075000300,53075000201,0,0,0,0,0,0,0,0
wa,53075000601,53075000400,0,0,0,0,0,0,0,0
wa,53077000302,53005011701,8,9,9,10,0,0,0,0
wa,53077000401,53077003200,1,2,2,2,0,0,0,0
wa,53077000402,53075000400,15,15,15,15,0,0,0,0
wa,53077000600,53077000100,0,0,0,0,0,0,0,0
wa,53077000800,53077000100,0,0,0,0,0,0,0,0
wa,53077000903,53077001300,5,6,6,6,0,0,0,1
wa,53077000904,53077002801,2,2,2,2,0,0,0,0
wa,53077000904,53077003200,7,7,7,7,0,0,0,0
wa,53077001000,53005010810,6,7,7,8,0,0,0,2
wa,53077001000,53077001100,1,1,1,1,0,0,0,0
wa,53077001300,53077003200,9,8,8,8,0,0,0,0
wa,53077001602,53033032002,2,2,2,3,0,0,0,1
wa,53077001602,53077001902,4,5,5,5,0,0,0,0
wa,53077001701,53077000100,4,3,3,3,0,0,0,0
wa,53077001702,53077000800,6,7,7,7,0,0,0,0
wa,53077001801,53005011802,0,0,0,0,0,0,0,0
wa,53077001801,53025011405,0,0,0,0,0,0,0,0
wa,53077001802,53005011702,3,3,4,4,0,0,0,0
wa,53077002006,53005010818,1,1,2,2,0,0,0,1
wa,53077002101,53077000500,8,9,9,10,0,0,0,0
wa,53077002701,53005011702,0,0,0,1,0,0,0,1
wa,53077002803,53077000301,4,4,4,4,0,0,0,2
wa,53077002804,53077000700,6,7,7,7,0,0,0,2
wa,53077002900,53077000100,16,16,16,16,0,0,0,0
wa,53077002900,53077000200,7,9,9,9,0,0,0,0
wa,53077003002,53017950500,4,4,5,6,0,0,0,2
wa,53077003200,53077000100,4,3,3,3,0,0,0,0
wa,53077003200,53077001702,0,0,0,0,0,0,0,0
wa,53077940006,53077940005,1,1,1,1,0,0,0,0
wa,53077940007,53077000100,6,7,7,8,0,0,0,0
wa,53077940008,53077940002,4,4,4,4,0,0,0,1
